publication,doi,region,site_name,sample_id,sample_year,plant_name,genus,species,growth_form,habitat,lat,lon,elevation,cat,n_samples,conc_ugg_plant,c20_fconc,c21_fconc,c22_fconc,c23_fconc,c24_fconc,c25_fconc,c26_fconc,c27_fconc,c28_fconc,c29_fconc,c30_fconc,c31_fconc,c32_fconc,c20_fd2h,c20_fd2h_unc,c22_fd2h,c22_fd2h_unc,c24_fd2h,c24_fd2h_unc,c26_fd2h,c26_fd2h_unc,c28_fd2h,c28_fd2h_unc,c30_fd2h,c30_fd2h_unc,c32_fd2h,c32_fd2h_unc,c20_fd13c,c20_fd13c_unc,c22_fd13c,c22_fd13c_unc,c24_fd13c,c24_fd13c_unc,c26_fd13c,c26_fd13c_unc,c28_fd13c,c28_fd13c_unc,c30_fd13c,c30_fd13c_unc,c32_fd13c,c32_fd13c_unc,c21_aconc,c22_aconc,c23_aconc,c24_aconc,c25_aconc,c26_aconc,c27_aconc,c28_aconc,c29_aconc,c30_aconc,c31_aconc,c32_aconc,c33_aconc,c21_ad2h,c21_ad2h_unc,c23_ad2h,c23_ad2h_unc,c25_ad2h,c25_ad2h_unc,c27_ad2h,c27_ad2h_unc,c29_ad2h,c29_ad2h_unc,c31_ad2h,c31_ad2h_unc,c33_ad2h,c33_ad2h_unc,c21_ad13c,c21_ad13c_unc,c23_ad13c,c23_ad13c_unc,c25_ad13c,c25_ad13c_unc,c27_ad13c,c27_a13c_unc,c29_ad13c,c29_ad13c_unc,c31_ad13c,c31_ad13c_unc,c33_ad13c,c33_ad13c_unc
Hollister_et_al_2022,https://doi.org/10.1029/2022JG006903,Baffin Island,QPT,KVH197,2019,Alantoparmelia alpicola,Alantoparmelia,alpicola,lichen,terrestrial,63.68,-68.2,33,8,1,1,6.52,2.56,5.64,2.83,5.69,2.47,4,2.14,3.31,2.05,2.29,0,2.1,nan,nan,nan,nan,nan,nan,nan,nan,nan,nan,nan,nan,nan,nan,nan,nan,nan,nan,nan,nan,nan,nan,nan,nan,nan,nan,nan,nan,0.47,0.36,0.79,0.29,0.79,0.19,0.83,0.23,0.88,0.1,0.71,0.03,0.18,nan,nan,nan,nan,nan,nan,nan,nan,nan,nan,nan,nan,nan,nan,nan,nan,nan,nan,nan,nan,nan,nan,nan,nan,nan,nan,nan,nan
Bakkelund_et_al_2018,https://doi.org/10.1016/j.orggeochem.2018.08.005,Yukon transect,Campbell_Lake,CL_S1,2014,Alnus sp.,Alnus,sp.,shrub,terrestrial,68.21,-133.41,46,2,3,1,12.67,2.12,57.78,13.06,112.85,22.89,130.3,16.17,88.65,3.01,15.76,3.37,1.21,nan,nan,nan,nan,nan,nan,nan,nan,nan,nan,nan,nan,nan,nan,nan,nan,nan,nan,nan,nan,nan,nan,nan,nan,nan,nan,nan,nan,nan,nan,nan,nan,nan,nan,nan,nan,nan,nan,nan,nan,nan,nan,nan,nan,nan,nan,nan,nan,nan,nan,nan,nan,nan,nan,nan,nan,nan,nan,nan,nan,nan,nan,nan,nan,nan,nan,nan,nan,nan
Bakkelund_et_al_2018,https://doi.org/10.1016/j.orggeochem.2018.08.005,Yukon transect,Eagle_Plains,EAG_S1,2014,Alnus sp.,Alnus,sp.,shrub,terrestrial,66.44,-136.68,370,2,3,1,24.14,2.68,88.58,8.19,124.09,16.05,161.65,19.84,166.35,3.34,10.66,nan,nan,nan,nan,nan,nan,nan,nan,nan,nan,nan,nan,nan,nan,nan,nan,nan,nan,nan,nan,nan,nan,nan,nan,nan,nan,nan,nan,nan,nan,nan,nan,nan,nan,nan,nan,nan,nan,nan,nan,nan,nan,nan,nan,nan,nan,nan,nan,nan,nan,nan,nan,nan,nan,nan,nan,nan,nan,nan,nan,nan,nan,nan,nan,nan,nan,nan,nan,nan,nan,nan
Lindberg_et_al,https://doi.org/10.5194/egusphere-2025-3849,Baffin Island,3LN,KRL-123,2021,Alnus viridis,Alnus,viridis,shrub,terrestrial,58.1,-68.46,61,2,1,1,88.66,12.18,122.28,13.94,79.77,14.94,34.04,19.04,62.14,12.24,14.62,9.36,11.32,nan,nan,nan,nan,nan,nan,nan,nan,nan,nan,nan,nan,nan,nan,nan,nan,nan,nan,nan,nan,nan,nan,nan,nan,nan,nan,nan,nan,2.35,1.1,5.87,2.3,57.38,6.56,214.47,8.67,45.56,2.56,56.37,5.21,36.1,nan,nan,nan,nan,nan,nan,nan,nan,nan,nan,nan,nan,nan,nan,nan,nan,nan,nan,nan,nan,nan,nan,nan,nan,nan,nan,nan,nan
Lindberg_et_al,https://doi.org/10.5194/egusphere-2025-3849,Baffin Island,3LN,KRL-124,2021,Alnus viridis,Alnus,viridis,shrub,terrestrial,58.1,-68.46,61,2,1,1,158.49,14.4,156.96,16.45,92.06,17.85,49.84,23.22,105.09,17.83,21.3,10.72,14.78,nan,nan,nan,nan,nan,nan,nan,nan,nan,nan,nan,nan,nan,nan,nan,nan,nan,nan,nan,nan,nan,nan,nan,nan,nan,nan,nan,nan,5.63,1.94,17.4,4.02,76.28,7.93,239.27,13.49,69.48,3.89,84.17,6.12,54.83,nan,nan,nan,nan,nan,nan,nan,nan,nan,nan,nan,nan,nan,nan,nan,nan,nan,nan,nan,nan,nan,nan,nan,nan,nan,nan,nan,nan
Lindberg_et_al,https://doi.org/10.5194/egusphere-2025-3849,Baffin Island,3LN,KRL-125,2021,Alnus viridis,Alnus,viridis,shrub,terrestrial,58.1,-68.46,61,2,1,1,93.59,10.45,93.86,11.77,48.25,13.06,35.84,15.37,68.04,12.69,12.27,7.45,8.9,nan,nan,nan,nan,nan,nan,nan,nan,nan,nan,nan,nan,nan,nan,nan,nan,nan,nan,nan,nan,nan,nan,nan,nan,nan,nan,nan,nan,1.68,0.93,3.54,2.88,54,6.66,211.58,8.47,64.36,6.33,111.18,6.93,47.21,nan,nan,nan,nan,nan,nan,nan,nan,nan,nan,nan,nan,nan,nan,nan,nan,nan,nan,nan,nan,nan,nan,nan,nan,nan,nan,nan,nan
Oconnor_et_al_2020,https://doi.org/10.1016/j.orggeochem.2020.104064,AK transect,Dalton_Highway,S2_ALVI,2016,Alnus viridis,Alnus,viridis,shrub,terrestrial,65.5,-148.69,343,2,1,0,nan,nan,10,nan,20,nan,20,nan,40,nan,0,nan,0,nan,nan,-221,2,-207,1,-211,0,-222,1,-212,2,nan,nan,nan,nan,nan,nan,nan,nan,nan,nan,nan,nan,nan,nan,nan,nan,nan,nan,10,nan,80,nan,10,nan,10,nan,0,nan,nan,nan,nan,-204,0,-224,1,nan,nan,-198,2,nan,nan,nan,nan,nan,nan,nan,nan,nan,nan,nan,nan,nan,nan,nan,nan,nan,nan
Oconnor_et_al_2020,https://doi.org/10.1016/j.orggeochem.2020.104064,AK transect,Finger_Mountain,S4_ALVI,2016,Alnus viridis,Alnus,viridis,shrub,terrestrial,66.36,-150.46,642,2,1,0,nan,nan,0,nan,0,nan,30,nan,70,nan,0,nan,0,nan,nan,nan,nan,nan,nan,-232,1,-235,0,nan,nan,nan,nan,nan,nan,nan,nan,nan,nan,nan,nan,nan,nan,nan,nan,nan,nan,nan,nan,10,nan,70,nan,10,nan,10,nan,0,nan,nan,nan,nan,-213,2,-235,0,nan,nan,-209,2,nan,nan,nan,nan,nan,nan,nan,nan,nan,nan,nan,nan,nan,nan,nan,nan,nan,nan
Oconnor_et_al_2020,https://doi.org/10.1016/j.orggeochem.2020.104064,AK transect,Coldfoot,S6_ALVI,2016,Alnus viridis,Alnus,viridis,shrub,terrestrial,67.32,-150.15,347,2,1,0,nan,nan,0,nan,0,nan,30,nan,70,nan,0,nan,0,nan,nan,nan,nan,nan,nan,-214,1,-226,1,nan,nan,nan,nan,nan,nan,nan,nan,nan,nan,nan,nan,nan,nan,nan,nan,nan,nan,nan,nan,10,nan,80,nan,0,nan,10,nan,0,nan,nan,nan,nan,-218,1,-230,1,nan,nan,-203,1,nan,nan,nan,nan,nan,nan,nan,nan,nan,nan,nan,nan,nan,nan,nan,nan,nan,nan
Lindberg_et_al,https://doi.org/10.5194/egusphere-2025-3849,Baffin Island,CF8,KRL-057,2019,Andreaea blytti,Andreaea,blytti,moss,terrestrial,70.56,-68.95,195,6,1,1,19.74,1.66,86.23,5.68,301.17,8.49,144.69,2.06,19.94,0,0.46,0,0,nan,nan,nan,nan,nan,nan,nan,nan,nan,nan,nan,nan,nan,nan,nan,nan,nan,nan,nan,nan,nan,nan,nan,nan,nan,nan,nan,nan,8.43,3.8,83.18,6.37,17.29,7.06,22.01,3.38,22.79,1.18,3.26,0.91,1.3,nan,nan,nan,nan,nan,nan,nan,nan,nan,nan,nan,nan,nan,nan,nan,nan,nan,nan,nan,nan,nan,nan,nan,nan,nan,nan,nan,nan
Lindberg_et_al,https://doi.org/10.5194/egusphere-2025-3849,Baffin Island,CF8,KRL-094,2019,Andreaea blytti,Andreaea,blytti,moss,terrestrial,70.56,-68.95,195,6,1,1,189.23,1.52,711.35,48.46,2383.25,71,1122.43,8.8,133.68,0,0,0,0,nan,nan,nan,nan,nan,nan,nan,nan,nan,nan,nan,nan,nan,nan,nan,nan,nan,nan,nan,nan,nan,nan,nan,nan,nan,nan,nan,nan,7.95,5.72,35.04,5.33,92.01,3.69,48.06,1.46,10.22,0,1.74,0,0,nan,nan,nan,nan,nan,nan,nan,nan,nan,nan,nan,nan,nan,nan,nan,nan,nan,nan,nan,nan,nan,nan,nan,nan,nan,nan,nan,nan
Lindberg_et_al,https://doi.org/10.5194/egusphere-2025-3849,Baffin Island,CF8,KRL-095,2019,Andreaea blytti,Andreaea,blytti,moss,terrestrial,70.56,-68.95,195,6,1,1,64.04,29.7,174.04,44.23,550.18,52.06,282.29,32.34,58.47,25.92,62.57,24.95,24.95,nan,nan,nan,nan,nan,nan,nan,nan,nan,nan,nan,nan,nan,nan,nan,nan,nan,nan,nan,nan,nan,nan,nan,nan,nan,nan,nan,nan,16.97,11.61,185.68,16.13,586.37,12.3,253.47,5.01,40.11,0,0,0,0,nan,nan,nan,nan,nan,nan,nan,nan,nan,nan,nan,nan,nan,nan,nan,nan,nan,nan,nan,nan,nan,nan,nan,nan,nan,nan,nan,nan
Lindberg_et_al,https://doi.org/10.5194/egusphere-2025-3849,Baffin Island,CF8,KRL-059,2019,Andreaea rupestris,Andreaea,rupestris,moss,terrestrial,70.56,-68.95,195,6,1,1,2.88,0.34,9.11,0.61,4.97,0.09,0.79,0.01,0.94,0,0.21,0,0,nan,nan,nan,nan,nan,nan,nan,nan,nan,nan,nan,nan,nan,nan,nan,nan,nan,nan,nan,nan,nan,nan,nan,nan,nan,nan,nan,nan,17.85,11.01,22.35,6.59,29.54,7.43,54.72,5.26,13.58,1.73,2.75,1.41,1.41,nan,nan,nan,nan,nan,nan,nan,nan,nan,nan,nan,nan,nan,nan,nan,nan,nan,nan,nan,nan,nan,nan,nan,nan,nan,nan,nan,nan
Lindberg_et_al,https://doi.org/10.5194/egusphere-2025-3849,Baffin Island,3LN,KRL-083,2019,Andreaea rupestris,Andreaea,rupestris,moss,terrestrial,58.1,-68.46,61,6,1,1,34.04,5.93,63.36,11.43,57.41,6.23,17.69,4.42,14.37,2.84,4.34,2.38,3.06,nan,nan,nan,nan,nan,nan,nan,nan,nan,nan,nan,nan,nan,nan,nan,nan,nan,nan,nan,nan,nan,nan,nan,nan,nan,nan,nan,nan,2.97,1.93,5.96,1.78,38.3,2.62,35.87,0.88,24.03,1.29,41.22,0,10.98,nan,nan,nan,nan,nan,nan,nan,nan,nan,nan,nan,nan,nan,nan,nan,nan,nan,nan,nan,nan,nan,nan,nan,nan,nan,nan,nan,nan
Balascio_et_al_2018,https://doi.org/10.1016/j.orggeochem.2018.03.008,northern Norway,Hollabattjonnen,Balascio_11,2013,Andromeda polifolia,Andromeda,polifolia,shrub,terrestrial,69.74,19.13,25,2,1,0,nan,nan,nan,nan,nan,nan,nan,nan,nan,nan,nan,nan,nan,nan,nan,nan,nan,nan,nan,nan,nan,nan,nan,nan,nan,nan,nan,nan,nan,nan,nan,nan,nan,nan,nan,nan,nan,nan,nan,nan,nan,0.02,nan,0.32,nan,2.34,nan,8.61,nan,49.94,nan,36.95,nan,1.83,nan,nan,nan,nan,nan,nan,-197,5,-165,3,-164,3,nan,nan,nan,nan,nan,nan,nan,nan,nan,nan,nan,nan,nan,nan,nan,nan
Lindberg_et_al,https://doi.org/10.5194/egusphere-2025-3849,Baffin Island,CF8,KRL-061,2019,Anthelia juratzkana,Anthelia,juratzkana,liverwort,terrestrial,70.56,-68.95,195,7,1,1,58.34,42.74,57.28,9.03,46.84,7.44,18.68,3.61,9.95,1.62,3.74,0,0,nan,nan,-227.78,5.47,-205.71,3.8,-205.48,3.37,-167.56,4.35,nan,nan,nan,nan,nan,nan,-30.14,0.12,-31.89,0.2,-35.44,0.24,-37.74,0.55,nan,nan,nan,nan,12.79,9.19,14.9,9.46,14.31,8.77,13.22,6.69,9.4,3.21,4.89,2.46,2.88,nan,nan,nan,nan,nan,nan,nan,nan,nan,nan,nan,nan,nan,nan,nan,nan,nan,nan,nan,nan,nan,nan,nan,nan,nan,nan,nan,nan
Lindberg_et_al,https://doi.org/10.5194/egusphere-2025-3849,Baffin Island,CF8,KRL-092,2019,Anthelia juratzkana,Anthelia,juratzkana,liverwort,terrestrial,70.56,-68.95,195,7,1,1,3.91,1.12,5.31,1.41,4.74,1.03,2.04,1.09,0.55,0.38,0.41,0.33,0.34,nan,nan,nan,nan,nan,nan,nan,nan,nan,nan,nan,nan,nan,nan,nan,nan,nan,nan,nan,nan,nan,nan,nan,nan,nan,nan,nan,nan,28.32,18.89,33.33,10.84,13.41,5.06,8.26,1.71,5.01,0,1.87,0,0,nan,nan,nan,nan,nan,nan,nan,nan,nan,nan,nan,nan,nan,nan,nan,nan,nan,nan,nan,nan,nan,nan,nan,nan,nan,nan,nan,nan
Lindberg_et_al,https://doi.org/10.5194/egusphere-2025-3849,Baffin Island,CF8,KRL-093,2019,Anthelia juratzkana,Anthelia,juratzkana,liverwort,terrestrial,70.56,-68.95,195,7,1,1,8.09,2.83,10.13,4.04,10.24,3.42,4.99,2.21,2.91,1.48,1.63,1.12,1.19,nan,nan,nan,nan,nan,nan,nan,nan,nan,nan,nan,nan,nan,nan,nan,nan,-28.91,0.1,-28.22,0.12,-30.7,0.17,-33,0.34,nan,nan,nan,nan,20.01,18.96,30.97,15.93,23.35,11.7,19.59,5.33,11.18,0.07,3.93,2.06,0,nan,nan,nan,nan,nan,nan,nan,nan,nan,nan,nan,nan,nan,nan,nan,nan,nan,nan,nan,nan,nan,nan,nan,nan,nan,nan,nan,nan
Lindberg_et_al,https://doi.org/10.5194/egusphere-2025-3849,Baffin Island,AFR,KVH235,2019,Anthelia juratzkana,Anthelia,juratzkana,liverwort,terrestrial,72.42,-77.44,895,7,1,1,7.31,1.16,5.73,1.39,6.11,1.2,2.47,0.52,0.96,0.39,0.53,0.21,0.24,nan,nan,nan,nan,nan,nan,nan,nan,nan,nan,nan,nan,nan,nan,nan,nan,nan,nan,nan,nan,nan,nan,nan,nan,nan,nan,nan,nan,9.05,8.5,14.38,8.27,13,6.97,12.1,7.02,10.17,4.32,8.35,3.65,4.69,nan,nan,nan,nan,nan,nan,nan,nan,nan,nan,nan,nan,nan,nan,nan,nan,nan,nan,nan,nan,nan,nan,nan,nan,nan,nan,nan,nan
Hollister_et_al_2022,https://doi.org/10.1029/2022JG006903,Baffin Island,QPT,KVH206,2019,Arctoparmolia incurva,Arctoparmolia,incurva,lichen,terrestrial,63.68,-68.2,33,8,1,1,2.15,0.38,0.83,0.42,0.8,0.32,0.49,0.27,0.43,0.25,0.32,0,0.32,nan,nan,nan,nan,nan,nan,nan,nan,nan,nan,nan,nan,nan,nan,nan,nan,nan,nan,nan,nan,nan,nan,nan,nan,nan,nan,nan,nan,0.04,0.03,0.06,0.01,0.08,0.01,0.08,0.04,0.09,0.01,0.07,0,0.03,nan,nan,nan,nan,nan,nan,nan,nan,nan,nan,nan,nan,nan,nan,nan,nan,nan,nan,nan,nan,nan,nan,nan,nan,nan,nan,nan,nan
Oconnor_et_al_2020,https://doi.org/10.1016/j.orggeochem.2020.104064,AK transect,Yukon_River,S3_ARRU,2016,Arctostaphylos rubra,Arctostaphylos,rubra,shrub,terrestrial,65.92,-149.83,166,2,1,0,nan,nan,0,nan,0,nan,30,nan,40,nan,0,nan,0,nan,nan,nan,nan,nan,nan,-223,0,-224,0,-224,1,nan,nan,nan,nan,nan,nan,nan,nan,nan,nan,nan,nan,nan,nan,nan,nan,nan,nan,0,nan,0,nan,20,nan,70,nan,10,nan,nan,nan,nan,nan,nan,nan,nan,-225,1,-231,1,-225,3,nan,nan,nan,nan,nan,nan,nan,nan,nan,nan,nan,nan,nan,nan,nan,nan
Oconnor_et_al_2020,https://doi.org/10.1016/j.orggeochem.2020.104064,AK transect,Happy_Valley,S9_ARRU,2016,Arctostaphylos rubra,Arctostaphylos,rubra,shrub,terrestrial,69.24,-148.77,233,2,1,0,nan,nan,0,nan,50,nan,30,nan,20,nan,0,nan,0,nan,nan,nan,nan,-226,0,-243,2,-242,0,nan,nan,nan,nan,nan,nan,nan,nan,nan,nan,nan,nan,nan,nan,nan,nan,nan,nan,nan,nan,10,nan,70,nan,10,nan,0,nan,0,nan,nan,nan,nan,-187,0,-240,2,-217,2,nan,nan,nan,nan,nan,nan,nan,nan,nan,nan,nan,nan,nan,nan,nan,nan,nan,nan,nan,nan
Oconnor_et_al_2020,https://doi.org/10.1016/j.orggeochem.2020.104064,AK transect,Happy_Valley,S9_ARRU2,2016,Arctostaphylos rubra,Arctostaphylos,rubra,shrub,terrestrial,69.24,-148.77,233,2,1,0,nan,nan,0,nan,0,nan,20,nan,40,nan,30,nan,0,nan,nan,nan,nan,nan,nan,-216,4,-227,2,-229,3,nan,nan,nan,nan,nan,nan,nan,nan,nan,nan,nan,nan,nan,nan,nan,nan,nan,nan,0,nan,0,nan,30,nan,60,nan,10,nan,nan,nan,nan,nan,nan,nan,nan,-227,0,-234,1,-229,0,nan,nan,nan,nan,nan,nan,nan,nan,nan,nan,nan,nan,nan,nan,nan,nan
Wilkie_et_al_2013,https://doi.org/10.5194/cp-9-335-2013,Far East Russia,Elgygytgyn,Wilkie_5,2003,Atermisia,Artemisia,sp.,forb,terrestrial,67.5,172.1,492,3,1,0,7.5,nan,19.1,nan,21.6,nan,7.3,nan,7.9,nan,2.6,nan,nan,-225,5,-246,1,-249,2,-253,1,-257,1,-242,2,nan,nan,nan,nan,nan,nan,nan,nan,nan,nan,nan,nan,nan,nan,nan,nan,nan,nan,nan,nan,nan,nan,nan,nan,nan,nan,nan,nan,nan,nan,nan,nan,nan,nan,nan,nan,nan,nan,nan,nan,nan,nan,nan,nan,nan,nan,nan,nan,nan,nan,nan,nan,nan,nan,nan,nan,nan
Zibulski_et_al_2017,https://doi.org/10.5194/bg-14-1617-2017,Northeast Russia,Northeast_Russia,Aul_pal_1,2011,Aulacomnium palustre,Aulacomnium,palustre,moss,terrestrial,71,99.5,0,6,1,1,nan,nan,nan,nan,nan,nan,nan,nan,nan,nan,nan,nan,nan,nan,nan,nan,nan,nan,nan,nan,nan,nan,nan,nan,nan,nan,nan,nan,nan,nan,nan,nan,nan,nan,nan,nan,nan,nan,nan,nan,nan,1.9298,nan,2.5459,nan,4.7646,nan,20.5085,nan,7.5826,nan,7.979,nan,0,nan,nan,nan,nan,nan,nan,nan,nan,nan,nan,nan,nan,nan,nan,nan,nan,nan,nan,nan,nan,nan,nan,nan,nan,nan,nan,nan,nan
Zibulski_et_al_2017,https://doi.org/10.5194/bg-14-1617-2017,Northeast Russia,Northeast_Russia,Aul_pal_2,2011,Aulacomnium palustre,Aulacomnium,palustre,moss,terrestrial,71,99.5,0,6,1,1,nan,nan,nan,nan,nan,nan,nan,nan,nan,nan,nan,nan,nan,nan,nan,nan,nan,nan,nan,nan,nan,nan,nan,nan,nan,nan,nan,nan,nan,nan,nan,nan,nan,nan,nan,nan,nan,nan,nan,nan,nan,1.0767,nan,1.5183,nan,2.9728,nan,12.3293,nan,11.0909,nan,4.9109,nan,0,nan,nan,nan,nan,nan,nan,nan,nan,nan,nan,nan,nan,nan,nan,nan,nan,nan,nan,nan,nan,nan,nan,nan,nan,nan,nan,nan,nan
Hollister_et_al_2022,https://doi.org/10.1029/2022JG006903,Baffin Island,QPT,KVH215,2019,Aulacomnium turgidum,Aulacomnium,turgidum,moss,terrestrial,63.68,-68.2,33,6,1,1,119.58,13.35,274.71,22.22,459.12,19.89,83.23,10.48,30.08,7.27,10.76,0,7.13,nan,nan,-227.68,2.6,-222.91,2.63,-207.42,3.4,-185.61,5.01,nan,nan,nan,nan,nan,nan,-33.92,0.1,-34.59,0.08,-35.37,0.03,-35.87,0.06,nan,nan,nan,nan,2.33,0.39,5.31,1.79,9.61,2.84,37.57,0.22,48.57,1.56,7.87,1.21,2.47,nan,nan,nan,nan,nan,nan,nan,nan,nan,nan,nan,nan,nan,nan,nan,nan,nan,nan,nan,nan,nan,nan,nan,nan,nan,nan,nan,nan
Zibulski_et_al_2017,https://doi.org/10.5194/bg-14-1617-2017,Northeast Russia,Northeast_Russia,Aul_tur_1,2011,Aulacomnium turgidum,Aulacomnium,turgidum,moss,terrestrial,71,99.5,0,6,1,1,nan,nan,nan,nan,nan,nan,nan,nan,nan,nan,nan,nan,nan,nan,nan,nan,nan,nan,nan,nan,nan,nan,nan,nan,nan,nan,nan,nan,nan,nan,nan,nan,nan,nan,nan,nan,nan,nan,nan,nan,nan,0.968,nan,1.126,nan,2.2001,nan,8.9548,nan,23.5267,nan,3.5595,nan,0,nan,nan,nan,nan,nan,nan,nan,nan,nan,nan,nan,nan,nan,nan,nan,nan,nan,nan,nan,nan,nan,nan,nan,nan,nan,nan,nan,nan
Zibulski_et_al_2017,https://doi.org/10.5194/bg-14-1617-2017,Northeast Russia,Northeast_Russia,Aul_tur_2,2011,Aulacomnium turgidum,Aulacomnium,turgidum,moss,terrestrial,71,99.5,0,6,1,1,nan,nan,nan,nan,nan,nan,nan,nan,nan,nan,nan,nan,nan,nan,nan,nan,nan,nan,nan,nan,nan,nan,nan,nan,nan,nan,nan,nan,nan,nan,nan,nan,nan,nan,nan,nan,nan,nan,nan,nan,nan,1.3468,nan,1.2794,nan,4.8797,nan,18.7427,nan,50.9291,nan,5.5645,nan,0,nan,nan,nan,nan,nan,nan,nan,nan,nan,nan,nan,nan,nan,nan,nan,nan,nan,nan,nan,nan,nan,nan,nan,nan,nan,nan,nan,nan
Hollister_et_al_2022,https://doi.org/10.1029/2022JG006903,Baffin Island,QPT,KVH205,2019,Betula glandulosa,Betula,glandulosa,shrub,terrestrial,63.68,-68.2,33,2,1,1,21.23,2.6,57.43,2.93,22.81,2.22,7.94,2.31,16.1,1.46,2.05,0,1.21,nan,nan,-227.72,2.74,-200.84,3.12,-177.09,3.21,-180.68,2.94,nan,nan,nan,nan,nan,nan,-30.66,0.21,-31.38,0.12,-32.97,0.19,-33.2,0.1,nan,nan,nan,nan,1.72,1.39,6.78,2.06,12.74,3.07,78.61,3.54,22.5,2.57,27.18,1.75,3.58,nan,nan,nan,nan,nan,nan,nan,nan,nan,nan,nan,nan,nan,nan,nan,nan,nan,nan,nan,nan,nan,nan,nan,nan,nan,nan,nan,nan
Hollister_et_al_2022,https://doi.org/10.1029/2022JG006903,Baffin Island,QPT,KVH247,2019,Betula glandulosa,Betula,glandulosa,shrub,terrestrial,63.68,-68.2,33,2,1,1,59.74,6.34,93.07,6.9,33.38,6.5,31.32,9.12,68.4,4.34,6.37,0,3.45,nan,nan,-207.97,3.02,-187.93,3.15,-190.9,2.89,-197.18,2.63,nan,nan,nan,nan,nan,nan,-31.8,0.23,-37.27,0.22,-34.75,0.21,-36.8,0.22,nan,nan,nan,nan,1.7,0.85,35.6,4.3,61.93,2.92,289.65,2.38,110.4,0.13,181.9,0.16,19.65,nan,nan,nan,nan,nan,nan,nan,nan,nan,nan,nan,nan,nan,nan,nan,nan,nan,nan,nan,nan,nan,nan,nan,nan,nan,nan,nan,nan
Hollister_et_al_2022,https://doi.org/10.1029/2022JG006903,Baffin Island,QPT,KVH248,2019,Betula glandulosa,Betula,glandulosa,shrub,terrestrial,63.68,-68.2,33,2,1,1,72.67,10.92,127.93,12.2,61.99,12.96,58.4,15.61,101.46,8.25,10.54,0,6.41,nan,nan,-214.65,2.83,-193.74,2.69,-196.01,2.71,-194.28,2.64,nan,nan,nan,nan,nan,nan,-32.18,0.21,-35.5,0.22,-35.35,0.21,-32.64,0.22,nan,nan,nan,nan,4.41,2.62,57.31,11.04,132.24,10.71,426.58,6.41,157.46,10.82,359.81,4.79,40.29,nan,nan,nan,nan,nan,nan,nan,nan,nan,nan,nan,nan,nan,nan,nan,nan,nan,nan,nan,nan,nan,nan,nan,nan,nan,nan,nan,nan
Lindberg_et_al,https://doi.org/10.5194/egusphere-2025-3849,Baffin Island,3LN,KRL-062,2019,Betula glandulosa,Betula,glandulosa,shrub,terrestrial,58.1,-68.46,61,2,1,1,140.54,19.43,228.72,23.2,140.2,23.54,102.46,25.95,156.67,12.57,16,9.82,10.51,nan,nan,-220.56,4.14,-211.5,3.55,-203.6,3.33,-191.79,3.35,nan,nan,nan,nan,nan,nan,-29.2,0.13,-29.48,0.18,-30.5,0.12,-30.08,0.16,nan,nan,nan,nan,8.95,10.7,84.2,20.44,129.47,32.26,407.19,15.65,183.11,23.72,370.39,13.55,41.22,nan,nan,nan,nan,nan,nan,nan,nan,nan,nan,nan,nan,nan,nan,nan,nan,nan,nan,nan,nan,nan,nan,nan,nan,nan,nan,nan,nan
Lindberg_et_al,https://doi.org/10.5194/egusphere-2025-3849,Baffin Island,3LN,KRL-098,2021,Betula glandulosa,Betula,glandulosa,shrub,terrestrial,58.1,-68.46,61,2,1,1,168.34,9.53,229.72,14.06,131.27,14.47,99.75,18.8,220.04,3.15,8.29,0,0,nan,nan,-241.04,3.52,-217.41,3.64,-216.82,6.12,-225.32,3.29,nan,nan,nan,nan,nan,nan,-31.8,0.24,-32.72,0.16,-33.46,0.12,-34.17,0.19,nan,nan,nan,nan,0,0,86.79,16.38,139.88,26.85,528.05,19.63,202.13,28.64,301.84,0,31.6,nan,nan,nan,nan,nan,nan,nan,nan,nan,nan,nan,nan,nan,nan,nan,nan,nan,nan,nan,nan,nan,nan,nan,nan,nan,nan,nan,nan
Lindberg_et_al,https://doi.org/10.5194/egusphere-2025-3849,Baffin Island,3LN,KRL-099,2021,Betula glandulosa,Betula,glandulosa,shrub,terrestrial,58.1,-68.46,61,2,1,1,199.81,11.41,320.7,13.04,136.7,12.53,97.45,16.49,233.58,1.81,9.98,0,0,nan,nan,-215.27,3.67,-203.17,3.6,-194.07,3.47,-191.7,3.37,nan,nan,nan,nan,nan,nan,-31.91,0.25,-32.26,0.21,-33.06,0.13,-33.32,0.15,nan,nan,nan,nan,0,0,93.04,17.58,215.59,54.73,1290.35,25.32,582.66,45.7,1397.64,30.54,199.17,nan,nan,nan,nan,nan,nan,nan,nan,nan,nan,nan,nan,nan,nan,nan,nan,nan,nan,nan,nan,nan,nan,nan,nan,nan,nan,nan,nan
Bakkelund_et_al_2018,https://doi.org/10.1016/j.orggeochem.2018.08.005,Yukon transect,Brimstone,BRM_S1,2014,Betula nana,Betula,nana,shrub,terrestrial,63.74,-138.85,639,2,3,1,27.14,2.88,144.75,10,175.54,10.75,100.47,7.37,71.59,4.93,9.29,nan,1.61,nan,nan,nan,nan,nan,nan,nan,nan,nan,nan,nan,nan,nan,nan,nan,nan,nan,nan,nan,nan,nan,nan,nan,nan,nan,nan,nan,nan,nan,nan,nan,nan,nan,nan,nan,nan,nan,nan,nan,nan,nan,nan,nan,nan,nan,nan,nan,nan,nan,nan,nan,nan,nan,nan,nan,nan,nan,nan,nan,nan,nan,nan,nan,nan,nan,nan,nan,nan,nan
Bakkelund_et_al_2018,https://doi.org/10.1016/j.orggeochem.2018.08.005,Yukon transect,Dempster_Highway,DHP_S1,2014,Betula nana,Betula,nana,shrub,terrestrial,65.21,-138.33,738,2,3,1,56.4,4.5,153.77,15.57,195.05,18.97,218.55,17.63,289.41,9.61,35.28,nan,6.25,nan,nan,nan,nan,nan,nan,nan,nan,nan,nan,nan,nan,nan,nan,nan,nan,nan,nan,nan,nan,nan,nan,nan,nan,nan,nan,nan,nan,nan,nan,nan,nan,nan,nan,nan,nan,nan,nan,nan,nan,nan,nan,nan,nan,nan,nan,nan,nan,nan,nan,nan,nan,nan,nan,nan,nan,nan,nan,nan,nan,nan,nan,nan,nan,nan,nan,nan,nan,nan
Bakkelund_et_al_2018,https://doi.org/10.1016/j.orggeochem.2018.08.005,Yukon transect,Inuvik,INU_S1,2014,Betula nana,Betula,nana,shrub,terrestrial,68.32,-133.55,58,2,3,1,25.69,3.68,61.99,9.79,134.41,19.04,235.29,26.19,379.7,14.37,28.96,nan,3.92,nan,nan,nan,nan,nan,nan,nan,nan,nan,nan,nan,nan,nan,nan,nan,nan,nan,nan,nan,nan,nan,nan,nan,nan,nan,nan,nan,nan,nan,nan,nan,nan,nan,nan,nan,nan,nan,nan,nan,nan,nan,nan,nan,nan,nan,nan,nan,nan,nan,nan,nan,nan,nan,nan,nan,nan,nan,nan,nan,nan,nan,nan,nan,nan,nan,nan,nan,nan,nan
Bakkelund_et_al_2018,https://doi.org/10.1016/j.orggeochem.2018.08.005,Yukon transect,Scree_Hill,SC_S1,2016,Betula nana,Betula,nana,shrub,terrestrial,65.07,-138.16,875,2,4,1,115.49,8.43,116.37,12.71,118.58,19.89,225.46,22.22,182.88,7.49,11.02,nan,2.56,nan,nan,nan,nan,nan,nan,nan,nan,nan,nan,nan,nan,nan,nan,nan,nan,nan,nan,nan,nan,nan,nan,nan,nan,nan,nan,nan,nan,nan,nan,nan,nan,nan,nan,nan,nan,nan,nan,nan,nan,nan,nan,nan,nan,nan,nan,nan,nan,nan,nan,nan,nan,nan,nan,nan,nan,nan,nan,nan,nan,nan,nan,nan,nan,nan,nan,nan,nan,nan
Balascio_et_al_2018,https://doi.org/10.1016/j.orggeochem.2018.03.008,northern Norway,Hollabattjonnen,Balascio_9,2013,Betula nana,Betula,nana,shrub,terrestrial,69.74,19.13,25,2,1,0,nan,nan,nan,nan,nan,nan,nan,nan,nan,nan,nan,nan,nan,nan,nan,nan,nan,nan,nan,nan,nan,nan,nan,nan,nan,nan,nan,nan,nan,nan,nan,nan,nan,nan,nan,nan,nan,nan,nan,nan,nan,0.3,nan,30.26,nan,26.28,nan,31.05,nan,5.64,nan,5.94,nan,0.52,nan,nan,nan,nan,-144,5,-138,4,-141,3,-145,4,-127,7,nan,nan,nan,nan,nan,nan,nan,nan,nan,nan,nan,nan,nan,nan
Berke_et_al_2019,https://doi.org/10.1016/j.gca.2018.10.020,western Greenland,Kangerlussuaq,GR1 BENA,2014,Betula nana,Betula,nana,shrub,terrestrial,67.02,-50.7,50,2,1,1,nan,nan,nan,nan,nan,nan,nan,nan,nan,nan,nan,nan,nan,nan,nan,nan,nan,nan,nan,nan,nan,nan,nan,nan,nan,nan,nan,nan,nan,nan,nan,nan,nan,nan,nan,nan,nan,nan,nan,nan,nan,1.51,2.9,45.07,28.2,59.67,50.36,74.83,6.21,107.47,6.48,164.95,3.47,13.76,nan,nan,-221.77,1.23,-222.87,0.52,-219.4,0.78,-207.8,0.12,-209.95,0.15,nan,nan,nan,nan,nan,nan,nan,nan,nan,nan,nan,nan,nan,nan,nan,nan
Berke_et_al_2019,https://doi.org/10.1016/j.gca.2018.10.020,western Greenland,Kangerlussuaq,GR10 BENA,2014,Betula nana,Betula,nana,shrub,terrestrial,67.02,-50.7,50,2,1,1,nan,nan,nan,nan,nan,nan,nan,nan,nan,nan,nan,nan,nan,nan,nan,nan,nan,nan,nan,nan,nan,nan,nan,nan,nan,nan,nan,nan,nan,nan,nan,nan,nan,nan,nan,nan,nan,nan,nan,nan,nan,1.34,3.01,26.06,25.06,32.75,33.59,45.64,3.06,50.37,2.97,55.68,1.27,3.99,nan,nan,nan,nan,-233.28,0.66,-222.62,0.24,-211.02,0.23,-208.4,0.83,nan,nan,nan,nan,nan,nan,nan,nan,nan,nan,nan,nan,nan,nan,nan,nan
Berke_et_al_2019,https://doi.org/10.1016/j.gca.2018.10.020,western Greenland,Kangerlussuaq,GR14 BENA,2014,Betula nana,Betula,nana,shrub,terrestrial,67.02,-50.7,50,2,1,1,nan,nan,nan,nan,nan,nan,nan,nan,nan,nan,nan,nan,nan,nan,nan,nan,nan,nan,nan,nan,nan,nan,nan,nan,nan,nan,nan,nan,nan,nan,nan,nan,nan,nan,nan,nan,nan,nan,nan,nan,nan,1.85,4.28,14.38,19.13,39.04,39.05,68.09,3.59,47.71,2.61,59.51,1.15,4.13,nan,nan,nan,nan,-216.57,1.14,-215.1,1.31,-203.72,1.38,-203.86,0.33,nan,nan,nan,nan,nan,nan,nan,nan,nan,nan,nan,nan,nan,nan,nan,nan
Berke_et_al_2019,https://doi.org/10.1016/j.gca.2018.10.020,western Greenland,Kangerlussuaq,GR15 BENA,2014,Betula nana,Betula,nana,shrub,terrestrial,67.02,-50.7,50,2,1,1,nan,nan,nan,nan,nan,nan,nan,nan,nan,nan,nan,nan,nan,nan,nan,nan,nan,nan,nan,nan,nan,nan,nan,nan,nan,nan,nan,nan,nan,nan,nan,nan,nan,nan,nan,nan,nan,nan,nan,nan,nan,1.85,3.4,25.95,28.56,69.12,48.47,104.69,5.94,65.82,4.37,131.1,2.66,9.4,nan,nan,nan,nan,-216.57,1.16,-218.28,0.43,-211.87,0.27,-214,0.39,nan,nan,nan,nan,nan,nan,nan,nan,nan,nan,nan,nan,nan,nan,nan,nan
Berke_et_al_2019,https://doi.org/10.1016/j.gca.2018.10.020,western Greenland,Kangerlussuaq,GR18 BENA,2014,Betula nana,Betula,nana,shrub,terrestrial,67.02,-50.7,50,2,1,1,nan,nan,nan,nan,nan,nan,nan,nan,nan,nan,nan,nan,nan,nan,nan,nan,nan,nan,nan,nan,nan,nan,nan,nan,nan,nan,nan,nan,nan,nan,nan,nan,nan,nan,nan,nan,nan,nan,nan,nan,nan,1.78,3.93,78.25,19.36,84.62,45.68,115.8,5.2,77.35,4.91,109.26,2.37,7.86,nan,nan,-220.14,0.57,-216.35,0.76,-210.62,0.01,-198.12,0.03,-197.9,0.01,nan,nan,nan,nan,nan,nan,nan,nan,nan,nan,nan,nan,nan,nan,nan,nan
Berke_et_al_2019,https://doi.org/10.1016/j.gca.2018.10.020,western Greenland,Kangerlussuaq,GR2 BENA,2014,Betula nana,Betula,nana,shrub,terrestrial,67.02,-50.7,50,2,1,1,nan,nan,nan,nan,nan,nan,nan,nan,nan,nan,nan,nan,nan,nan,nan,nan,nan,nan,nan,nan,nan,nan,nan,nan,nan,nan,nan,nan,nan,nan,nan,nan,nan,nan,nan,nan,nan,nan,nan,nan,nan,1.55,10.06,28.57,28.87,84.81,40.73,100.39,5.08,74.94,5.14,160.61,5.13,29.23,nan,nan,nan,nan,-213.7,1.34,-211.98,0.8,-206.35,0.1,-207.46,0.83,nan,nan,nan,nan,nan,nan,nan,nan,nan,nan,nan,nan,nan,nan,nan,nan
Berke_et_al_2019,https://doi.org/10.1016/j.gca.2018.10.020,western Greenland,Kangerlussuaq,GR20 BENA,2014,Betula nana,Betula,nana,shrub,terrestrial,67.02,-50.7,50,2,1,1,nan,nan,nan,nan,nan,nan,nan,nan,nan,nan,nan,nan,nan,nan,nan,nan,nan,nan,nan,nan,nan,nan,nan,nan,nan,nan,nan,nan,nan,nan,nan,nan,nan,nan,nan,nan,nan,nan,nan,nan,nan,1.31,4.34,58.88,26.07,53.71,44.87,54.98,5.16,88.08,6.53,178.34,3.97,15.28,nan,nan,-209.2,0.52,-206.55,0.62,-212.51,0.7,-207.31,0.27,-209.76,0.65,nan,nan,nan,nan,nan,nan,nan,nan,nan,nan,nan,nan,nan,nan,nan,nan
Berke_et_al_2019,https://doi.org/10.1016/j.gca.2018.10.020,western Greenland,Kangerlussuaq,GR3 BENA,2014,Betula nana,Betula,nana,shrub,terrestrial,67.02,-50.7,50,2,1,1,nan,nan,nan,nan,nan,nan,nan,nan,nan,nan,nan,nan,nan,nan,nan,nan,nan,nan,nan,nan,nan,nan,nan,nan,nan,nan,nan,nan,nan,nan,nan,nan,nan,nan,nan,nan,nan,nan,nan,nan,nan,1.41,3.62,18.65,15.71,41.16,25.24,61.38,3.67,63.57,4.26,107.38,2.2,8.25,nan,nan,nan,nan,-217.15,0.68,-218.64,0.98,-210.99,0.58,-212.01,1.02,nan,nan,nan,nan,nan,nan,nan,nan,nan,nan,nan,nan,nan,nan,nan,nan
Berke_et_al_2019,https://doi.org/10.1016/j.gca.2018.10.020,western Greenland,Kangerlussuaq,GR4 BENA,2014,Betula nana,Betula,nana,shrub,terrestrial,67.02,-50.7,50,2,1,1,nan,nan,nan,nan,nan,nan,nan,nan,nan,nan,nan,nan,nan,nan,nan,nan,nan,nan,nan,nan,nan,nan,nan,nan,nan,nan,nan,nan,nan,nan,nan,nan,nan,nan,nan,nan,nan,nan,nan,nan,nan,0.88,3.88,12.34,30.19,43.31,60.96,88.04,7.26,79.88,6.1,150.3,3.31,12.63,nan,nan,nan,nan,nan,nan,-223.79,0.13,-212.69,0.74,-213.52,0.18,nan,nan,nan,nan,nan,nan,nan,nan,nan,nan,nan,nan,nan,nan,nan,nan
Berke_et_al_2019,https://doi.org/10.1016/j.gca.2018.10.020,western Greenland,Kangerlussuaq,GR5 BENA,2014,Betula nana,Betula,nana,shrub,terrestrial,67.02,-50.7,50,2,1,1,nan,nan,nan,nan,nan,nan,nan,nan,nan,nan,nan,nan,nan,nan,nan,nan,nan,nan,nan,nan,nan,nan,nan,nan,nan,nan,nan,nan,nan,nan,nan,nan,nan,nan,nan,nan,nan,nan,nan,nan,nan,0,0,45.49,16.47,33.7,18.45,26.04,1.64,29.72,1.61,38.05,0,0,nan,nan,-216.28,0.27,-209.11,0.58,-209.34,0.54,-201.34,0.42,-202.01,0.12,nan,nan,nan,nan,nan,nan,nan,nan,nan,nan,nan,nan,nan,nan,nan,nan
Berke_et_al_2019,https://doi.org/10.1016/j.gca.2018.10.020,western Greenland,Kangerlussuaq,GR6 BENA,2014,Betula nana,Betula,nana,shrub,terrestrial,67.02,-50.7,50,2,1,1,nan,nan,nan,nan,nan,nan,nan,nan,nan,nan,nan,nan,nan,nan,nan,nan,nan,nan,nan,nan,nan,nan,nan,nan,nan,nan,nan,nan,nan,nan,nan,nan,nan,nan,nan,nan,nan,nan,nan,nan,nan,0,3.18,18.48,12.42,14.72,12.12,14.02,0.93,13.2,0.8,16.27,0.34,1.01,nan,nan,-225.22,0.37,-221.74,0.65,-218.37,0.47,-210.58,0.71,-211.79,0.77,nan,nan,nan,nan,nan,nan,nan,nan,nan,nan,nan,nan,nan,nan,nan,nan
Berke_et_al_2019,https://doi.org/10.1016/j.gca.2018.10.020,western Greenland,Kangerlussuaq,GR7 BENA,2014,Betula nana,Betula,nana,shrub,terrestrial,67.02,-50.7,50,2,1,1,nan,nan,nan,nan,nan,nan,nan,nan,nan,nan,nan,nan,nan,nan,nan,nan,nan,nan,nan,nan,nan,nan,nan,nan,nan,nan,nan,nan,nan,nan,nan,nan,nan,nan,nan,nan,nan,nan,nan,nan,nan,0.59,2.11,26,11.41,38.1,13.76,31.73,1.39,15.69,1.03,33.75,0.75,3.86,nan,nan,-209.08,1.91,-210.12,1.54,-210.4,1.17,-200.15,1.57,-201.52,0.75,nan,nan,nan,nan,nan,nan,nan,nan,nan,nan,nan,nan,nan,nan,nan,nan
Berke_et_al_2019,https://doi.org/10.1016/j.gca.2018.10.020,western Greenland,Kangerlussuaq,GR8 BENA,2014,Betula nana,Betula,nana,shrub,terrestrial,67.02,-50.7,50,2,1,1,nan,nan,nan,nan,nan,nan,nan,nan,nan,nan,nan,nan,nan,nan,nan,nan,nan,nan,nan,nan,nan,nan,nan,nan,nan,nan,nan,nan,nan,nan,nan,nan,nan,nan,nan,nan,nan,nan,nan,nan,nan,1.53,5.93,29.73,37.19,75.36,44.61,96.25,4.31,65.98,4.1,78.67,1.93,5.51,nan,nan,nan,nan,-221.63,0.28,-202.31,0.99,-219.06,0.1,-219.42,0.02,nan,nan,nan,nan,nan,nan,nan,nan,nan,nan,nan,nan,nan,nan,nan,nan
Berke_et_al_2019,https://doi.org/10.1016/j.gca.2018.10.020,western Greenland,Kangerlussuaq,GR9 BENA,2014,Betula nana,Betula,nana,shrub,terrestrial,67.02,-50.7,50,2,1,1,nan,nan,nan,nan,nan,nan,nan,nan,nan,nan,nan,nan,nan,nan,nan,nan,nan,nan,nan,nan,nan,nan,nan,nan,nan,nan,nan,nan,nan,nan,nan,nan,nan,nan,nan,nan,nan,nan,nan,nan,nan,2.11,8.04,19.8,33.09,65.3,33.02,73.88,3.2,51.34,2.71,57.27,1.21,4.24,nan,nan,nan,nan,-225.65,0.69,-219.91,1.02,-213.62,0.53,-215.01,0.1,nan,nan,nan,nan,nan,nan,nan,nan,nan,nan,nan,nan,nan,nan,nan,nan
Daniels_et_al_2017,https://doi.org/10.1016/j.gca.2017.06.028,Brooks Range,Toolik,8/6/2013,2013,Betula nana,Betula,nana,shrub,terrestrial,68.5,-149.5,745,2,1,1,199.28,28.3,595.89,123,831.78,325.5,934.24,591.49,1138.18,164.96,246.22,nan,nan,nan,nan,nan,nan,-251.82,nan,-242.77,nan,-245.63,nan,nan,nan,nan,nan,nan,nan,nan,nan,nan,nan,nan,nan,nan,nan,nan,nan,nan,nan,0,15.01,32.9,193.04,163.05,556.31,781.62,24.88,397.88,23.37,670.63,14.08,60.55,nan,nan,nan,nan,-244.82,nan,-228.47,nan,-216.51,nan,nan,nan,nan,nan,nan,nan,nan,nan,nan,nan,nan,nan,nan,nan,nan,nan,nan,nan
Daniels_et_al_2017,https://doi.org/10.1016/j.gca.2017.06.028,Brooks Range,Toolik,8/6/2013,2013,Betula nana,Betula,nana,shrub,terrestrial,68.5,-149.5,745,2,1,1,102.29,11.23,265.85,35.67,257.01,143.8,345.87,945.26,1157.94,30.84,116.34,nan,nan,nan,nan,nan,nan,nan,nan,nan,nan,nan,nan,nan,nan,nan,nan,nan,nan,nan,nan,nan,nan,nan,nan,nan,nan,nan,nan,nan,nan,1.51,1.25,10.21,69.48,54.97,357.75,692.66,20.54,322.39,21.14,549.16,12.99,52.03,nan,nan,nan,nan,nan,nan,nan,nan,nan,nan,nan,nan,nan,nan,nan,nan,nan,nan,nan,nan,nan,nan,nan,nan,nan,nan,nan,nan
Daniels_et_al_2017,https://doi.org/10.1016/j.gca.2017.06.028,Brooks Range,Toolik,8/6/2013,2013,Betula nana,Betula,nana,shrub,terrestrial,68.5,-149.5,745,2,1,1,48.21,5.79,170.4,24.44,239.82,75.36,350.97,162.73,617.59,45.12,50.16,nan,nan,nan,nan,nan,nan,nan,nan,nan,nan,nan,nan,nan,nan,nan,nan,nan,nan,nan,nan,nan,nan,nan,nan,nan,nan,nan,nan,nan,nan,0.53,0.83,10.57,69.18,54.94,207.68,389.45,13.54,242.52,13.8,458.72,7.77,42.66,nan,nan,nan,nan,nan,nan,nan,nan,nan,nan,nan,nan,nan,nan,nan,nan,nan,nan,nan,nan,nan,nan,nan,nan,nan,nan,nan,nan
Daniels_et_al_2017,https://doi.org/10.1016/j.gca.2017.06.028,Brooks Range,Toolik,8/6/2013,2013,Betula nana,Betula,nana,shrub,terrestrial,68.5,-149.5,745,2,1,1,35.02,5.85,139.96,7.88,71.92,10.4,44.49,10.89,66.6,14.11,5.57,nan,nan,nan,nan,nan,nan,nan,nan,nan,nan,nan,nan,nan,nan,nan,nan,nan,nan,nan,nan,nan,nan,nan,nan,nan,nan,nan,nan,nan,nan,2.83,0.36,3.28,1.05,8.9,3.14,62.88,15.65,10.72,2.71,7.43,4.69,2.14,nan,nan,nan,nan,nan,nan,nan,nan,nan,nan,nan,nan,nan,nan,nan,nan,nan,nan,nan,nan,nan,nan,nan,nan,nan,nan,nan,nan
Daniels_et_al_2017,https://doi.org/10.1016/j.gca.2017.06.028,Brooks Range,Toolik,7/17/2014,2014,Betula nana,Betula,nana,shrub,terrestrial,68.5,-149.5,745,2,1,1,43.61,4.02,271.35,9.2,144.7,11.27,92,14.86,119.85,1.89,4.89,nan,nan,nan,nan,-269.26,nan,-245.64,nan,-234.05,nan,-230.54,nan,-255.02,nan,nan,nan,nan,nan,nan,nan,nan,nan,nan,nan,nan,nan,nan,nan,nan,nan,0,0,0,0,32.12,118.41,364.06,21.84,475,34.27,1054.28,32.39,150.05,nan,nan,nan,nan,nan,nan,-236.02,nan,-222.92,nan,-227.82,nan,nan,nan,nan,nan,nan,nan,nan,nan,nan,nan,nan,nan,nan,nan,nan,nan
Daniels_et_al_2017,https://doi.org/10.1016/j.gca.2017.06.028,Brooks Range,Toolik,7/17/2014,2014,Betula nana,Betula,nana,shrub,terrestrial,68.5,-149.5,745,2,1,1,17.46,2.92,107.9,8.61,94.44,10.16,102.67,9.37,96.02,2.02,3.86,nan,nan,nan,nan,-274.03,nan,-250.31,nan,-239.33,nan,-231.24,nan,nan,nan,nan,nan,nan,nan,nan,nan,nan,nan,nan,nan,nan,nan,nan,nan,nan,nan,0,0,0,89.26,74.56,195.61,305.86,12.39,315.7,22.98,548.47,15.24,53.07,nan,nan,nan,nan,nan,nan,-229.32,nan,-216.22,nan,-226.59,nan,nan,nan,nan,nan,nan,nan,nan,nan,nan,nan,nan,nan,nan,nan,nan,nan
Daniels_et_al_2017,https://doi.org/10.1016/j.gca.2017.06.028,Brooks Range,Toolik,7/17/2014,2014,Betula nana,Betula,nana,shrub,terrestrial,68.5,-149.5,745,2,1,1,20.37,3.08,115.19,9.2,96.13,11.17,96.13,6.71,82.59,1.4,3.2,nan,nan,nan,nan,-262.04,nan,-247.51,nan,-239.89,nan,-241.32,nan,nan,nan,nan,nan,nan,nan,nan,nan,nan,nan,nan,nan,nan,nan,nan,nan,nan,nan,0,0,0,38.65,39.72,136.52,266.31,36.09,290.35,19.8,506.36,14.77,47.12,nan,nan,nan,nan,nan,nan,-240.58,nan,-232.23,nan,-238.36,nan,nan,nan,nan,nan,nan,nan,nan,nan,nan,nan,nan,nan,nan,nan,nan,nan
Daniels_et_al_2017,https://doi.org/10.1016/j.gca.2017.06.028,Brooks Range,Toolik,7/17/2014,2014,Betula nana,Betula,nana,shrub,terrestrial,68.5,-149.5,745,2,1,1,39.89,2.75,147.29,7.99,142.3,11.8,101.84,8.45,112.73,1.61,3.85,nan,nan,nan,nan,-269.67,nan,-251.67,nan,-242.96,nan,-233.91,nan,nan,nan,nan,nan,nan,nan,nan,nan,nan,nan,nan,nan,nan,nan,nan,nan,nan,nan,0,0,0,0,50.97,46.86,470.98,18.08,301.15,21.26,474.27,15.45,59.86,nan,nan,nan,nan,nan,nan,-237.49,nan,-220.85,nan,-223.52,nan,nan,nan,nan,nan,nan,nan,nan,nan,nan,nan,nan,nan,nan,nan,nan,nan
Daniels_et_al_2017,https://doi.org/10.1016/j.gca.2017.06.028,Brooks Range,Toolik,7/17/2014,2014,Betula nana,Betula,nana,shrub,terrestrial,68.5,-149.5,745,2,1,1,26.47,3.23,167.36,11.65,132.89,21.87,163.12,26.63,166.23,2.65,7.95,nan,nan,nan,nan,-266.87,nan,-247.29,nan,-246.6,nan,-243.35,nan,nan,nan,nan,nan,nan,nan,nan,nan,nan,nan,nan,nan,nan,nan,nan,nan,nan,nan,0,0,0,45.54,90.75,204.73,637.77,58.09,406.76,24.44,644.63,44.93,65.09,nan,nan,nan,nan,nan,nan,-241.09,nan,-228.65,nan,-232.22,nan,nan,nan,nan,nan,nan,nan,nan,nan,nan,nan,nan,nan,nan,nan,nan,nan
Daniels_et_al_2017,https://doi.org/10.1016/j.gca.2017.06.028,Brooks Range,Toolik,7/17/2014,2014,Betula nana,Betula,nana,shrub,terrestrial,68.5,-149.5,745,2,1,1,26.11,2.99,157.68,10.65,112.75,18.67,133.09,21.43,130,2.24,6.43,nan,nan,nan,nan,nan,nan,nan,nan,nan,nan,nan,nan,nan,nan,nan,nan,nan,nan,nan,nan,nan,nan,nan,nan,nan,nan,nan,nan,nan,nan,0,0,0,75.92,141.33,194.93,655.45,47.52,371.48,21.64,566.5,41.33,55.29,nan,nan,nan,nan,nan,nan,-237.69,nan,-230.79,nan,-234.22,nan,nan,nan,nan,nan,nan,nan,nan,nan,nan,nan,nan,nan,nan,nan,nan,nan
Daniels_et_al_2017,https://doi.org/10.1016/j.gca.2017.06.028,Brooks Range,Toolik,7/17/2014,2014,Betula nana,Betula,nana,shrub,terrestrial,68.5,-149.5,745,2,1,1,40.43,2.92,187.52,8.48,137.09,12.6,114.05,9.3,142.78,2.06,4.73,nan,nan,nan,nan,nan,nan,nan,nan,nan,nan,nan,nan,nan,nan,nan,nan,nan,nan,nan,nan,nan,nan,nan,nan,nan,nan,nan,nan,nan,nan,0,0,0,22.32,78.11,89.71,738.6,25.79,396.79,24.58,493.22,17.08,58.28,nan,nan,nan,nan,nan,nan,nan,nan,nan,nan,nan,nan,nan,nan,nan,nan,nan,nan,nan,nan,nan,nan,nan,nan,nan,nan,nan,nan
Daniels_et_al_2017,https://doi.org/10.1016/j.gca.2017.06.028,Brooks Range,Toolik,7/17/2014,2014,Betula nana,Betula,nana,shrub,terrestrial,68.5,-149.5,745,2,1,1,5.07,0.24,5.79,0.3,3.83,0.19,0.74,0.13,0.3,0.03,0.03,nan,nan,nan,nan,nan,nan,nan,nan,nan,nan,nan,nan,nan,nan,nan,nan,nan,nan,nan,nan,nan,nan,nan,nan,nan,nan,nan,nan,nan,nan,0,0,18.52,14.9,64.72,46.97,351.78,9.23,247.63,17.12,428.36,13.15,41.6,nan,nan,nan,nan,nan,nan,nan,nan,nan,nan,nan,nan,nan,nan,nan,nan,nan,nan,nan,nan,nan,nan,nan,nan,nan,nan,nan,nan
Daniels_et_al_2017,https://doi.org/10.1016/j.gca.2017.06.028,Brooks Range,Toolik,7/19/2014,2014,Betula nana,Betula,nana,shrub,terrestrial,68.5,-149.5,745,2,1,1,27.53,1.96,139.39,5.58,89.89,9.95,77.27,13.73,96.05,2.04,6.08,nan,nan,nan,nan,-282.28,nan,-267.59,nan,-248.55,nan,-248.49,nan,-250.08,nan,nan,nan,nan,nan,nan,nan,nan,nan,nan,nan,nan,nan,nan,nan,nan,nan,0,0,0,0,63.03,92.55,326.1,12.12,280.05,22.22,701.95,28.26,124.6,nan,nan,nan,nan,nan,nan,-249.13,nan,-237.67,nan,-243.57,nan,nan,nan,nan,nan,nan,nan,nan,nan,nan,nan,nan,nan,nan,nan,nan,nan
Daniels_et_al_2017,https://doi.org/10.1016/j.gca.2017.06.028,Brooks Range,Toolik,7/19/2014,2014,Betula nana,Betula,nana,shrub,terrestrial,68.5,-149.5,745,2,1,1,14.78,1.32,92.36,4,59.93,5.98,53.17,5.92,61.13,1.28,3.74,nan,nan,nan,nan,nan,nan,nan,nan,nan,nan,nan,nan,nan,nan,nan,nan,nan,nan,nan,nan,nan,nan,nan,nan,nan,nan,nan,nan,nan,nan,0,0,0,43.44,76.68,131.97,317.21,12.62,286.45,20.17,660.46,22.68,104.32,nan,nan,nan,nan,nan,nan,nan,nan,nan,nan,nan,nan,nan,nan,nan,nan,nan,nan,nan,nan,nan,nan,nan,nan,nan,nan,nan,nan
Daniels_et_al_2017,https://doi.org/10.1016/j.gca.2017.06.028,Brooks Range,Toolik,8/7/2014,2014,Betula nana,Betula,nana,shrub,terrestrial,68.5,-149.5,745,2,1,1,29.13,3.38,106.95,9.57,103.36,14.06,134.93,12.86,127.48,2.17,4.8,nan,nan,nan,nan,-263.81,nan,-242.22,nan,-242.55,nan,-235.54,nan,nan,nan,nan,nan,nan,nan,nan,nan,nan,nan,nan,nan,nan,nan,nan,nan,nan,nan,0,0,23.53,113.06,132.24,269.96,689.51,69.94,351.72,69.88,575.14,39.5,60.88,nan,nan,nan,nan,nan,nan,-236.5,nan,-224.88,nan,-224.23,nan,nan,nan,nan,nan,nan,nan,nan,nan,nan,nan,nan,nan,nan,nan,nan,nan
Daniels_et_al_2017,https://doi.org/10.1016/j.gca.2017.06.028,Brooks Range,Toolik,8/7/2014,2014,Betula nana,Betula,nana,shrub,terrestrial,68.5,-149.5,745,2,1,1,70.7,6.69,316.55,17.03,189.43,28.26,243.24,29.6,245.54,3.65,12.53,nan,nan,nan,nan,-269.17,nan,-245.71,nan,-244.6,nan,-234.89,nan,-240.62,nan,nan,nan,nan,nan,nan,nan,nan,nan,nan,nan,nan,nan,nan,nan,nan,nan,0,0,73.04,193.7,263.53,548.48,761.04,191.75,491.08,109.86,1223.37,54.27,168.34,nan,nan,nan,nan,-249.93,nan,-244.04,nan,-232.37,nan,-235.26,nan,nan,nan,nan,nan,nan,nan,nan,nan,nan,nan,nan,nan,nan,nan,nan,nan
Daniels_et_al_2017,https://doi.org/10.1016/j.gca.2017.06.028,Brooks Range,Toolik,8/7/2014,2014,Betula nana,Betula,nana,shrub,terrestrial,68.5,-149.5,745,2,1,1,19.65,2.32,70.92,6.75,101.05,10.13,106.65,10.15,139.66,2.24,5.96,nan,nan,nan,nan,nan,nan,-245.98,nan,-240.03,nan,-237.91,nan,nan,nan,nan,nan,nan,nan,nan,nan,nan,nan,nan,nan,nan,nan,nan,nan,nan,nan,0,0,17.88,74.47,96.85,238.54,859.79,28.91,496.28,36.82,859.06,30.67,103.08,nan,nan,nan,nan,nan,nan,-240.07,nan,-227.88,nan,-228.63,nan,nan,nan,nan,nan,nan,nan,nan,nan,nan,nan,nan,nan,nan,nan,nan,nan
Daniels_et_al_2017,https://doi.org/10.1016/j.gca.2017.06.028,Brooks Range,Toolik,8/8/2014,2014,Betula nana,Betula,nana,shrub,terrestrial,68.5,-149.5,745,2,1,1,24.41,2.94,88.94,7.81,147.35,11.76,129.16,7.95,76.4,1.15,2.58,nan,nan,nan,nan,-254.78,nan,-240.02,nan,-230.24,nan,-225.41,nan,-229.75,nan,nan,nan,nan,nan,nan,nan,nan,nan,nan,nan,nan,nan,nan,nan,nan,nan,0,0,22.7,39.85,123.53,78.94,855.89,40.61,369.34,28.64,712.24,32.21,128.36,nan,nan,nan,nan,nan,nan,-232.71,nan,-225.39,nan,-228.95,nan,nan,nan,nan,nan,nan,nan,nan,nan,nan,nan,nan,nan,nan,nan,nan,nan
Daniels_et_al_2017,https://doi.org/10.1016/j.gca.2017.06.028,Brooks Range,Toolik,8/8/2014,2014,Betula nana,Betula,nana,shrub,terrestrial,68.5,-149.5,745,2,1,1,4.17,0.34,16.61,0.74,16.33,0.94,8.64,0.79,9.76,0.17,0.4,nan,nan,nan,nan,-260.87,nan,-246.2,nan,-236.83,nan,-238.53,nan,nan,nan,nan,nan,nan,nan,nan,nan,nan,nan,nan,nan,nan,nan,nan,nan,nan,nan,0,0,7.54,9.96,15.24,8.41,108.62,2.47,34.82,2.06,54.78,1.97,8.43,nan,nan,nan,nan,-236.41,nan,-232.61,nan,-223.12,nan,-221.38,nan,nan,nan,nan,nan,nan,nan,nan,nan,nan,nan,nan,nan,nan,nan,nan,nan
Daniels_et_al_2017,https://doi.org/10.1016/j.gca.2017.06.028,Brooks Range,Toolik,8/8/2014,2014,Betula nana,Betula,nana,shrub,terrestrial,68.5,-149.5,745,2,1,1,40.34,3.64,195.6,7.99,142.12,9.89,136.73,11.78,200.45,3.31,6.69,nan,nan,nan,nan,-266.92,nan,-247.66,nan,-247.97,nan,-248.58,nan,nan,nan,nan,nan,nan,nan,nan,nan,nan,nan,nan,nan,nan,nan,nan,nan,nan,nan,0,0,61.01,30.74,141.22,101.37,923.59,39.68,555.83,39.84,745.77,30.76,94.11,nan,nan,nan,nan,nan,nan,-243.01,nan,-233.46,nan,-233.89,nan,nan,nan,nan,nan,nan,nan,nan,nan,nan,nan,nan,nan,nan,nan,nan,nan
Dion-Kirschner_et_al_2020,https://doi.org/10.1016/j.gca.2020.07.027,western Greenland,LSL,10N,2015,Betula nana,Betula,nana,shrub,terrestrial,67.03,-50.31,124,2,1,1,32.89,nan,80.23,5.79,16.33,4.96,79.73,65.67,5.76,nan,nan,nan,nan,nan,nan,nan,nan,-234.8,4.93,-217.64,5.59,-221.07,5.1,nan,nan,nan,nan,nan,nan,-32.47,0.28,-28.24,0.32,-33.68,0.68,-28.4,0.24,nan,nan,nan,nan,3.17,9.11,22.39,7.3,39.35,5.56,84.53,5.56,114.27,9.87,266.48,nan,nan,nan,nan,-200.94,5.37,-211.14,6.39,-221.23,5,-220.98,5,-224.46,4.76,nan,nan,-32.21,0.47,-30.67,0.54,-30.32,0.21,-31.63,0.38,-33.01,0.21,-32.99,0.13,nan,nan
Dion-Kirschner_et_al_2020,https://doi.org/10.1016/j.gca.2020.07.027,western Greenland,LSL,10S,2015,Betula nana,Betula,nana,shrub,terrestrial,67.03,-50.31,124,2,1,1,21.09,nan,40.75,4.15,47.87,3.89,43.56,44.44,3.59,nan,nan,nan,nan,nan,nan,-226.67,4.91,-228.56,5.08,-211.49,4.91,-217.1,5.04,nan,nan,nan,nan,-32.81,0.59,-34.14,0.25,-32.33,0.36,-31.24,0.26,-31.75,0.37,nan,nan,nan,nan,1.52,6.84,59.44,6.88,50.81,5.87,117.33,5.83,88.27,6.22,154.33,nan,nan,nan,nan,-212.55,5.58,-211.84,4.76,-210.47,4.77,-203.42,5.24,-204.93,4.88,nan,nan,nan,nan,-33.77,0.28,-32.53,0.29,-33.2,0.14,-33.92,0.23,-33.92,0.13,nan,nan
Dion-Kirschner_et_al_2020,https://doi.org/10.1016/j.gca.2020.07.027,western Greenland,LSL,20W,2015,Betula nana,Betula,nana,shrub,terrestrial,67.03,-50.31,124,2,1,1,28.42,1.43,128.35,7.07,121.49,4.64,80.86,90.49,10.2,nan,nan,nan,nan,nan,nan,-214.54,6.44,-233.37,5.39,-218.86,5.15,-225.29,5.53,nan,nan,nan,nan,nan,nan,-33.18,0.35,-30.76,0.3,-30.85,0.35,-30.92,0.26,nan,nan,nan,nan,1.68,4.94,32.86,5.45,72.14,5.21,106.82,3.97,68.66,4.68,142.61,nan,nan,nan,nan,-214.58,4.82,-223.65,4.97,-223.88,4.82,-216.36,5.33,-221.51,4.81,nan,nan,nan,nan,-32.45,0.13,-32.75,0.22,-33.48,0.13,-34.01,0.13,-33.91,0.17,nan,nan
Dion-Kirschner_et_al_2020,https://doi.org/10.1016/j.gca.2020.07.027,western Greenland,LSL,30S,2015,betula nana,Betula,nana,shrub,terrestrial,67.03,-50.31,124,2,1,1,20.62,0.82,74.33,6.94,104.79,2.05,84.35,85.5,6.46,nan,nan,nan,nan,nan,nan,nan,nan,-232.66,4.91,-214.98,9.58,-214.79,7.76,nan,nan,nan,nan,nan,nan,-34.33,0.32,-31.67,0.25,-31.37,0.46,-31.77,0.3,nan,nan,nan,nan,1.79,5.28,20.34,5.02,35.06,4.72,111.25,5.55,139.6,8.12,215.96,nan,nan,nan,nan,-214.07,5.65,-225.45,4.83,-215.77,4.78,-208.72,4.8,-210.99,4.78,nan,nan,nan,nan,-33.36,0.28,-33.34,0.24,-34.42,0.13,-34.71,0.15,-34.3,0.28,nan,nan
Dion-Kirschner_et_al_2020,https://doi.org/10.1016/j.gca.2020.07.027,western Greenland,LSL,40E,2015,Betula nana,Betula,nana,shrub,terrestrial,67.03,-50.31,124,2,1,1,25.76,0.53,70.62,4.57,66.32,3.57,43.84,45.69,4.18,nan,nan,nan,nan,nan,nan,nan,nan,-239.74,5.59,-227.58,6.82,-232.53,5.12,nan,nan,nan,nan,nan,nan,-33.39,0.6,-30.33,0.25,-30.25,0.25,-30.02,0.3,nan,nan,nan,nan,2.42,7.33,12.18,0.14,20.31,4.77,63.82,4.43,68.23,4.48,73.24,nan,nan,nan,nan,-210.36,5.7,-217.02,5.04,-222.08,4.76,-222.21,4.76,-227.29,4.76,nan,nan,nan,nan,-32.61,0.2,-32.09,0.16,-32.57,0.14,-32.93,0.14,-32.63,0.14,nan,nan
Dion-Kirschner_et_al_2020,https://doi.org/10.1016/j.gca.2020.07.027,western Greenland,LSL,50N,2015,Betula nana,Betula,nana,shrub,terrestrial,67.03,-50.31,124,2,1,1,28.52,nan,89.72,5.45,98.63,4.37,52.47,59.82,6.43,nan,nan,nan,nan,nan,nan,-218.54,4.91,-247.33,4.91,-239.04,4.91,-234.21,4.91,nan,nan,nan,nan,-34.49,0.26,-34.42,0.28,-30.01,0.26,-29.76,0.24,-30.14,0.24,nan,nan,nan,nan,1.92,5.45,44.64,5.58,88.72,5.37,127.41,4.35,63.14,4.51,90.79,nan,nan,nan,nan,-211.81,4.76,-222.04,4.77,-222.22,4.78,-213.41,5.57,-219.21,4.76,nan,nan,nan,nan,-30.88,0.27,-31.71,0.16,-31.91,0.24,-33.34,0.13,-33.33,0.13,nan,nan
Oconnor_et_al_2020,https://doi.org/10.1016/j.orggeochem.2020.104064,AK transect,Sagwon,S10_BENA,2016,Betula nana,Betula,nana,shrub,terrestrial,69.42,-148.69,304,2,1,0,nan,nan,0,nan,0,nan,30,nan,70,nan,0,nan,0,nan,nan,nan,nan,nan,nan,-246,2,-243,1,nan,nan,nan,nan,nan,nan,nan,nan,nan,nan,nan,nan,nan,nan,nan,nan,nan,nan,nan,nan,0,nan,20,nan,20,nan,50,nan,10,nan,nan,nan,nan,nan,nan,-227,nan,-214,1,-222,1,nan,nan,nan,nan,nan,nan,nan,nan,nan,nan,nan,nan,nan,nan,nan,nan,nan,nan
Oconnor_et_al_2020,https://doi.org/10.1016/j.orggeochem.2020.104064,AK transect,Finger_Mountain,S4_BENA,2016,Betula nana,Betula,nana,shrub,terrestrial,66.36,-150.46,642,2,1,0,nan,nan,0,nan,0,nan,30,nan,70,nan,0,nan,0,nan,nan,nan,nan,nan,nan,-219,1,-213,1,nan,nan,nan,nan,nan,nan,nan,nan,nan,nan,nan,nan,nan,nan,nan,nan,nan,nan,nan,nan,0,nan,40,nan,20,nan,30,nan,0,nan,nan,nan,nan,nan,nan,-205,1,-188,4,-190,3,nan,nan,nan,nan,nan,nan,nan,nan,nan,nan,nan,nan,nan,nan,nan,nan,nan,nan
Oconnor_et_al_2020,https://doi.org/10.1016/j.orggeochem.2020.104064,AK transect,Coldfoot,S6_BENA,2016,Betula nana,Betula,nana,shrub,terrestrial,67.32,-150.15,347,2,1,0,nan,nan,0,nan,0,nan,40,nan,60,nan,0,nan,0,nan,nan,nan,nan,nan,nan,-217,2,-212,0,nan,nan,nan,nan,nan,nan,nan,nan,nan,nan,nan,nan,nan,nan,nan,nan,nan,nan,nan,nan,10,nan,20,nan,20,nan,40,nan,10,nan,nan,nan,nan,nan,nan,-208,2,-190,1,-195,1,nan,nan,nan,nan,nan,nan,nan,nan,nan,nan,nan,nan,nan,nan,nan,nan,nan,nan
Oconnor_et_al_2020,https://doi.org/10.1016/j.orggeochem.2020.104064,AK transect,Slope_Mountain,S8_BENA,2016,Betula nana,Betula,nana,shrub,terrestrial,68.69,-149.08,717,2,1,0,nan,nan,0,nan,0,nan,20,nan,80,nan,0,nan,0,nan,nan,nan,nan,nan,nan,-230,0,-231,0,nan,nan,nan,nan,nan,nan,nan,nan,nan,nan,nan,nan,nan,nan,nan,nan,nan,nan,nan,nan,0,nan,40,nan,20,nan,30,nan,0,nan,nan,nan,nan,nan,nan,-220,1,-208,1,-206,0,nan,nan,nan,nan,nan,nan,nan,nan,nan,nan,nan,nan,nan,nan,nan,nan,nan,nan
Thomas_et_al_2016,https://doi.org/10.1002/2016GL068513,western Greenland,N3,N3p_13,2010,Betula nana,Betula,nana,shrub,terrestrial,68.636,-50.981,59,2,1,1,20.7,3.4,113.4,9.8,159.4,11.3,136.8,3.9,191.3,3,15.6,0,2.2,nan,nan,nan,nan,nan,nan,nan,nan,nan,nan,nan,nan,nan,nan,nan,nan,nan,nan,nan,nan,nan,nan,nan,nan,nan,nan,nan,nan,27,nan,693,nan,1123,nan,1824,nan,1682,nan,1688,nan,78,nan,nan,-217.703666666667,0.671245360008784,-222.1,4.21677590108841,-218.114333333333,1.18344173212429,-198.743333333333,3.19924683845016,-205.384333333333,1.88715376515358,-175.174333333333,9.76674266750863,nan,nan,nan,nan,nan,nan,nan,nan,nan,nan,nan,nan,nan,nan
Balascio_et_al_2018,https://doi.org/10.1016/j.orggeochem.2018.03.008,northern Norway,Hollabattjonnen,Balascio_8,2013,Betula pubescens,Betula,pubescens,tree,terrestrial,69.74,19.13,25,1,1,0,nan,nan,nan,nan,nan,nan,nan,nan,nan,nan,nan,nan,nan,nan,nan,nan,nan,nan,nan,nan,nan,nan,nan,nan,nan,nan,nan,nan,nan,nan,nan,nan,nan,nan,nan,nan,nan,nan,nan,nan,nan,0.95,nan,25.35,nan,27.64,nan,43.12,nan,2.39,nan,0.54,nan,0,nan,nan,nan,nan,-169,4,-161,4,-142,4,-142,4,nan,nan,nan,nan,nan,nan,nan,nan,nan,nan,nan,nan,nan,nan,nan,nan
Wilkie_et_al_2013,https://doi.org/10.5194/cp-9-335-2013,Far East Russia,Elgygytgyn,Wilkie_6,2003,Bryophyta,Unidentified_bryophyta,Unidentified_bryophyta,moss,terrestrial,67.5,172.1,492,6,1,0,3.2,nan,6.1,nan,nan,nan,nan,nan,71.2,nan,3.9,nan,nan,nan,nan,nan,nan,nan,nan,nan,nan,-259,5,nan,nan,nan,nan,nan,nan,nan,nan,nan,nan,nan,nan,nan,nan,nan,nan,nan,nan,nan,nan,nan,nan,nan,nan,nan,nan,nan,nan,nan,nan,nan,nan,nan,nan,nan,nan,nan,nan,nan,nan,nan,nan,nan,nan,nan,nan,nan,nan,nan,nan,nan,nan,nan,nan,nan,nan,nan,nan,nan
Lindberg_et_al,https://doi.org/10.5194/egusphere-2025-3849,Baffin Island,AFR,KVH238,2019,Bryum cryophyllum,Bryum,cryophyllum,moss,terrestrial,72.42,-77.44,895,6,1,1,285.42,2.24,808.98,34.17,1368.94,24.99,240.05,0,108.2,0,44.9,45.73,66.69,nan,nan,nan,nan,nan,nan,nan,nan,nan,nan,nan,nan,nan,nan,nan,nan,nan,nan,nan,nan,nan,nan,nan,nan,nan,nan,nan,nan,27.92,19.89,43.56,19.18,35.14,29.35,36.5,14.99,31.38,10.02,33.84,8.41,16.9,nan,nan,nan,nan,nan,nan,nan,nan,nan,nan,nan,nan,nan,nan,nan,nan,nan,nan,nan,nan,nan,nan,nan,nan,nan,nan,nan,nan
Berke_et_al_2019,https://doi.org/10.1016/j.gca.2018.10.020,western Greenland,Kangerlussuaq,GR4 CALA,2014,Calamagrostis lapponica,Calamagrostis,lapponica,graminoid,terrestrial,67.02,-50.7,50,5,1,1,nan,nan,nan,nan,nan,nan,nan,nan,nan,nan,nan,nan,nan,nan,nan,nan,nan,nan,nan,nan,nan,nan,nan,nan,nan,nan,nan,nan,nan,nan,nan,nan,nan,nan,nan,nan,nan,nan,nan,nan,nan,0,1.4,2.49,1.87,4.12,1.56,5.36,1.16,10.58,0.6,6.19,0.39,2.48,nan,nan,nan,nan,nan,nan,-249.39,2.31,-251.81,0.91,nan,nan,nan,nan,nan,nan,nan,nan,nan,nan,nan,nan,nan,nan,nan,nan,nan,nan
Berke_et_al_2019,https://doi.org/10.1016/j.gca.2018.10.020,western Greenland,Kangerlussuaq,GR6 CALA,2014,Calamagrostis lapponica,Calamagrostis,lapponica,graminoid,terrestrial,67.02,-50.7,50,5,1,1,nan,nan,nan,nan,nan,nan,nan,nan,nan,nan,nan,nan,nan,nan,nan,nan,nan,nan,nan,nan,nan,nan,nan,nan,nan,nan,nan,nan,nan,nan,nan,nan,nan,nan,nan,nan,nan,nan,nan,nan,nan,1.38,0.79,5.81,2.2,19.44,2.18,83.55,1.3,22.23,0.54,4.63,0.35,1.49,nan,nan,nan,nan,-265.75,0.35,-288.72,0.34,-273.25,0.35,nan,nan,nan,nan,nan,nan,nan,nan,nan,nan,nan,nan,nan,nan,nan,nan,nan,nan
Lindberg_et_al,https://doi.org/10.5194/egusphere-2025-3849,Baffin Island,3LN,KRL-081,2019,Calliergon sarmentosum,Calliergon,sarmentosum,moss,terrestrial,58.1,-68.46,61,6,1,1,8.96,13.78,18.36,1.95,19.88,1.7,17.14,0.86,20.72,0.25,9.8,0,2.29,nan,nan,nan,nan,nan,nan,nan,nan,nan,nan,nan,nan,nan,nan,nan,nan,nan,nan,nan,nan,nan,nan,nan,nan,nan,nan,nan,nan,1.33,0.6,6.84,2.01,100.81,5.1,227.6,3.09,151.99,0.37,29.5,0,0,nan,nan,nan,nan,nan,nan,nan,nan,nan,nan,nan,nan,nan,nan,nan,nan,nan,nan,nan,nan,nan,nan,nan,nan,nan,nan,nan,nan
Dion-Kirschner_et_al_2020,https://doi.org/10.1016/j.gca.2020.07.027,western Greenland,LSL,40N,2015,Campanula rotundifolia,Campanula,rotundifolia,forb,terrestrial,67.03,-50.31,124,3,1,1,11.7,0.33,10.44,2.93,14.31,2.73,7.5,5.28,8.43,nan,nan,nan,nan,nan,nan,-197.72,5.22,-210.23,5.39,-207.59,5.4,-203.89,4.93,nan,nan,nan,nan,nan,nan,-37.01,0.39,-36.85,0.32,-37.16,0.24,-37.62,0.29,nan,nan,nan,nan,1.18,4.94,3.34,4.4,14.17,3.62,25.86,5.15,128.29,4.72,39.99,nan,nan,nan,nan,nan,nan,nan,nan,-217.27,4.77,-249.01,4.76,-242.79,4.87,nan,nan,nan,nan,-34.07,0.46,-35.39,0.14,-34.94,0.16,-34.46,0.15,-34.82,0.14,nan,nan
Lindberg_et_al,https://doi.org/10.5194/egusphere-2025-3849,Baffin Island,CF8,KRL-054,2019,Carex bigelowii,Carex,bigelowii,graminoid,terrestrial,70.56,-68.95,195,5,1,1,44.55,8.9,41.38,10.13,19.77,6.28,8.76,6.42,19.49,4.35,4.9,4.08,4.35,nan,nan,nan,nan,nan,nan,nan,nan,nan,nan,nan,nan,nan,nan,nan,nan,nan,nan,nan,nan,nan,nan,nan,nan,nan,nan,nan,nan,5.6,2.7,29.09,2.73,29,5.84,53.36,2.24,3.77,2.7,2.11,1.6,1.92,nan,nan,nan,nan,nan,nan,nan,nan,nan,nan,nan,nan,nan,nan,nan,nan,nan,nan,nan,nan,nan,nan,nan,nan,nan,nan,nan,nan
Dion-Kirschner_et_al_2020,https://doi.org/10.1016/j.gca.2020.07.027,western Greenland,LSL,0S,2015,Carex fuliginosa,Carex,fuliginosa,graminoid,terrestrial,67.03,-50.31,124,5,1,1,5.69,0.86,6.23,1.61,14.13,0.1,6.84,15.73,5.38,nan,nan,nan,nan,nan,nan,nan,nan,-155.41,4.95,-167.86,6.46,-192.5,5.24,nan,nan,nan,nan,nan,nan,-29.71,0.49,-35.14,0.26,-35.45,0.27,-36.45,0.25,nan,nan,nan,nan,6.14,6.88,16.1,4.94,11.08,3.29,23.3,2.58,27.62,1.36,1.18,nan,nan,nan,nan,-200.29,4.88,-200.17,4.81,-205.99,5.98,-205.65,5.23,nan,nan,nan,nan,-34.86,0.35,-30.12,0.31,-31.53,0.16,-32.47,0.3,-34.06,0.29,-35.77,0.39,nan,nan
Lindberg_et_al,https://doi.org/10.5194/egusphere-2025-3849,Baffin Island,3LN,KRL-067,2019,Carex lenticularis,Carex,lenticularis,graminoid,terrestrial,58.1,-68.46,61,5,1,1,23.22,8.03,26.01,8.87,28.1,8.31,31.58,11.38,141.54,6.78,26.01,4.41,6.36,nan,nan,-248.79,3.89,-247.56,3.6,-266.52,6,-293.03,3.67,nan,nan,nan,nan,nan,nan,-34.22,0.26,-34.66,0.19,-33.43,0.17,-32.25,0.2,nan,nan,nan,nan,16.36,4.41,37.74,5.18,18.63,6.34,101.97,5.72,27.53,5.8,5.46,3.91,3.75,nan,nan,nan,nan,nan,nan,nan,nan,nan,nan,nan,nan,nan,nan,nan,nan,nan,nan,nan,nan,nan,nan,nan,nan,nan,nan,nan,nan
Hollister_et_al_2022,https://doi.org/10.1029/2022JG006903,Baffin Island,QPT,KVH209,2019,Carex membranacea,Carex,membranacea,graminoid,terrestrial,63.68,-68.2,33,5,1,1,170.91,21.5,91.1,21.87,38.76,12.76,24.78,8.16,15.46,7.15,9.6,6.59,7.25,nan,nan,-240.6,2.61,-217.28,3.09,-214.18,3.83,nan,nan,nan,nan,nan,nan,nan,nan,-36,0.12,-36.51,0.13,-36.29,0.24,-35.99,0.53,nan,nan,nan,nan,6.29,4.16,8.9,4.34,18.75,4.54,24.6,4.4,43.14,3.56,10.43,0,3.54,nan,nan,nan,nan,nan,nan,nan,nan,nan,nan,nan,nan,nan,nan,nan,nan,nan,nan,nan,nan,nan,nan,nan,nan,nan,nan,nan,nan
Hollister_et_al_2022,https://doi.org/10.1029/2022JG006903,Baffin Island,QPT,KVH250,2019,Carex rariflora,Carex,rariflora ,graminoid,terrestrial,63.68,-68.2,33,5,1,1,61.56,15.87,115.46,17.91,59.88,12.81,30.44,12.7,47.18,7.15,10.39,6.22,7.01,nan,nan,nan,nan,nan,nan,nan,nan,nan,nan,nan,nan,nan,nan,nan,nan,nan,nan,nan,nan,nan,nan,nan,nan,nan,nan,nan,nan,4.24,0.94,17.96,4.36,19.21,8.77,56.38,0.4,5.84,0.79,0.07,1.42,2.85,nan,nan,nan,nan,nan,nan,nan,nan,nan,nan,nan,nan,nan,nan,nan,nan,nan,nan,nan,nan,nan,nan,nan,nan,nan,nan,nan,nan
Lindberg_et_al,https://doi.org/10.5194/egusphere-2025-3849,Baffin Island,3LN,KRL-068,2019,Carex rariflora,Carex,rariflora ,graminoid,terrestrial,58.1,-68.46,61,5,1,1,16.62,4.92,24.75,7.45,28.25,4.5,14.75,3.41,18.73,2.09,3.29,1.79,2.15,nan,nan,nan,nan,nan,nan,nan,nan,nan,nan,nan,nan,nan,nan,nan,nan,nan,nan,nan,nan,nan,nan,nan,nan,nan,nan,nan,nan,4.49,1.64,4.36,1.7,2.9,2,9.21,1.54,3.1,2.43,1.97,1.27,1.48,nan,nan,nan,nan,nan,nan,nan,nan,nan,nan,nan,nan,nan,nan,nan,nan,nan,nan,nan,nan,nan,nan,nan,nan,nan,nan,nan,nan
Dion-Kirschner_et_al_2020,https://doi.org/10.1016/j.gca.2020.07.027,western Greenland,LSL,10W,2015,Carex rostrata,Carex,rostrata,graminoid,terrestrial,67.03,-50.31,124,5,1,1,21.22,nan,35.46,8.55,33.65,0.06,26.47,14.15,5.91,nan,nan,nan,nan,nan,nan,-245.61,6.55,-255.21,4.93,-237.35,5.14,-239.02,5.24,nan,nan,nan,nan,-29.83,0.29,-33.7,0.38,-33.53,0.27,-33.49,0.39,-33.53,0.34,nan,nan,nan,nan,2.27,5.46,7.12,5.46,18.14,3.51,14.79,2.27,34.4,2.42,29.55,nan,nan,nan,nan,nan,nan,nan,nan,nan,nan,-238.55,5.32,-232.11,5.23,nan,nan,nan,nan,-34.94,0.38,-34.75,0.17,-34.14,0.36,-33.58,0.25,-33.77,0.25,nan,nan
Dion-Kirschner_et_al_2020,https://doi.org/10.1016/j.gca.2020.07.027,western Greenland,LSL,40S,2015,Carex scirpoidea,Carex,scripoidea,graminoid,terrestrial,67.03,-50.31,124,5,1,1,15.61,1.1,20.43,5.71,18.78,3.68,12.19,15.09,8.29,nan,nan,nan,nan,nan,nan,nan,nan,-256.83,5.15,-239.13,4.91,-254.49,5.25,nan,nan,nan,nan,-29.29,0.64,-33.45,0.33,-33.25,0.25,-33.57,0.29,-33.5,0.25,nan,nan,nan,nan,1.84,5.94,7.45,6.31,18.42,5.84,36.49,5.15,102.18,4.53,55.46,nan,nan,nan,nan,nan,nan,-244.08,4.77,-245.87,4.79,-269.9,4.82,-274.74,4.8,nan,nan,nan,nan,-32.81,0.2,-33.17,0.33,-33.52,0.13,-34,0.16,-33.64,0.14,nan,nan
Hollister_et_al_2022,https://doi.org/10.1029/2022JG006903,Baffin Island,QPT,KVH251,2019,Carex stans,Carex,stans,graminoid,terrestrial,63.68,-68.2,33,5,1,1,91.79,17.1,74.58,18.07,44.73,14.07,29.57,13.48,54.64,8.63,12.5,7.44,8.93,nan,nan,nan,nan,nan,nan,nan,nan,nan,nan,nan,nan,nan,nan,nan,nan,nan,nan,nan,nan,nan,nan,nan,nan,nan,nan,nan,nan,5.16,0.56,26.47,2.24,39.8,6.64,113.28,0.74,33.74,1.52,21.43,1.76,0.83,nan,nan,nan,nan,nan,nan,nan,nan,nan,nan,nan,nan,nan,nan,nan,nan,nan,nan,nan,nan,nan,nan,nan,nan,nan,nan,nan,nan
Lindberg_et_al,https://doi.org/10.5194/egusphere-2025-3849,Baffin Island,3LN,KRL-069,2019,Carex stans,Carex,stans,graminoid,terrestrial,58.1,-68.46,61,5,1,1,23.14,4.62,16.71,6.09,15.31,5.63,8.42,5.24,31.43,2.99,5.01,2.37,2.61,nan,nan,nan,nan,nan,nan,nan,nan,nan,nan,nan,nan,nan,nan,nan,nan,nan,nan,nan,nan,nan,nan,nan,nan,nan,nan,nan,nan,5.62,2.69,12.44,3.48,11.48,5.82,121.74,4.03,7.88,4.36,3.31,2.41,2.7,nan,nan,nan,nan,nan,nan,nan,nan,nan,nan,nan,nan,nan,nan,nan,nan,nan,nan,nan,nan,nan,nan,nan,nan,nan,nan,nan,nan
Dion-Kirschner_et_al_2020,https://doi.org/10.1016/j.gca.2020.07.027,western Greenland,LSL,0W,2015,Carex stylosa,Carex,stylosa,graminoid,terrestrial,67.03,-50.31,124,5,1,1,17.52,1.18,54.39,5.04,73.09,3.47,45.31,3.49,0.3,nan,nan,nan,nan,nan,nan,nan,nan,-215.41,5.05,-212.33,4.93,-208.17,5.51,nan,nan,nan,nan,nan,nan,-30.2,0.39,-29.43,0.25,-28.4,0.38,-30.25,0.24,nan,nan,nan,nan,1.57,3.25,4.2,3.22,10.36,2.53,24.38,3.21,120.46,5.53,108.68,nan,nan,nan,nan,nan,nan,-216.89,nan,-216.89,6.24,-244.18,5.03,-237.7,4.8,nan,nan,nan,nan,-33.81,0.14,-34.61,0.18,-35.41,0.17,-35.34,0.13,-35.49,0.14,nan,nan
Hollister_et_al_2022,https://doi.org/10.1029/2022JG006903,Baffin Island,QPT,KVH201,2019,Cassiope tetragona,Cassiope,tetragona,shrub,terrestrial,63.68,-68.2,33,2,1,1,29.72,9.23,30.53,10.16,103.13,11.35,30.8,5.01,21.52,5.61,18.39,3.68,5.28,nan,nan,nan,nan,nan,nan,nan,nan,nan,nan,nan,nan,nan,nan,nan,nan,nan,nan,nan,nan,nan,nan,nan,nan,nan,nan,nan,nan,81.29,10.86,156.03,12.15,39.21,4.61,16.56,5.89,40.06,5.41,19.69,4.28,8.64,nan,nan,nan,nan,nan,nan,nan,nan,nan,nan,nan,nan,nan,nan,nan,nan,nan,nan,nan,nan,nan,nan,nan,nan,nan,nan,nan,nan
Hollister_et_al_2022,https://doi.org/10.1029/2022JG006903,Baffin Island,QPT,KVH252,2019,Cassiope tetragona,Cassiope,tetragona,shrub,terrestrial,63.68,-68.2,33,2,1,1,21.44,8.9,28.83,10.74,80.15,10.1,28.78,5.73,21.58,5.88,17.55,4.45,5.5,nan,nan,nan,nan,nan,nan,nan,nan,nan,nan,nan,nan,nan,nan,nan,nan,nan,nan,nan,nan,nan,nan,nan,nan,nan,nan,nan,nan,148.94,20.78,1075.68,45.01,259.93,9.29,75.05,12.73,299.06,11.31,103.44,5.7,12.81,nan,nan,nan,nan,nan,nan,nan,nan,nan,nan,nan,nan,nan,nan,nan,nan,nan,nan,nan,nan,nan,nan,nan,nan,nan,nan,nan,nan
Lindberg_et_al,https://doi.org/10.5194/egusphere-2025-3849,Baffin Island,CF8,KRL-050,2019,Cassiope tetragona,Cassiope,tetragona,shrub,terrestrial,70.56,-68.95,195,2,1,1,259.3,82.05,298.35,106.08,1144.04,128.62,289.34,58.02,206.73,64.03,196.21,47.5,62.52,nan,nan,nan,nan,nan,nan,nan,nan,nan,nan,nan,nan,nan,nan,nan,nan,nan,nan,nan,nan,nan,nan,nan,nan,nan,nan,nan,nan,740.26,67.19,1155.09,70.66,236.55,26.15,93.89,31.94,358.69,36.42,184.3,22.33,90.68,nan,nan,nan,nan,nan,nan,nan,nan,nan,nan,nan,nan,nan,nan,nan,nan,nan,nan,nan,nan,nan,nan,nan,nan,nan,nan,nan,nan
Lindberg_et_al,https://doi.org/10.5194/egusphere-2025-3849,Baffin Island,CF8,KRL-088,2019,Cassiope tetragona,Cassiope,tetragona,shrub,terrestrial,70.56,-68.95,195,2,1,1,259.41,66.86,304.24,79.08,1055.08,83.16,254.31,40.37,162.62,44.44,138.17,32.22,40.37,nan,nan,nan,nan,nan,nan,nan,nan,nan,nan,nan,nan,nan,nan,nan,nan,nan,nan,nan,nan,nan,nan,nan,nan,nan,nan,nan,nan,0,2.7,624.1,74.77,2368.8,87.15,470.85,4.1,147.45,12.9,581.19,15.07,251.9,nan,nan,nan,nan,nan,nan,nan,nan,nan,nan,nan,nan,nan,nan,nan,nan,nan,nan,nan,nan,nan,nan,nan,nan,nan,nan,nan,nan
Lindberg_et_al,https://doi.org/10.5194/egusphere-2025-3849,Baffin Island,CF8,KRL-089,2019,Cassiope tetragona,Cassiope,tetragona,shrub,terrestrial,70.56,-68.95,195,2,1,1,281.84,83.8,346.77,93.54,1130.81,108.15,288.33,57.83,177.95,59.45,150.35,49.71,62.7,nan,nan,-226.57,3.38,-228.77,3.4,-209.6,5.01,-195.58,5.03,nan,nan,nan,nan,nan,nan,-30.23,0.17,-30.1,0.17,-31.16,0.21,-32.67,0.2,nan,nan,nan,nan,0,7.84,1152.32,144.93,3379.9,147.21,579.05,5.58,180.18,11.26,607.57,16.81,320.73,nan,nan,nan,nan,nan,nan,nan,nan,nan,nan,nan,nan,nan,nan,nan,nan,nan,nan,nan,nan,nan,nan,nan,nan,nan,nan,nan,nan
Thomas_et_al_2016,https://doi.org/10.1002/2016GL068513,western Greenland,N3,N3p_1,2010,Cassiope tetragona,Cassiope,tetragona,shrub,terrestrial,68.636,-50.981,59,2,1,1,33,13.1,68.2,21.2,287.7,19.2,115,5,65.8,4.7,45.9,1,4.3,nan,nan,nan,nan,nan,nan,nan,nan,nan,nan,nan,nan,nan,nan,nan,nan,nan,nan,nan,nan,nan,nan,nan,nan,nan,nan,nan,nan,nan,nan,24,nan,7,nan,nan,nan,nan,nan,nan,nan,nan,nan,nan,nan,nan,nan,nan,nan,nan,nan,nan,nan,nan,nan,nan,nan,nan,nan,nan,nan,nan,nan,nan,nan,nan,nan,nan,nan,nan
Lindberg_et_al,https://doi.org/10.5194/egusphere-2025-3849,Baffin Island,AFR,KVH239,2019,Cephaloziella sp. 1,Cephaloziella,sp. 1,liverwort,terrestrial,72.42,-77.44,895,7,1,1,52.92,2.58,26.86,3.62,26.29,2.32,6.82,1.15,2.56,0.72,1.16,0.54,0.69,nan,nan,nan,nan,nan,nan,nan,nan,nan,nan,nan,nan,nan,nan,nan,nan,nan,nan,nan,nan,nan,nan,nan,nan,nan,nan,nan,nan,17.07,16.58,30.04,14.6,21.76,12.95,25.96,11.89,20.94,7.56,16.17,6.58,9.62,nan,nan,nan,nan,nan,nan,nan,nan,nan,nan,nan,nan,nan,nan,nan,nan,nan,nan,nan,nan,nan,nan,nan,nan,nan,nan,nan,nan
Lindberg_et_al,https://doi.org/10.5194/egusphere-2025-3849,Baffin Island,AFR,KVH246,2019,Cephaloziella sp. 2,Cephaloziella,sp. 2,liverwort,terrestrial,72.42,-77.44,895,7,1,1,15.19,1.79,17.71,3.37,14.62,1.99,4.61,0.81,1.54,0.56,0.97,0.25,0.45,nan,nan,nan,nan,nan,nan,nan,nan,nan,nan,nan,nan,nan,nan,nan,nan,nan,nan,nan,nan,nan,nan,nan,nan,nan,nan,nan,nan,39.41,38.48,55.42,30.57,41.42,24.92,37.5,25.44,36.23,14.74,31.27,13.4,21.36,nan,nan,nan,nan,nan,nan,nan,nan,nan,nan,nan,nan,nan,nan,nan,nan,nan,nan,nan,nan,nan,nan,nan,nan,nan,nan,nan,nan
Dion-Kirschner_et_al_2020,https://doi.org/10.1016/j.gca.2020.07.027,western Greenland,LSL,30E,2015,Cerastium alpinum,Cerastium,alpinum,forb,terrestrial,67.03,-50.31,124,3,1,1,11.85,0.42,23.96,5.7,32.83,0.44,23.74,25.1,8.75,nan,nan,nan,nan,nan,nan,nan,nan,-236.16,4.92,-222.89,5.95,-227.62,4.91,nan,nan,nan,nan,nan,nan,-33.87,0.58,-34.69,0.24,-35.34,0.32,-35.49,0.4,nan,nan,nan,nan,0.81,3.63,7.02,3.97,10.04,3.43,28.4,3.42,101.02,3.91,54.32,nan,nan,nan,nan,nan,nan,-216.67,6.13,-232.47,5.75,-245.88,4.85,-237.37,5.05,nan,nan,nan,nan,-31.94,0.17,-33.92,0.14,-34.95,0.22,-35.32,0.13,-35.65,0.13,nan,nan
Thomas_et_al_2016,https://doi.org/10.1002/2016GL068513,western Greenland,N3,N3p_4,2010,Chaemenerian latifolium,Chaemenerion,latifolium,forb,terrestrial,68.636,-50.981,59,3,1,1,45.6,2.6,40.6,10.7,127,22.9,398.6,0,171,0,26.3,0,0,nan,nan,nan,nan,nan,nan,nan,nan,nan,nan,nan,nan,nan,nan,nan,nan,nan,nan,nan,nan,nan,nan,nan,nan,nan,nan,nan,nan,11,nan,222,nan,880,nan,394,nan,336,nan,50,nan,nan,nan,nan,-217.2395,20.1985052045937,-240.6035,0.787009847460627,-235.5475,0.511238202797863,-237.2415,1.02176929881456,nan,nan,nan,nan,nan,nan,nan,nan,nan,nan,nan,nan,nan,nan,nan,nan,nan,nan
Balascio_et_al_2018,https://doi.org/10.1016/j.orggeochem.2018.03.008,northern Norway,Hollabattjonnen,Balascio_10,2013,Chamaeperielymnum suecicum,Chamaeperielymnum,suecicum,shrub,terrestrial,69.74,19.13,25,2,1,0,nan,nan,nan,nan,nan,nan,nan,nan,nan,nan,nan,nan,nan,nan,nan,nan,nan,nan,nan,nan,nan,nan,nan,nan,nan,nan,nan,nan,nan,nan,nan,nan,nan,nan,nan,nan,nan,nan,nan,nan,nan,42.6,nan,0.98,nan,10.51,nan,30.1,nan,8.12,nan,2.2,nan,5.48,nan,nan,nan,nan,-169,5,-181,4,-197,3,-194,4,nan,nan,nan,nan,nan,nan,nan,nan,nan,nan,nan,nan,nan,nan,nan,nan
Oconnor_et_al_2020,https://doi.org/10.1016/j.orggeochem.2020.104064,AK transect,Sagwon,S10_CHAN,2016,Chamerion angustifolium,Chamerion,angustifolium,forb,terrestrial,69.42,-148.69,304,3,1,0,nan,nan,10,nan,20,nan,40,nan,30,nan,10,nan,0,nan,nan,-205,2,-231,1,-238,1,-237,1,-228,2,nan,nan,nan,nan,nan,nan,nan,nan,nan,nan,nan,nan,nan,nan,nan,nan,nan,nan,40,nan,30,nan,20,nan,0,nan,0,nan,nan,nan,nan,-213,nan,-228,2,-262,0,nan,nan,nan,nan,nan,nan,nan,nan,nan,nan,nan,nan,nan,nan,nan,nan,nan,nan,nan,nan
Oconnor_et_al_2020,https://doi.org/10.1016/j.orggeochem.2020.104064,AK transect,Yukon_River,S3_CHAN,2016,Chamerion angustifolium,Chamerion,angustifolium,forb,terrestrial,65.92,-149.83,166,3,1,0,nan,nan,nan,nan,nan,nan,nan,nan,nan,nan,nan,nan,nan,nan,nan,nan,nan,nan,nan,nan,nan,nan,nan,nan,nan,nan,nan,nan,nan,nan,nan,nan,nan,nan,nan,nan,nan,nan,nan,nan,nan,nan,nan,40,nan,50,nan,10,nan,0,nan,0,nan,nan,nan,nan,-224,1,-242,1,-245,1,nan,nan,nan,nan,nan,nan,nan,nan,nan,nan,nan,nan,nan,nan,nan,nan,nan,nan,nan,nan
Oconnor_et_al_2020,https://doi.org/10.1016/j.orggeochem.2020.104064,AK transect,Finger_Mountain,S4_CHAN,2016,Chamerion angustifolium,Chamerion,angustifolium,forb,terrestrial,66.36,-150.46,642,3,1,0,nan,nan,10,nan,20,nan,20,nan,30,nan,20,nan,0,nan,nan,-208,3,-215,1,-214,0,-213,0,-203,3,nan,nan,nan,nan,nan,nan,nan,nan,nan,nan,nan,nan,nan,nan,nan,nan,nan,nan,50,nan,30,nan,20,nan,0,nan,0,nan,nan,nan,nan,-198,nan,-209,1,-219,0,-195,1,nan,nan,nan,nan,nan,nan,nan,nan,nan,nan,nan,nan,nan,nan,nan,nan,nan,nan
Oconnor_et_al_2020,https://doi.org/10.1016/j.orggeochem.2020.104064,AK transect,Happy_Valley,S9_CHAN,2016,Chamerion angustifolium,Chamerion,angustifolium,forb,terrestrial,69.24,-148.77,233,3,1,0,nan,nan,0,nan,10,nan,40,nan,40,nan,10,nan,0,nan,nan,nan,nan,-235,2,-252,0,-255,1,-243,0,nan,nan,nan,nan,nan,nan,nan,nan,nan,nan,nan,nan,nan,nan,nan,nan,nan,nan,50,nan,30,nan,20,nan,0,nan,0,nan,nan,nan,nan,nan,nan,-261,1,-257,2,nan,nan,nan,nan,nan,nan,nan,nan,nan,nan,nan,nan,nan,nan,nan,nan,nan,nan,nan,nan
Dion-Kirschner_et_al_2020,https://doi.org/10.1016/j.gca.2020.07.027,western Greenland,LSL,0E,2015,Common horsetail,Equisetum,arvense,fern,terrestrial,67.03,-50.31,124,4,1,1,8.95,0.84,9.63,3.74,12.34,2.41,7.36,3.26,2.26,nan,nan,nan,nan,nan,nan,nan,nan,nan,nan,nan,nan,nan,nan,nan,nan,nan,nan,-31.1,0.29,-35.66,0.39,-35.56,0.25,-35.36,0.24,-34.91,0.29,nan,nan,nan,nan,2.97,3.83,5.6,3.72,11.47,3.19,15.24,3.4,69.72,3.89,52.19,nan,nan,nan,nan,nan,nan,nan,nan,-211.57,4.86,-241.48,4.97,-235.92,4.87,nan,nan,-34.85,0.94,-34.82,0.38,-35.47,0.16,-34.91,0.26,-35.17,0.14,-35.38,0.14,nan,nan
Lindberg_et_al,https://doi.org/10.5194/egusphere-2025-3849,Baffin Island,CF8,KRL-058,2019,Conostomum tetragonum,Conostomum,tetragona,moss,terrestrial,70.56,-68.95,195,6,1,1,20.77,2.18,30.05,2.32,18.01,1.58,3.18,1.18,1.52,1.12,1.22,0.99,1.05,nan,nan,nan,nan,nan,nan,nan,nan,nan,nan,nan,nan,nan,nan,nan,nan,nan,nan,nan,nan,nan,nan,nan,nan,nan,nan,nan,nan,7.54,5.6,9.4,5.1,7.24,4.89,6.35,4.26,5.05,2.85,3.6,2.36,2.51,nan,nan,nan,nan,nan,nan,nan,nan,nan,nan,nan,nan,nan,nan,nan,nan,nan,nan,nan,nan,nan,nan,nan,nan,nan,nan,nan,nan
Thomas_et_al_2016,https://doi.org/10.1002/2016GL068513,western Greenland,N3,N3p_20,2010,Cystopteris fragilis,Cystopteris,fragilis,fern,terrestrial,68.636,-50.981,59,4,1,1,23.3,1.1,57.1,11.4,84.5,7.4,14.7,1.3,1.9,0,0,0,0,nan,nan,nan,nan,nan,nan,nan,nan,nan,nan,nan,nan,nan,nan,nan,nan,nan,nan,nan,nan,nan,nan,nan,nan,nan,nan,nan,nan,1,nan,6,nan,7,nan,5,nan,3,nan,1,nan,nan,nan,nan,nan,nan,nan,nan,nan,nan,nan,nan,nan,nan,nan,nan,nan,nan,nan,nan,nan,nan,nan,nan,nan,nan,nan,nan,nan,nan
Wilkie_et_al_2013,https://doi.org/10.5194/cp-9-335-2013,Far East Russia,Elgygytgyn,Wilkie_3,2003,D. ochotensis,Douglasia,ochotensis,forb,terrestrial,67.5,172.1,492,3,1,0,18.4,nan,34.8,nan,91.4,nan,61.6,nan,96.4,nan,111.6,nan,nan,-245,4,-234,1,-242,6,-243,2,-249,1,-244,2,nan,nan,nan,nan,nan,nan,nan,nan,nan,nan,nan,nan,nan,nan,nan,nan,nan,nan,nan,nan,nan,nan,nan,nan,nan,nan,nan,nan,nan,nan,nan,nan,nan,nan,nan,nan,nan,nan,nan,nan,nan,nan,nan,nan,nan,nan,nan,nan,nan,nan,nan,nan,nan,nan,nan,nan,nan
Thomas_et_al_2016,https://doi.org/10.1002/2016GL068513,western Greenland,N3,N3p_3,2010,Diapensia laponica,Diapensia,laponica,shrub,terrestrial,68.636,-50.981,59,2,1,1,10.1,1.1,8,1.5,9.1,2.9,15.1,4.1,32.5,0,0,0,0,nan,nan,nan,nan,nan,nan,nan,nan,nan,nan,nan,nan,nan,nan,nan,nan,nan,nan,nan,nan,nan,nan,nan,nan,nan,nan,nan,nan,2.16,nan,8.65,nan,28.93,nan,309.41,nan,6646.16,nan,6996.98,nan,1424.37,nan,nan,nan,nan,nan,nan,-204.064,9.82647795499486,-210.045333333333,1.47423075986542,-205.187,3.4538799921248,-198.524333333333,3.28812748130806,nan,nan,nan,nan,nan,nan,nan,nan,nan,nan,nan,nan,nan,nan
Zibulski_et_al_2017,https://doi.org/10.5194/bg-14-1617-2017,Northeast Russia,Northeast_Russia,Dre_sp_1,2011,Drepanocladus,Drepanocladus,sp.,moss,terrestrial,71,99.5,0,6,1,1,nan,nan,nan,nan,nan,nan,nan,nan,nan,nan,nan,nan,nan,nan,nan,nan,nan,nan,nan,nan,nan,nan,nan,nan,nan,nan,nan,nan,nan,nan,nan,nan,nan,nan,nan,nan,nan,nan,nan,nan,nan,1.9968,nan,5.0986,nan,29.6729,nan,30.4582,nan,9.9108,nan,5.1317,nan,0,nan,nan,nan,nan,nan,nan,nan,nan,nan,nan,nan,nan,nan,nan,nan,nan,nan,nan,nan,nan,nan,nan,nan,nan,nan,nan,nan,nan
Lindberg_et_al,https://doi.org/10.5194/egusphere-2025-3849,Baffin Island,3LN,KRL-104,2021,Drepanocladus exannulatus,Drepanocladus,exannulatus,moss,terrestrial,58.1,-68.46,61,6,1,1,5.78,5.19,11.6,2.35,19.48,1.75,19.16,1.52,29.37,0.33,6.29,0,0.61,nan,nan,nan,nan,nan,nan,nan,nan,nan,nan,nan,nan,nan,nan,nan,nan,nan,nan,nan,nan,nan,nan,nan,nan,nan,nan,nan,nan,6.74,2.78,16.9,3.19,35.38,4.92,62.93,0.71,18.86,0,4.25,0,0,nan,nan,nan,nan,nan,nan,nan,nan,nan,nan,nan,nan,nan,nan,nan,nan,nan,nan,nan,nan,nan,nan,nan,nan,nan,nan,nan,nan
Lindberg_et_al,https://doi.org/10.5194/egusphere-2025-3849,Baffin Island,3LN,KRL-079,2019,Drepanocladus fluitans,Drepanocladus,fluitans,moss,terrestrial,58.1,-68.46,61,6,1,1,3.96,0.46,4.29,1.08,16.29,1.32,17.9,0.55,17.28,0.04,1.44,0,0.32,nan,nan,nan,nan,nan,nan,nan,nan,nan,nan,nan,nan,nan,nan,nan,nan,nan,nan,nan,nan,nan,nan,nan,nan,nan,nan,nan,nan,0.26,0,2.52,0.34,90.28,3.31,122.82,2.88,70.26,3.86,138.5,0,32.39,nan,nan,nan,nan,nan,nan,nan,nan,nan,nan,nan,nan,nan,nan,nan,nan,nan,nan,nan,nan,nan,nan,nan,nan,nan,nan,nan,nan
Lindberg_et_al,https://doi.org/10.5194/egusphere-2025-3849,Baffin Island,3LN,KRL-105,2021,Drepanocladus fluitans,Drepanocladus,fluitans,moss,terrestrial,58.1,-68.46,61,6,1,1,7.6,4.61,19.24,2.74,24.96,2.7,26.11,1.82,33.5,0.24,3.85,0,0.37,nan,nan,nan,nan,nan,nan,nan,nan,nan,nan,nan,nan,nan,nan,nan,nan,nan,nan,nan,nan,nan,nan,nan,nan,nan,nan,nan,nan,3.96,3.4,9.18,2.82,44.01,3.5,68.26,0.39,23.02,0,6.98,0,0.97,nan,nan,nan,nan,nan,nan,nan,nan,nan,nan,nan,nan,nan,nan,nan,nan,nan,nan,nan,nan,nan,nan,nan,nan,nan,nan,nan,nan
Hollister_et_al_2022,https://doi.org/10.1029/2022JG006903,Baffin Island,QPT,KVH211,2019,Drepanocladus revolvens,Drepanocladus,revolvens,moss,terrestrial,63.68,-68.2,33,6,1,1,68.33,31.24,122.71,28.47,160.66,30.06,125.49,29.38,138.79,24.7,73.59,22.13,35.94,nan,nan,-257.01,2.75,-249.14,2.67,-250.59,2.79,-255.99,2.82,nan,nan,nan,nan,nan,nan,-39.41,0.18,-39.53,0.07,-40.64,0.07,-40.91,0.07,nan,nan,nan,nan,8.5,7.53,11.79,9.02,121.22,12.08,150.77,10,77.44,7.9,18.52,7.45,0,nan,nan,nan,nan,nan,nan,nan,nan,nan,nan,nan,nan,nan,nan,nan,nan,nan,nan,nan,nan,nan,nan,nan,nan,nan,nan,nan,nan
Hollister_et_al_2022,https://doi.org/10.1029/2022JG006903,Baffin Island,QPT,KVH214,2019,Drepanocladus revolvens,Drepanocladus,revolvens,moss,terrestrial,63.68,-68.2,33,6,1,1,24.92,14.55,49.39,15.79,93.82,17.28,70.26,16.39,66.5,12.97,29.27,11.72,16.09,nan,nan,nan,nan,nan,nan,nan,nan,nan,nan,nan,nan,nan,nan,nan,nan,nan,nan,nan,nan,nan,nan,nan,nan,nan,nan,nan,nan,2.03,1.11,3.07,2.05,26.2,3.12,44.89,2.32,25.06,1.49,11.25,0,1.35,nan,nan,nan,nan,nan,nan,nan,nan,nan,nan,nan,nan,nan,nan,nan,nan,nan,nan,nan,nan,nan,nan,nan,nan,nan,nan,nan,nan
Hollister_et_al_2022,https://doi.org/10.1029/2022JG006903,Baffin Island,QPT,KVH253,2019,Drepanocladus revolvens,Drepanocladus,revolvens,moss,terrestrial,63.68,-68.2,33,6,1,1,25.64,6.25,81.17,7.17,137.58,8.45,97.12,7.51,63.62,4.63,19.52,3.78,7.02,nan,nan,-246.62,2.69,-245.39,2.65,-245.81,2.64,-249.72,2.92,nan,nan,nan,nan,nan,nan,-34.52,0.21,-36.73,0.21,-39.89,0.22,-36.7,0.21,nan,nan,nan,nan,3.37,1.63,1.56,2.81,83.54,3.68,51.57,1.78,16.72,0.82,6.39,1,1.59,nan,nan,nan,nan,nan,nan,nan,nan,nan,nan,nan,nan,nan,nan,nan,nan,nan,nan,nan,nan,nan,nan,nan,nan,nan,nan,nan,nan
Zibulski_et_al_2017,https://doi.org/10.5194/bg-14-1617-2017,Northeast Russia,Northeast_Russia,Dre_rev_1,2011,Drepanocladus revolvens,Drepanocladus,revolvens,moss,terrestrial,71,99.5,0,6,1,1,nan,nan,nan,nan,nan,nan,nan,nan,nan,nan,nan,nan,nan,nan,nan,nan,nan,nan,nan,nan,nan,nan,nan,nan,nan,nan,nan,nan,nan,nan,nan,nan,nan,nan,nan,nan,nan,nan,nan,nan,nan,1.5426,nan,2.3659,nan,43.833,nan,19.0836,nan,5.1551,nan,3.5637,nan,0,nan,nan,nan,nan,nan,nan,nan,nan,nan,nan,nan,nan,nan,nan,nan,nan,nan,nan,nan,nan,nan,nan,nan,nan,nan,nan,nan,nan
Zibulski_et_al_2017,https://doi.org/10.5194/bg-14-1617-2017,Northeast Russia,Northeast_Russia,Dre_rev_2,2011,Drepanocladus revolvens,Drepanocladus,revolvens,moss,terrestrial,71,99.5,0,6,1,1,nan,nan,nan,nan,nan,nan,nan,nan,nan,nan,nan,nan,nan,nan,nan,nan,nan,nan,nan,nan,nan,nan,nan,nan,nan,nan,nan,nan,nan,nan,nan,nan,nan,nan,nan,nan,nan,nan,nan,nan,nan,1.5227,nan,2.7605,nan,22.5638,nan,14.5103,nan,6.5356,nan,7.5623,nan,0,nan,nan,nan,nan,nan,nan,nan,nan,nan,nan,nan,nan,nan,nan,nan,nan,nan,nan,nan,nan,nan,nan,nan,nan,nan,nan,nan,nan
Balascio_et_al_2018,https://doi.org/10.1016/j.orggeochem.2018.03.008,northern Norway,Hollabattjonnen,Balascio_6,2013,Drosera rotundifolia,Drosera,rotundifolia,forb,terrestrial,69.74,19.13,25,3,1,0,nan,nan,nan,nan,nan,nan,nan,nan,nan,nan,nan,nan,nan,nan,nan,nan,nan,nan,nan,nan,nan,nan,nan,nan,nan,nan,nan,nan,nan,nan,nan,nan,nan,nan,nan,nan,nan,nan,nan,nan,nan,0.41,nan,2.92,nan,6.51,nan,10.93,nan,26.52,nan,40.6,nan,12.11,nan,nan,nan,nan,-145,5,-148,4,-173,3,-176,4,-171,5,nan,nan,nan,nan,nan,nan,nan,nan,nan,nan,nan,nan,nan,nan
Berke_et_al_2019,https://doi.org/10.1016/j.gca.2018.10.020,western Greenland,Kangerlussuaq,GR1 EMHE,2014,Empetrum hermaphroditum,Empetrum,hermaphroditum,shrub,terrestrial,67.02,-50.7,50,2,1,1,nan,nan,nan,nan,nan,nan,nan,nan,nan,nan,nan,nan,nan,nan,nan,nan,nan,nan,nan,nan,nan,nan,nan,nan,nan,nan,nan,nan,nan,nan,nan,nan,nan,nan,nan,nan,nan,nan,nan,nan,nan,0.76,0.94,7.23,4.42,21.27,5.34,130.93,14.37,388.27,18.81,528.6,17.52,257.16,nan,nan,nan,nan,nan,nan,-234.15,0.92,-239.14,0.39,-240.33,0.42,nan,nan,nan,nan,nan,nan,nan,nan,nan,nan,nan,nan,nan,nan,nan,nan
Berke_et_al_2019,https://doi.org/10.1016/j.gca.2018.10.020,western Greenland,Kangerlussuaq,GR3 EMHE,2014,Empetrum hermaphroditum,Empetrum,hermaphroditum,shrub,terrestrial,67.02,-50.7,50,2,1,1,nan,nan,nan,nan,nan,nan,nan,nan,nan,nan,nan,nan,nan,nan,nan,nan,nan,nan,nan,nan,nan,nan,nan,nan,nan,nan,nan,nan,nan,nan,nan,nan,nan,nan,nan,nan,nan,nan,nan,nan,nan,0,0,8.02,3.75,23.33,4.29,202.54,26.9,679.79,49.32,1257.84,53.37,626.98,nan,nan,nan,nan,nan,nan,nan,nan,-251.86,0.76,-251.42,0.84,nan,nan,nan,nan,nan,nan,nan,nan,nan,nan,nan,nan,nan,nan,nan,nan
Thomas_et_al_2016,https://doi.org/10.1002/2016GL068513,western Greenland,N3,N3p_14,2010,Empetrum hermaphroditum,Empetrum,hermaphroditum,shrub,terrestrial,68.636,-50.981,59,2,1,1,11.1,1.4,15,3.9,40.1,8.3,46.1,7.2,78.5,7.7,57.1,0,31.3,nan,nan,nan,nan,nan,nan,nan,nan,nan,nan,nan,nan,nan,nan,nan,nan,nan,nan,nan,nan,nan,nan,nan,nan,nan,nan,nan,nan,6,nan,98,nan,324,nan,3276,nan,10383,nan,9901,nan,2150,nan,nan,nan,nan,-216.4755,14.0537472760826,-231.273,2.67769471747621,-235.223333333333,1.35185847385491,-232.166666666667,2.75393506338354,-226.759333333333,4.24914689476997,nan,nan,nan,nan,nan,nan,nan,nan,nan,nan,nan,nan,nan,nan
Bakkelund_et_al_2018,https://doi.org/10.1016/j.orggeochem.2018.08.005,Yukon transect,Mayo,MYO_F1,2014,Empetrum nigrum,Empetrum,nigrum,shrub,terrestrial,63.54,-136.16,555,2,2,1,21.03,1.94,13.62,2.87,21.61,5.18,34.33,6.43,75.5,10.24,84.82,7.91,93.08,nan,nan,nan,nan,nan,nan,nan,nan,nan,nan,nan,nan,nan,nan,nan,nan,nan,nan,nan,nan,nan,nan,nan,nan,nan,nan,nan,nan,nan,nan,nan,nan,nan,nan,nan,nan,nan,nan,nan,nan,nan,nan,nan,nan,nan,nan,nan,nan,nan,nan,nan,nan,nan,nan,nan,nan,nan,nan,nan,nan,nan,nan,nan,nan,nan,nan,nan,nan,nan
Balascio_et_al_2018,https://doi.org/10.1016/j.orggeochem.2018.03.008,northern Norway,Hollabattjonnen,Balascio_12,2013,Empetrum nigrum,Empetrum,nigrum,shrub,terrestrial,69.74,19.13,25,2,1,0,nan,nan,nan,nan,nan,nan,nan,nan,nan,nan,nan,nan,nan,nan,nan,nan,nan,nan,nan,nan,nan,nan,nan,nan,nan,nan,nan,nan,nan,nan,nan,nan,nan,nan,nan,nan,nan,nan,nan,nan,nan,0.03,nan,0.56,nan,0.94,nan,4.31,nan,36.55,nan,45.69,nan,11.93,nan,nan,nan,nan,nan,nan,nan,nan,-184,3,-184,4,-179,4,nan,nan,nan,nan,nan,nan,nan,nan,nan,nan,nan,nan,nan,nan
Hollister_et_al_2022,https://doi.org/10.1029/2022JG006903,Baffin Island,QPT,KVH200,2019,Empetrum nigrum,Empetrum,nigrum,shrub,terrestrial,63.68,-68.2,33,2,1,1,20.73,3.75,14.22,4.62,18.54,5.52,30.38,5.47,47.29,5.2,30.54,3.25,10.22,nan,nan,-238.63,3.48,-231.17,2.81,-240.79,2.86,-245.11,2.73,nan,nan,nan,nan,nan,nan,-33.24,0.36,-32.73,0.25,-32.05,0.21,-31.76,0.28,nan,nan,nan,nan,7.78,4.99,9.34,5.98,14.93,6.53,87.9,16.37,576.88,30.16,525.44,13.98,611.07,nan,nan,nan,nan,nan,nan,nan,nan,nan,nan,nan,nan,nan,nan,nan,nan,nan,nan,nan,nan,nan,nan,nan,nan,nan,nan,nan,nan
Hollister_et_al_2022,https://doi.org/10.1029/2022JG006903,Baffin Island,QPT,KVH254,2019,Empetrum nigrum,Empetrum,nigrum,shrub,terrestrial,63.68,-68.2,33,2,1,1,12.88,2.11,8.81,2.61,15.51,3.22,14.36,2.94,21.27,2.99,49.93,1.79,6.63,nan,nan,nan,nan,nan,nan,nan,nan,nan,nan,nan,nan,nan,nan,nan,nan,nan,nan,nan,nan,nan,nan,nan,nan,nan,nan,nan,nan,4.23,4.14,7.59,4.89,9.93,5.08,76.35,13.45,308.41,16.23,384.67,12.57,100.19,nan,nan,nan,nan,nan,nan,nan,nan,nan,nan,nan,nan,nan,nan,nan,nan,nan,nan,nan,nan,nan,nan,nan,nan,nan,nan,nan,nan
Lindberg_et_al,https://doi.org/10.5194/egusphere-2025-3849,Baffin Island,3LN,KRL-064,2019,Empetrum nigrum,Empetrum,nigrum,shrub,terrestrial,58.1,-68.46,61,2,1,1,36.91,17.52,28.05,17.52,33.04,18.63,34.7,18.08,36.91,17.52,27.49,16.41,21.4,nan,nan,nan,nan,nan,nan,nan,nan,nan,nan,nan,nan,nan,nan,nan,nan,nan,nan,nan,nan,nan,nan,nan,nan,nan,nan,nan,nan,18.9,18.16,29.61,20.86,47.25,21.47,272.41,44.94,1005.16,62.16,1582.03,60.02,503.4,nan,nan,nan,nan,nan,nan,nan,nan,nan,nan,nan,nan,nan,nan,nan,nan,nan,nan,nan,nan,nan,nan,nan,nan,nan,nan,nan,nan
Lindberg_et_al,https://doi.org/10.5194/egusphere-2025-3849,Baffin Island,3LN,KRL-100,2021,Empetrum nigrum,Empetrum,nigrum,shrub,terrestrial,58.1,-68.46,61,2,1,1,50.52,0,40.48,0,67.26,0,66.14,0,81.77,0,41.59,0,14.81,nan,nan,nan,nan,nan,nan,nan,nan,nan,nan,nan,nan,nan,nan,nan,nan,nan,nan,nan,nan,nan,nan,nan,nan,nan,nan,nan,nan,0.34,0,36.45,0,71.08,0,652.09,58.1,404.56,124.59,465.57,119.33,264.17,nan,nan,nan,nan,nan,nan,nan,nan,nan,nan,nan,nan,nan,nan,nan,nan,nan,nan,nan,nan,nan,nan,nan,nan,nan,nan,nan,nan
Lindberg_et_al,https://doi.org/10.5194/egusphere-2025-3849,Baffin Island,3LN,KRL-101,2021,Empetrum nigrum,Empetrum,nigrum,shrub,terrestrial,58.1,-68.46,61,2,1,1,113.96,2.6,68.62,4.19,106.8,9.76,106,10.55,160.89,9.76,96.46,0.21,36.8,nan,nan,-209.9,3.33,-224.13,3.88,-218.51,3.28,-221.13,3.41,nan,nan,nan,nan,nan,nan,-33.63,0.15,-34.73,0.18,-34.94,0.12,-35.27,0.15,nan,nan,nan,nan,0,0,22.17,0,65.28,5.69,940.98,92.04,777.16,242.76,773.83,204.7,331.26,nan,nan,nan,nan,nan,nan,nan,nan,nan,nan,nan,nan,nan,nan,nan,nan,nan,nan,nan,nan,nan,nan,nan,nan,nan,nan,nan,nan
Oconnor_et_al_2020,https://doi.org/10.1016/j.orggeochem.2020.104064,AK transect,Arctic_Circle,S5_EMNI,2016,Empetrum nigrum,Empetrum,nigrum,shrub,terrestrial,66.56,-150.79,455,2,1,0,nan,nan,0,nan,10,nan,20,nan,0,nan,40,nan,30,nan,nan,nan,nan,-246,2,-250,1,nan,nan,-261,1,-256,1,nan,nan,nan,nan,nan,nan,nan,nan,nan,nan,nan,nan,nan,nan,nan,nan,0,nan,0,nan,30,nan,50,nan,20,nan,nan,nan,nan,nan,nan,nan,nan,-245,1,-247,0,-241,2,nan,nan,nan,nan,nan,nan,nan,nan,nan,nan,nan,nan,nan,nan,nan,nan
Berke_et_al_2019,https://doi.org/10.1016/j.gca.2018.10.020,western Greenland,Kangerlussuaq,GR1 EQAR,2014,Equisetum arvense,Equisetum,arvense,fern,terrestrial,67.02,-50.7,50,4,1,1,nan,nan,nan,nan,nan,nan,nan,nan,nan,nan,nan,nan,nan,nan,nan,nan,nan,nan,nan,nan,nan,nan,nan,nan,nan,nan,nan,nan,nan,nan,nan,nan,nan,nan,nan,nan,nan,nan,nan,nan,nan,3.07,1.05,6.42,1.28,2.78,1.97,3.47,0.41,1.3,0,0,0,0,nan,nan,-198.32,2.16,-191.62,0.16,-199.31,1.38,nan,nan,nan,nan,nan,nan,nan,nan,nan,nan,nan,nan,nan,nan,nan,nan,nan,nan,nan,nan
Berke_et_al_2019,https://doi.org/10.1016/j.gca.2018.10.020,western Greenland,Kangerlussuaq,GR14 EQAR,2014,Equisetum arvense,Equisetum,arvense,fern,terrestrial,67.02,-50.7,50,4,1,1,nan,nan,nan,nan,nan,nan,nan,nan,nan,nan,nan,nan,nan,nan,nan,nan,nan,nan,nan,nan,nan,nan,nan,nan,nan,nan,nan,nan,nan,nan,nan,nan,nan,nan,nan,nan,nan,nan,nan,nan,nan,0.91,0.44,3.24,0.51,1.69,1.08,2.49,0.17,0.54,0,0,0,0,nan,nan,-195.42,0.37,-192.76,0.03,-204.95,0.31,nan,nan,nan,nan,nan,nan,nan,nan,nan,nan,nan,nan,nan,nan,nan,nan,nan,nan,nan,nan
Berke_et_al_2019,https://doi.org/10.1016/j.gca.2018.10.020,western Greenland,Kangerlussuaq,GR16 EQAR,2014,Equisetum arvense,Equisetum,arvense,fern,terrestrial,67.02,-50.7,50,4,1,1,nan,nan,nan,nan,nan,nan,nan,nan,nan,nan,nan,nan,nan,nan,nan,nan,nan,nan,nan,nan,nan,nan,nan,nan,nan,nan,nan,nan,nan,nan,nan,nan,nan,nan,nan,nan,nan,nan,nan,nan,nan,2.85,0.73,5.42,0.44,2.43,1.62,4.1,0.42,1.31,0.07,0.39,0,0,nan,nan,-157.56,3.69,nan,nan,-187.64,2.82,nan,nan,nan,nan,nan,nan,nan,nan,nan,nan,nan,nan,nan,nan,nan,nan,nan,nan,nan,nan
Berke_et_al_2019,https://doi.org/10.1016/j.gca.2018.10.020,western Greenland,Kangerlussuaq,GR2 EQAR,2014,Equisetum arvense,Equisetum,arvense,fern,terrestrial,67.02,-50.7,50,4,1,1,nan,nan,nan,nan,nan,nan,nan,nan,nan,nan,nan,nan,nan,nan,nan,nan,nan,nan,nan,nan,nan,nan,nan,nan,nan,nan,nan,nan,nan,nan,nan,nan,nan,nan,nan,nan,nan,nan,nan,nan,nan,0,0,9.19,1.89,4.08,1.32,4.03,0.41,1.44,0,0,0,0,nan,nan,nan,nan,nan,nan,nan,nan,nan,nan,nan,nan,nan,nan,nan,nan,nan,nan,nan,nan,nan,nan,nan,nan,nan,nan,nan,nan
Berke_et_al_2019,https://doi.org/10.1016/j.gca.2018.10.020,western Greenland,Kangerlussuaq,GR3 EQAR,2014,Equisetum arvense,Equisetum,arvense,fern,terrestrial,67.02,-50.7,50,4,1,1,nan,nan,nan,nan,nan,nan,nan,nan,nan,nan,nan,nan,nan,nan,nan,nan,nan,nan,nan,nan,nan,nan,nan,nan,nan,nan,nan,nan,nan,nan,nan,nan,nan,nan,nan,nan,nan,nan,nan,nan,nan,2.94,1.28,8.75,1.46,4.98,2.67,10.91,0.54,2.7,0.06,0.36,0,0.08,nan,nan,-197.01,0.03,-193.5,0.44,-211.15,0.49,nan,nan,nan,nan,nan,nan,nan,nan,nan,nan,nan,nan,nan,nan,nan,nan,nan,nan,nan,nan
Berke_et_al_2019,https://doi.org/10.1016/j.gca.2018.10.020,western Greenland,Kangerlussuaq,GR4 EQAR,2014,Equisetum arvense,Equisetum,arvense,fern,terrestrial,67.02,-50.7,50,4,1,1,nan,nan,nan,nan,nan,nan,nan,nan,nan,nan,nan,nan,nan,nan,nan,nan,nan,nan,nan,nan,nan,nan,nan,nan,nan,nan,nan,nan,nan,nan,nan,nan,nan,nan,nan,nan,nan,nan,nan,nan,nan,1.33,0.79,6.39,2.12,5.62,1.15,13.33,1.23,17.54,0.16,0.54,0,0.09,nan,nan,nan,nan,nan,nan,-215.03,0.5,-220.63,0.79,nan,nan,nan,nan,nan,nan,nan,nan,nan,nan,nan,nan,nan,nan,nan,nan,nan,nan
Berke_et_al_2019,https://doi.org/10.1016/j.gca.2018.10.020,western Greenland,Kangerlussuaq,GR5 EQAR,2014,Equisetum arvense,Equisetum,arvense,fern,terrestrial,67.02,-50.7,50,4,1,1,nan,nan,nan,nan,nan,nan,nan,nan,nan,nan,nan,nan,nan,nan,nan,nan,nan,nan,nan,nan,nan,nan,nan,nan,nan,nan,nan,nan,nan,nan,nan,nan,nan,nan,nan,nan,nan,nan,nan,nan,nan,2.33,0.83,6.13,1.25,3.21,1.09,6.55,0.47,2.78,0.05,0.16,0,0,nan,nan,-191.22,0.2,-181.83,2.27,-203.07,1.08,-196.79,1.57,nan,nan,nan,nan,nan,nan,nan,nan,nan,nan,nan,nan,nan,nan,nan,nan,nan,nan
Berke_et_al_2019,https://doi.org/10.1016/j.gca.2018.10.020,western Greenland,Kangerlussuaq,GR6 EQAR,2014,Equisetum arvense,Equisetum,arvense,fern,terrestrial,67.02,-50.7,50,4,1,1,nan,nan,nan,nan,nan,nan,nan,nan,nan,nan,nan,nan,nan,nan,nan,nan,nan,nan,nan,nan,nan,nan,nan,nan,nan,nan,nan,nan,nan,nan,nan,nan,nan,nan,nan,nan,nan,nan,nan,nan,nan,2.02,0.86,9.03,1.5,4.99,2.71,9.2,0.57,2.2,0.1,0.11,0.05,0.04,nan,nan,-205.25,0.02,-198.13,0,-216.16,0.49,nan,nan,nan,nan,nan,nan,nan,nan,nan,nan,nan,nan,nan,nan,nan,nan,nan,nan,nan,nan
Berke_et_al_2019,https://doi.org/10.1016/j.gca.2018.10.020,western Greenland,Kangerlussuaq,GR7 EQAR,2014,Equisetum arvense,Equisetum,arvense,fern,terrestrial,67.02,-50.7,50,4,1,1,nan,nan,nan,nan,nan,nan,nan,nan,nan,nan,nan,nan,nan,nan,nan,nan,nan,nan,nan,nan,nan,nan,nan,nan,nan,nan,nan,nan,nan,nan,nan,nan,nan,nan,nan,nan,nan,nan,nan,nan,nan,0.93,0.91,4.85,1.82,3.27,0.8,2.94,0.19,1.08,0,0,0,0,nan,nan,-174.05,0.07,-173.57,1.55,-177.27,0.69,nan,nan,nan,nan,nan,nan,nan,nan,nan,nan,nan,nan,nan,nan,nan,nan,nan,nan,nan,nan
Berke_et_al_2019,https://doi.org/10.1016/j.gca.2018.10.020,western Greenland,Kangerlussuaq,GR8 EQAR,2014,Equisetum arvense,Equisetum,arvense,fern,terrestrial,67.02,-50.7,50,4,1,1,nan,nan,nan,nan,nan,nan,nan,nan,nan,nan,nan,nan,nan,nan,nan,nan,nan,nan,nan,nan,nan,nan,nan,nan,nan,nan,nan,nan,nan,nan,nan,nan,nan,nan,nan,nan,nan,nan,nan,nan,nan,4.66,1.14,12.94,1.43,6.01,2.93,12.69,0.7,4.29,0.11,0.62,0,0,nan,nan,-216.88,0.6,-205.48,0.47,-226.99,1.1,-221.49,1,nan,nan,nan,nan,nan,nan,nan,nan,nan,nan,nan,nan,nan,nan,nan,nan,nan,nan
Thomas_et_al_2016,https://doi.org/10.1002/2016GL068513,western Greenland,N3,N3p_21,2010,Equisetum arvense,Equisetum,arvense,fern,terrestrial,68.636,-50.981,59,4,1,1,22.4,2.5,32.6,8,54.1,9.1,51.9,9.4,178.7,1.9,17.4,0,0,nan,nan,nan,nan,nan,nan,nan,nan,nan,nan,nan,nan,nan,nan,nan,nan,nan,nan,nan,nan,nan,nan,nan,nan,nan,nan,nan,nan,20,nan,70,nan,47,nan,168,nan,67,nan,2,nan,nan,-188.1355,15.0111698578092,-199.9195,0.61447579285111,-195.885,6.46578440716979,-216.51,1.78332330215247,-216.476,1.19501046020526,nan,nan,nan,nan,nan,nan,nan,nan,nan,nan,nan,nan,nan,nan,nan,nan,nan,nan
Thomas_et_al_2016,https://doi.org/10.1002/2016GL068513,western Greenland,N3,N3p_9,2010,Eriophorum angustifolium,Eriophorum,angustifolium,graminoid,terrestrial,68.636,-50.981,59,5,1,1,75.5,13,321.2,13.4,95.2,10,60.3,3.5,34,0,7.8,0,0,nan,nan,nan,nan,nan,nan,nan,nan,nan,nan,nan,nan,nan,nan,nan,nan,nan,nan,nan,nan,nan,nan,nan,nan,nan,nan,nan,nan,42,nan,180,nan,263,nan,196,nan,79,nan,nan,nan,nan,nan,nan,-245.431,7.86902706819591,-256.141666666667,2.02679114201077,-258.508333333333,4.304007706003,-245.616,19.1273560378846,nan,nan,nan,nan,nan,nan,nan,nan,nan,nan,nan,nan,nan,nan,nan,nan,nan,nan
Lindberg_et_al,https://doi.org/10.5194/egusphere-2025-3849,Baffin Island,CF8,KRL-053,2019,Eriophorum scheuchzeri,Eriophorum,scheuchzeri,graminoid,terrestrial,70.56,-68.95,195,5,1,1,92.13,73.02,114.55,30.31,76.18,47.31,82.12,24.37,29.51,14.49,25.16,13.3,23.98,nan,nan,nan,nan,nan,nan,nan,nan,nan,nan,nan,nan,nan,nan,nan,nan,nan,nan,nan,nan,nan,nan,nan,nan,nan,nan,nan,nan,16.68,9.22,16.41,10.67,20.2,12.29,65.02,18.75,151.14,9.94,14.64,8.54,8.63,nan,nan,nan,nan,nan,nan,nan,nan,nan,nan,nan,nan,nan,nan,nan,nan,nan,nan,nan,nan,nan,nan,nan,nan,nan,nan,nan,nan
Lindberg_et_al,https://doi.org/10.5194/egusphere-2025-3849,Baffin Island,3LN,KRL-129,2021,Eriophorum scheuchzeri,Eriophorum,scheuchzeri,graminoid,terrestrial,58.1,-68.46,61,5,1,1,58.42,15.35,62.64,22.62,53.44,15.99,43.51,11.27,27.58,7.93,16.32,6.44,10.41,nan,nan,nan,nan,nan,nan,nan,nan,nan,nan,nan,nan,nan,nan,nan,nan,nan,nan,nan,nan,nan,nan,nan,nan,nan,nan,nan,nan,13.26,3.23,9.29,2.54,13.17,3.03,37.54,5.15,86.9,2.96,35.99,2.53,11.07,nan,nan,nan,nan,nan,nan,nan,nan,nan,nan,nan,nan,nan,nan,nan,nan,nan,nan,nan,nan,nan,nan,nan,nan,nan,nan,nan,nan
Lindberg_et_al,https://doi.org/10.5194/egusphere-2025-3849,Baffin Island,3LN,KRL-130,2021,Eriophorum scheuchzeri,Eriophorum,scheuchzeri,graminoid,terrestrial,58.1,-68.46,61,5,1,1,40.51,11.94,33.6,21.88,34.73,11.51,13.63,6.26,13.77,5.72,11.18,5.07,8.01,nan,nan,nan,nan,nan,nan,nan,nan,nan,nan,nan,nan,nan,nan,nan,nan,nan,nan,nan,nan,nan,nan,nan,nan,nan,nan,nan,nan,2.57,0.71,4.12,0.77,5.9,1.28,19.17,3.85,38.49,2.08,14.18,0.93,1.92,nan,nan,nan,nan,nan,nan,nan,nan,nan,nan,nan,nan,nan,nan,nan,nan,nan,nan,nan,nan,nan,nan,nan,nan,nan,nan,nan,nan
Hollister_et_al_2022,https://doi.org/10.1029/2022JG006903,Baffin Island,QPT,KVH216,2019,Eriophorum triste,Eriophorum,triste,graminoid,terrestrial,63.68,-68.2,33,5,1,1,154.38,28.27,299.37,30.5,81.76,18.43,41.69,10.95,25.8,7.65,13.59,6.51,7.01,nan,nan,-247.49,2.57,-233.24,3.1,-234.58,4.04,-218.66,3.95,nan,nan,nan,nan,nan,nan,-33.23,0.08,-34.31,0.07,-34.68,0.09,-35.32,0.15,nan,nan,nan,nan,10.94,2.5,11.08,3.12,41.79,3.65,44.68,1.63,13.55,0.58,0.85,0,0,nan,nan,nan,nan,nan,nan,nan,nan,nan,nan,nan,nan,nan,nan,nan,nan,nan,nan,nan,nan,nan,nan,nan,nan,nan,nan,nan,nan
Balascio_et_al_2018,https://doi.org/10.1016/j.orggeochem.2018.03.008,northern Norway,Hollabattjonnen,Balascio_14,2013,Eriophorum vaginatum,Eriophorum,vaginatum,graminoid,terrestrial,69.74,19.13,25,5,1,0,nan,nan,nan,nan,nan,nan,nan,nan,nan,nan,nan,nan,nan,nan,nan,nan,nan,nan,nan,nan,nan,nan,nan,nan,nan,nan,nan,nan,nan,nan,nan,nan,nan,nan,nan,nan,nan,nan,nan,nan,nan,2.92,nan,6.39,nan,7.83,nan,21.87,nan,28.94,nan,27.77,nan,4.28,nan,nan,nan,nan,-161,4,-145,4,-148,3,-157,4,-174,5,nan,nan,nan,nan,nan,nan,nan,nan,nan,nan,nan,nan,nan,nan
Daniels_et_al_2017,https://doi.org/10.1016/j.gca.2017.06.028,Brooks Range,Toolik,8/6/2013,2013,Eriophorum vaginatum,Eriophorum,vaginatum,graminoid,terrestrial,68.5,-149.5,745,5,1,1,5.26,2.37,12.08,20.49,76.89,58.62,177.48,6.39,34.9,3.59,42.84,nan,nan,nan,nan,nan,nan,-281.76,nan,-298.72,nan,-283.78,nan,nan,nan,nan,nan,nan,nan,nan,nan,nan,nan,nan,nan,nan,nan,nan,nan,nan,nan,1.45,0.79,2.82,1.45,11.31,1.31,31.53,7.3,174.23,12.26,541.01,14.41,161.7,nan,nan,nan,nan,nan,nan,nan,nan,nan,nan,nan,nan,nan,nan,nan,nan,nan,nan,nan,nan,nan,nan,nan,nan,nan,nan,nan,nan
Daniels_et_al_2017,https://doi.org/10.1016/j.gca.2017.06.028,Brooks Range,Toolik,8/6/2013,2013,Eriophorum vaginatum,Eriophorum,vaginatum,graminoid,terrestrial,68.5,-149.5,745,5,1,1,4.18,2.24,9.81,14.02,54.34,39.67,157.65,6.89,27.24,2.82,27.14,nan,nan,nan,nan,nan,nan,-282.48,nan,-296.62,nan,-285.27,nan,nan,nan,nan,nan,nan,nan,nan,nan,nan,nan,nan,nan,nan,nan,nan,nan,nan,nan,0.36,0.32,1.39,1.09,12.05,0.9,21.87,15.7,128.12,8.39,386.68,9.74,109.3,nan,nan,nan,nan,nan,nan,nan,nan,nan,nan,nan,nan,nan,nan,nan,nan,nan,nan,nan,nan,nan,nan,nan,nan,nan,nan,nan,nan
Daniels_et_al_2017,https://doi.org/10.1016/j.gca.2017.06.028,Brooks Range,Toolik,8/6/2013,2013,Eriophorum vaginatum,Eriophorum,vaginatum,graminoid,terrestrial,68.5,-149.5,745,5,1,1,7.14,1.62,18.26,5.5,26.28,7.68,32.77,2.21,14.61,1.23,12.05,nan,nan,nan,nan,nan,nan,nan,nan,nan,nan,nan,nan,nan,nan,nan,nan,nan,nan,nan,nan,nan,nan,nan,nan,nan,nan,nan,nan,nan,nan,3.68,0.55,3.2,2.12,10.5,4.8,58.09,6.68,83.35,8.81,271.14,8.35,79.79,nan,nan,nan,nan,nan,nan,nan,nan,nan,nan,nan,nan,nan,nan,nan,nan,nan,nan,nan,nan,nan,nan,nan,nan,nan,nan,nan,nan
Daniels_et_al_2017,https://doi.org/10.1016/j.gca.2017.06.028,Brooks Range,Toolik,7/17/2014,2014,Eriophorum vaginatum,Eriophorum,vaginatum,graminoid,terrestrial,68.5,-149.5,745,5,1,1,8.48,2.04,12.99,5.08,21.15,4.49,30.61,1.46,9.21,0.38,3.73,nan,nan,nan,nan,nan,nan,-225.51,nan,-234.76,nan,-255.46,nan,-300.9,nan,nan,nan,nan,nan,nan,nan,nan,nan,nan,nan,nan,nan,nan,nan,nan,nan,0,0,0,0,29.66,9.76,126.99,30.31,525.08,47.21,1716.04,47.17,559.64,nan,nan,nan,nan,nan,nan,nan,nan,-295.11,nan,-309.63,nan,nan,nan,nan,nan,nan,nan,nan,nan,nan,nan,nan,nan,nan,nan,nan,nan
Daniels_et_al_2017,https://doi.org/10.1016/j.gca.2017.06.028,Brooks Range,Toolik,7/17/2014,2014,Eriophorum vaginatum,Eriophorum,vaginatum,graminoid,terrestrial,68.5,-149.5,745,5,1,1,3.88,0.74,4.06,2.07,7.45,2.63,20.02,0.59,2.87,0.23,2.07,nan,nan,nan,nan,nan,nan,nan,nan,nan,nan,nan,nan,nan,nan,nan,nan,nan,nan,nan,nan,nan,nan,nan,nan,nan,nan,nan,nan,nan,nan,0,0,0,0,17.75,0.92,31.82,4.26,188.92,10.77,571.74,11.93,169.07,nan,nan,nan,nan,nan,nan,nan,nan,-294.51,nan,-300.93,nan,nan,nan,nan,nan,nan,nan,nan,nan,nan,nan,nan,nan,nan,nan,nan,nan
Daniels_et_al_2017,https://doi.org/10.1016/j.gca.2017.06.028,Brooks Range,Toolik,7/17/2014,2014,Eriophorum vaginatum,Eriophorum,vaginatum,graminoid,terrestrial,68.5,-149.5,745,5,1,1,3.46,0.77,3.77,2.38,8.2,6.8,31.3,1.21,8.18,0.46,4.72,nan,nan,nan,nan,-247.61,nan,-260.58,nan,-284.05,nan,-288.84,nan,-290.69,nan,nan,nan,nan,nan,nan,nan,nan,nan,nan,nan,nan,nan,nan,nan,nan,nan,0,0,0,0,16.44,1.05,54.24,8.49,387.65,18.26,1206.25,20.63,320.1,nan,nan,nan,nan,nan,nan,nan,nan,-298.39,nan,-298.75,nan,nan,nan,nan,nan,nan,nan,nan,nan,nan,nan,nan,nan,nan,nan,nan,nan
Daniels_et_al_2017,https://doi.org/10.1016/j.gca.2017.06.028,Brooks Range,Toolik,7/17/2014,2014,Eriophorum vaginatum,Eriophorum,vaginatum,graminoid,terrestrial,68.5,-149.5,745,5,1,1,1.75,0.48,2.65,1.49,4.81,1.87,13.12,0.54,3.61,0.21,2.48,nan,nan,nan,nan,nan,nan,nan,nan,nan,nan,nan,nan,nan,nan,nan,nan,nan,nan,nan,nan,nan,nan,nan,nan,nan,nan,nan,nan,nan,nan,0,0,0,0,7.43,0.65,26.85,3.42,198.43,9.66,600.92,10.36,157.41,nan,nan,nan,nan,nan,nan,nan,nan,nan,nan,nan,nan,nan,nan,nan,nan,nan,nan,nan,nan,nan,nan,nan,nan,nan,nan,nan,nan
Daniels_et_al_2017,https://doi.org/10.1016/j.gca.2017.06.028,Brooks Range,Toolik,8/7/2014,2014,Eriophorum vaginatum,Eriophorum,vaginatum,graminoid,terrestrial,68.5,-149.5,745,5,1,1,12,3.15,11.93,9.83,26.1,7.02,29.84,1.26,9.44,0.65,6.93,nan,nan,nan,nan,-262.3,nan,-277.59,nan,nan,nan,nan,nan,-311.78,nan,nan,nan,nan,nan,nan,nan,nan,nan,nan,nan,nan,nan,nan,nan,nan,nan,0,0,0,0,13.57,0.75,86.25,11.8,569.85,29.27,1518.81,32.27,358.83,nan,nan,nan,nan,nan,nan,nan,nan,-314.33,nan,-322.45,nan,nan,nan,nan,nan,nan,nan,nan,nan,nan,nan,nan,nan,nan,nan,nan,nan
Daniels_et_al_2017,https://doi.org/10.1016/j.gca.2017.06.028,Brooks Range,Toolik,8/7/2014,2014,Eriophorum vaginatum,Eriophorum,vaginatum,graminoid,terrestrial,68.5,-149.5,745,5,1,1,8.38,2.39,9.84,8.12,33.3,8.6,38.35,1.18,8.05,0.54,5.03,nan,nan,nan,nan,-252.58,nan,-279.35,nan,nan,nan,nan,nan,-300.03,nan,nan,nan,nan,nan,nan,nan,nan,nan,nan,nan,nan,nan,nan,nan,nan,nan,0,0,0,0,25.25,0,108.2,0,451.74,29.36,1199.65,31.71,297.01,nan,nan,nan,nan,nan,nan,nan,nan,nan,nan,-310.16,nan,nan,nan,nan,nan,nan,nan,nan,nan,nan,nan,nan,nan,nan,nan,nan,nan
Daniels_et_al_2017,https://doi.org/10.1016/j.gca.2017.06.028,Brooks Range,Toolik,8/7/2014,2014,Eriophorum vaginatum,Eriophorum,vaginatum,graminoid,terrestrial,68.5,-149.5,745,5,1,1,8.13,1.78,12.28,4.59,20.63,6.32,34.99,2.65,14.81,0.75,5.05,nan,nan,nan,nan,-254.78,nan,-270.26,nan,-293.69,nan,-285.29,nan,-288.81,nan,nan,nan,nan,nan,nan,nan,nan,nan,nan,nan,nan,nan,nan,nan,nan,nan,0,0,0,0,16.9,1.45,74.01,7.5,311.86,20,1007.18,23.25,285.54,nan,nan,nan,nan,nan,nan,nan,nan,-307.86,nan,-303.04,nan,nan,nan,nan,nan,nan,nan,nan,nan,nan,nan,nan,nan,nan,nan,nan,nan
Daniels_et_al_2017,https://doi.org/10.1016/j.gca.2017.06.028,Brooks Range,Toolik,8/8/2014,2014,Eriophorum vaginatum,Eriophorum,vaginatum,graminoid,terrestrial,68.5,-149.5,745,5,1,1,4.21,0.35,8.61,0.75,6.6,2.21,14.23,0.55,4.05,0.21,1.42,nan,nan,nan,nan,-296.52,nan,-285.78,nan,-287.28,nan,-280.26,nan,-279.45,nan,nan,nan,nan,nan,nan,nan,nan,nan,nan,nan,nan,nan,nan,nan,nan,nan,0,0,0,0,16.73,0.71,33.42,3.74,229.36,6.67,137.78,1.44,9.05,nan,nan,nan,nan,nan,nan,nan,nan,-302.8,nan,-302.17,nan,nan,nan,nan,nan,nan,nan,nan,nan,nan,nan,nan,nan,nan,nan,nan,nan
Hollister_et_al_2022,https://doi.org/10.1029/2022JG006903,Baffin Island,QPT,KVH255,2019,Eriophorum vaginatum,Eriophorum,vaginatum,graminoid,terrestrial,63.68,-68.2,33,5,1,1,132.86,17.81,42.33,32.75,72.31,30.5,121.07,12.78,22.22,12.31,20.48,13.58,44.75,nan,nan,nan,nan,nan,nan,nan,nan,nan,nan,nan,nan,nan,nan,nan,nan,nan,nan,nan,nan,nan,nan,nan,nan,nan,nan,nan,nan,5.01,6.8,20.73,16.01,90.99,13.36,125.75,13.7,653.74,25.9,2004.43,30.71,608.09,nan,nan,nan,nan,nan,nan,nan,nan,nan,nan,nan,nan,nan,nan,nan,nan,nan,nan,nan,nan,nan,nan,nan,nan,nan,nan,nan,nan
Lindberg_et_al,https://doi.org/10.5194/egusphere-2025-3849,Baffin Island,3LN,KRL-076,2019,Eriophorum vaginatum,Eriophorum,vaginatum,graminoid,terrestrial,58.1,-68.46,61,5,1,1,59.88,6.24,25,13.84,37.72,15.08,63.61,3.61,9.5,0.97,4.54,0.82,11.05,nan,nan,-222.06,3.41,-235.6,3.69,-251.73,4.15,-229.58,4.54,nan,nan,nan,nan,nan,nan,-34.42,0.16,-34.99,0.17,-34.67,0.25,-34.52,0.25,nan,nan,nan,nan,1.07,1.62,10.15,8.43,54.86,6.5,93.38,18.88,75.76,26.07,120.97,0,30.23,nan,nan,nan,nan,nan,nan,nan,nan,nan,nan,nan,nan,nan,nan,nan,nan,nan,nan,nan,nan,nan,nan,nan,nan,nan,nan,nan,nan
Balascio_et_al_2018,https://doi.org/10.1016/j.orggeochem.2018.03.008,northern Norway,Hollabattjonnen,Balascio_7,2013,Euphrasia wettsteinii,Euphrasia,wettsteinii,forb,terrestrial,69.74,19.13,25,3,1,0,nan,nan,nan,nan,nan,nan,nan,nan,nan,nan,nan,nan,nan,nan,nan,nan,nan,nan,nan,nan,nan,nan,nan,nan,nan,nan,nan,nan,nan,nan,nan,nan,nan,nan,nan,nan,nan,nan,nan,nan,nan,1.55,nan,2.36,nan,6.06,nan,12.85,nan,72.28,nan,4.62,nan,0.27,nan,nan,nan,nan,-193,5,-188,4,-175,3,-172,4,nan,nan,nan,nan,nan,nan,nan,nan,nan,nan,nan,nan,nan,nan,nan,nan
Lindberg_et_al,https://doi.org/10.5194/egusphere-2025-3849,Baffin Island,CF8,KRL-055,2019,Gymnomitrion corallioides,Gymnomitrion,corallioides,liverwort,terrestrial,70.56,-68.95,195,7,1,1,41.24,12.6,24.72,7.08,15.91,4.18,7.35,2.94,4.74,2.3,3.07,1.82,1.99,nan,nan,-226.51,3.75,-219.2,3.47,-201.84,4.61,-183.62,5.16,nan,nan,nan,nan,nan,nan,-31.52,0.13,-32.49,0.09,-35.76,0.3,-38.18,0.23,nan,nan,nan,nan,11.37,5.76,10.82,4.87,7.86,4.52,6.82,3.67,5.53,2.2,3.51,1.76,2.13,nan,nan,nan,nan,nan,nan,nan,nan,nan,nan,nan,nan,nan,nan,nan,nan,nan,nan,nan,nan,nan,nan,nan,nan,nan,nan,nan,nan
Lindberg_et_al,https://doi.org/10.5194/egusphere-2025-3849,Baffin Island,AFR,KRL-084,2019,Gymnomitrion corallioides,Gymnomitrion,corallioides,liverwort,terrestrial,72.42,-77.44,895,7,1,1,15.12,1.87,14.65,2.24,9.04,1.62,3.33,1.2,1.89,1.08,1.45,0.78,0.86,nan,nan,-274.3,3.47,-244.59,3.66,-210.12,4.88,-192.67,7.7,nan,nan,nan,nan,nan,nan,-32.69,0.14,-33.69,0.09,-35.85,0.21,-38.61,0.27,nan,nan,nan,nan,4.44,3.87,6.99,3.24,6.02,3.06,6,3.09,5.78,0.4,2.89,0,0.32,nan,nan,nan,nan,nan,nan,nan,nan,nan,nan,nan,nan,nan,nan,nan,nan,nan,nan,nan,nan,nan,nan,nan,nan,nan,nan,nan,nan
Lindberg_et_al,https://doi.org/10.5194/egusphere-2025-3849,Baffin Island,AFR,KRL-085,2019,Gymnomitrion corallioides,Gymnomitrion,corallioides,liverwort,terrestrial,72.42,-77.44,895,7,1,1,12.44,1.1,12.75,1.77,8.47,0.99,2.9,0.48,1.05,0.32,0.53,0,0,nan,nan,nan,nan,nan,nan,nan,nan,nan,nan,nan,nan,nan,nan,nan,nan,nan,nan,nan,nan,nan,nan,nan,nan,nan,nan,nan,nan,3.38,3.72,5.89,2.59,4.02,2.01,3.41,2.38,3.77,0.09,0.55,0,0,nan,nan,nan,nan,nan,nan,nan,nan,nan,nan,nan,nan,nan,nan,nan,nan,nan,nan,nan,nan,nan,nan,nan,nan,nan,nan,nan,nan
Lindberg_et_al,https://doi.org/10.5194/egusphere-2025-3849,Baffin Island,CF8,KRL-090,2019,Gymnomitrion corallioides,Gymnomitrion,corallioides,liverwort,terrestrial,70.56,-68.95,195,7,1,1,6.62,3.94,26.97,2.48,8.24,1.86,4.58,1.28,1.83,1.06,1.12,0.96,0.96,nan,nan,-240.04,3.8,-202.88,3.53,-193.71,4.29,-176.6,9.35,nan,nan,nan,nan,nan,nan,-31.97,0.12,-36.29,0.21,-39.05,0.21,-40.88,0.43,nan,nan,nan,nan,5.96,3.18,8.94,1.89,4.67,0.81,1.4,0.38,0.72,0.04,0.25,0,0,nan,nan,nan,nan,nan,nan,nan,nan,nan,nan,nan,nan,nan,nan,nan,nan,nan,nan,nan,nan,nan,nan,nan,nan,nan,nan,nan,nan
Lindberg_et_al,https://doi.org/10.5194/egusphere-2025-3849,Baffin Island,CF8,KRL-091,2019,Gymnomitrion corallioides,Gymnomitrion,corallioides,liverwort,terrestrial,70.56,-68.95,195,7,1,1,65.2,30.79,22.74,10.14,10.26,3.25,2.93,1.71,1.83,1.61,2.64,1.66,1.64,nan,nan,nan,nan,nan,nan,nan,nan,nan,nan,nan,nan,nan,nan,nan,nan,nan,nan,nan,nan,nan,nan,nan,nan,nan,nan,nan,nan,9.37,1.19,4.62,0.44,1.01,0.14,0.58,0.22,1.75,0.8,0.65,1.85,8.37,nan,nan,nan,nan,nan,nan,nan,nan,nan,nan,nan,nan,nan,nan,nan,nan,nan,nan,nan,nan,nan,nan,nan,nan,nan,nan,nan,nan
Lindberg_et_al,https://doi.org/10.5194/egusphere-2025-3849,Baffin Island,AFR,KVH240,2019,Gymnomitrion corallioides,Gymnomitrion,corallioides,liverwort,terrestrial,72.42,-77.44,895,7,1,1,5.23,0.72,6.54,0.92,4.28,0.69,2.15,0.4,0.99,0.25,0.59,0.06,0.06,nan,nan,nan,nan,nan,nan,nan,nan,nan,nan,nan,nan,nan,nan,nan,nan,nan,nan,nan,nan,nan,nan,nan,nan,nan,nan,nan,nan,33.26,23.66,45.59,21.47,37.35,19.18,29.02,17.01,20.49,7.5,10.1,5.46,6.18,nan,nan,nan,nan,nan,nan,nan,nan,nan,nan,nan,nan,nan,nan,nan,nan,nan,nan,nan,nan,nan,nan,nan,nan,nan,nan,nan,nan
Thomas_et_al_2016,https://doi.org/10.1002/2016GL068513,western Greenland,N3,N3p_18,2010,Huperzia selago,Huperzia,selago,fern,terrestrial,68.636,-50.981,59,4,1,1,2,0.6,5.4,1.7,12.7,2.1,15.2,2.7,29.9,2.1,10.2,0,0,nan,nan,nan,nan,nan,nan,nan,nan,nan,nan,nan,nan,nan,nan,nan,nan,nan,nan,nan,nan,nan,nan,nan,nan,nan,nan,nan,nan,11,nan,31,nan,64,nan,119,nan,47,nan,7,nan,nan,nan,nan,nan,nan,nan,nan,nan,nan,nan,nan,nan,nan,nan,nan,nan,nan,nan,nan,nan,nan,nan,nan,nan,nan,nan,nan,nan,nan
Lindberg_et_al,https://doi.org/10.5194/egusphere-2025-3849,Baffin Island,AFR,KRL-087,2019,Hygrohypnum polare,Hygrohypnum,polare,moss,terrestrial,72.42,-77.44,895,6,1,1,15.26,1.2,46.03,1.86,173.58,3.02,48.85,0.21,14.27,0,1.7,0,0,nan,nan,nan,nan,nan,nan,nan,nan,nan,nan,nan,nan,nan,nan,nan,nan,nan,nan,nan,nan,nan,nan,nan,nan,nan,nan,nan,nan,0.75,0.55,2.44,0.55,1.98,0.43,2.1,0.19,1.42,0,6.64,0,0.99,nan,nan,nan,nan,nan,nan,nan,nan,nan,nan,nan,nan,nan,nan,nan,nan,nan,nan,nan,nan,nan,nan,nan,nan,nan,nan,nan,nan
Lindberg_et_al,https://doi.org/10.5194/egusphere-2025-3849,Baffin Island,AFR,KVH236,2019,Hygrohypnum polare,Hygrohypnum,polare,moss,terrestrial,72.42,-77.44,895,6,1,1,90.46,11.61,206.75,22.23,885.36,25.58,287.88,13.41,89.72,8.63,24.03,6.91,8.85,nan,nan,nan,nan,nan,nan,nan,nan,nan,nan,nan,nan,nan,nan,nan,nan,nan,nan,nan,nan,nan,nan,nan,nan,nan,nan,nan,nan,21.17,17.7,40.94,18.28,41.05,15,39,11.58,29.44,10.03,68.59,8.66,21.76,nan,nan,nan,nan,nan,nan,nan,nan,nan,nan,nan,nan,nan,nan,nan,nan,nan,nan,nan,nan,nan,nan,nan,nan,nan,nan,nan,nan
Hollister_et_al_2022,https://doi.org/10.1029/2022JG006903,Baffin Island,QPT,KVH210,2019,Hylocomium splendens,Hylocomium,splendens,moss,terrestrial,63.68,-68.2,33,6,1,1,46.22,22.68,92.37,33.57,144.51,34.32,81.79,22.97,47.63,19.82,27.58,0,20.85,nan,nan,nan,nan,nan,nan,nan,nan,nan,nan,nan,nan,nan,nan,nan,nan,nan,nan,nan,nan,nan,nan,nan,nan,nan,nan,nan,nan,5.4,5.29,7.52,5.69,9.46,5.33,11.04,5.42,10.03,5.31,7.62,5.15,5.25,nan,nan,nan,nan,nan,nan,nan,nan,nan,nan,nan,nan,nan,nan,nan,nan,nan,nan,nan,nan,nan,nan,nan,nan,nan,nan,nan,nan
Balascio_et_al_2018,https://doi.org/10.1016/j.orggeochem.2018.03.008,northern Norway,Hollabattjonnen,Balascio_13,2013,Juncus sp.,Juncus,sp.,graminoid,terrestrial,69.74,19.13,25,5,1,0,nan,nan,nan,nan,nan,nan,nan,nan,nan,nan,nan,nan,nan,nan,nan,nan,nan,nan,nan,nan,nan,nan,nan,nan,nan,nan,nan,nan,nan,nan,nan,nan,nan,nan,nan,nan,nan,nan,nan,nan,nan,8.54,nan,11.51,nan,19.47,nan,30.63,nan,23.12,nan,5.25,nan,1.48,nan,nan,nan,nan,-148,5,-157,4,-168,3,-163,4,nan,nan,nan,nan,nan,nan,nan,nan,nan,nan,nan,nan,nan,nan,nan,nan
Lindberg_et_al,https://doi.org/10.5194/egusphere-2025-3849,Baffin Island,3LN,KRL-119,2021,Larix larcinia ,Larix,larcinia,tree,terrestrial,58.1,-68.46,61,1,1,1,18.54,0,64.52,3.06,256.06,2.02,175.95,0,194.83,0.98,580.95,6.77,310.8,nan,nan,nan,nan,nan,nan,nan,nan,nan,nan,nan,nan,nan,nan,nan,nan,nan,nan,nan,nan,nan,nan,nan,nan,nan,nan,nan,nan,5.42,0.82,2.54,0.84,2.08,0.81,2.34,0.64,19.83,0.47,3.6,0.47,1.48,nan,nan,nan,nan,nan,nan,nan,nan,nan,nan,nan,nan,nan,nan,nan,nan,nan,nan,nan,nan,nan,nan,nan,nan,nan,nan,nan,nan
Lindberg_et_al,https://doi.org/10.5194/egusphere-2025-3849,Baffin Island,3LN,KRL-120,2021,Larix larcinia ,Larix,larcinia,tree,terrestrial,58.1,-68.46,61,1,1,1,20.55,0,47.65,0,121.34,0,101.74,0,182.95,1.62,705.1,11.8,467.81,nan,nan,-224.69,7.09,-212.75,4.78,-199.54,4.23,-197.95,4.87,nan,nan,nan,nan,nan,nan,-29.6,0.32,-28.78,0.26,-29.48,0.28,-29.37,0.24,nan,nan,nan,nan,8.49,0.68,1.71,0.59,1.43,0.93,2.11,0.53,36.56,0.33,3.78,0.33,1.96,nan,nan,nan,nan,nan,nan,nan,nan,nan,nan,nan,nan,nan,nan,nan,nan,nan,nan,nan,nan,nan,nan,nan,nan,nan,nan,nan,nan
Lindberg_et_al,https://doi.org/10.5194/egusphere-2025-3849,Baffin Island,3LN,KRL-073,2019,Larix laricina,Larix,larcinia,tree,terrestrial,58.1,-68.46,61,1,1,1,45.57,5.29,19.81,6.11,34.59,5.29,23.91,4.88,36.51,5.97,111.69,6.52,57.6,nan,nan,nan,nan,nan,nan,nan,nan,nan,nan,nan,nan,nan,nan,nan,nan,nan,nan,nan,nan,nan,nan,nan,nan,nan,nan,nan,nan,0.86,0,5.05,0,4.07,0.4,14.36,0.1,54.01,0.49,1.14,0,1.98,nan,nan,nan,nan,nan,nan,nan,nan,nan,nan,nan,nan,nan,nan,nan,nan,nan,nan,nan,nan,nan,nan,nan,nan,nan,nan,nan,nan
Lindberg_et_al,https://doi.org/10.5194/egusphere-2025-3849,Baffin Island,CF8,KRL-052,2019,Luzula confusa,Luzula,confusa,graminoid,terrestrial,70.56,-68.95,195,5,1,1,85.04,5.8,39.38,6.06,43.07,7.2,62.91,6.69,91.78,5.42,21.57,3.77,3.89,nan,nan,-241.99,3.4,-235.43,3.25,-261.78,3.39,-268.21,3.58,nan,nan,nan,nan,nan,nan,-32.62,0.19,-33.06,0.18,-32.89,0.11,-32.46,0.13,nan,nan,nan,nan,107.19,12.66,14.88,6.86,37.65,8.95,47.37,5.33,17.62,5.65,23.38,6.72,53.83,nan,nan,nan,nan,nan,nan,nan,nan,nan,nan,nan,nan,nan,nan,nan,nan,nan,nan,nan,nan,nan,nan,nan,nan,nan,nan,nan,nan
Lindberg_et_al,https://doi.org/10.5194/egusphere-2025-3849,Baffin Island,CF8,KRL-051,2019,Luzula nivea,Luzula,nivea,graminoid,terrestrial,70.56,-68.95,195,5,1,1,70.33,11.68,79.33,19.44,94.23,13.85,30.61,10.75,42.71,10.75,24.09,10.12,16.64,nan,nan,nan,nan,nan,nan,nan,nan,nan,nan,nan,nan,nan,nan,nan,nan,nan,nan,nan,nan,nan,nan,nan,nan,nan,nan,nan,nan,7.51,7.18,25.15,8.35,28.79,9.47,110.81,10.56,203.77,10.86,192.08,7.69,17.43,nan,nan,nan,nan,nan,nan,nan,nan,nan,nan,nan,nan,nan,nan,nan,nan,nan,nan,nan,nan,nan,nan,nan,nan,nan,nan,nan,nan
Lindberg_et_al,https://doi.org/10.5194/egusphere-2025-3849,Baffin Island,CF8,KRL-060,2019,Marsupella arctica,Marsupella,arctica,liverwort,terrestrial,70.56,-68.95,195,7,1,1,2.4,1.15,4.64,1.05,5.03,0.3,0.66,0.09,0.23,0,0.04,0,0,nan,nan,nan,nan,nan,nan,nan,nan,nan,nan,nan,nan,nan,nan,nan,nan,nan,nan,nan,nan,nan,nan,nan,nan,nan,nan,nan,nan,30.42,16.81,37.25,7.3,10.16,5.25,8.64,4.28,7.1,2.23,3.86,1.8,2.02,nan,nan,nan,nan,nan,nan,nan,nan,nan,nan,nan,nan,nan,nan,nan,nan,nan,nan,nan,nan,nan,nan,nan,nan,nan,nan,nan,nan
Lindberg_et_al,https://doi.org/10.5194/egusphere-2025-3849,Baffin Island,CF8,KRL-096,2019,Marsupella arctica,Marsupella,arctica,liverwort,terrestrial,70.56,-68.95,195,7,1,1,1.94,0.79,3.53,1,4.34,0.38,0.71,0.17,0.27,0.02,0.05,0,0,nan,nan,nan,nan,nan,nan,nan,nan,nan,nan,nan,nan,nan,nan,nan,nan,nan,nan,nan,nan,nan,nan,nan,nan,nan,nan,nan,nan,15.73,10.69,23.27,6.74,9.77,4.12,6.8,1.17,4.65,0.02,1.74,1.09,0,nan,nan,nan,nan,nan,nan,nan,nan,nan,nan,nan,nan,nan,nan,nan,nan,nan,nan,nan,nan,nan,nan,nan,nan,nan,nan,nan,nan
Lindberg_et_al,https://doi.org/10.5194/egusphere-2025-3849,Baffin Island,CF8,KRL-097,2019,Marsupella arctica,Marsupella,arctica,liverwort,terrestrial,70.56,-68.95,195,7,1,1,9.34,6.27,11.97,1.79,10.15,0.78,4.9,0.21,4.17,0,0.98,0,0,nan,nan,nan,nan,nan,nan,nan,nan,nan,nan,nan,nan,nan,nan,nan,nan,nan,nan,nan,nan,nan,nan,nan,nan,nan,nan,nan,nan,14.87,9.38,15.96,4.85,20.88,3.18,28.87,2.06,17.77,0,3.1,0,0,nan,nan,nan,nan,nan,nan,nan,nan,nan,nan,nan,nan,nan,nan,nan,nan,nan,nan,nan,nan,nan,nan,nan,nan,nan,nan,nan,nan
Balascio_et_al_2018,https://doi.org/10.1016/j.orggeochem.2018.03.008,northern Norway,Hollabattjonnen,Balascio_2,2013,Moss (unidentified),Unidentified_moss,Unidentified_moss,moss,terrestrial,69.74,19.13,25,6,1,0,nan,nan,nan,nan,nan,nan,nan,nan,nan,nan,nan,nan,nan,nan,nan,nan,nan,nan,nan,nan,nan,nan,nan,nan,nan,nan,nan,nan,nan,nan,nan,nan,nan,nan,nan,nan,nan,nan,nan,nan,nan,0.53,nan,0.48,nan,1.28,nan,6.13,nan,34.65,nan,47.8,nan,9.13,nan,nan,nan,nan,nan,nan,-184,5,-180,3,-182,3,-179,5,nan,nan,nan,nan,nan,nan,nan,nan,nan,nan,nan,nan,nan,nan
Lindberg_et_al,https://doi.org/10.5194/egusphere-2025-3849,Baffin Island,3LN,KRL-065,2019,Myrica gale,Myrica,gale,shrub,terrestrial,58.1,-68.46,61,2,1,1,165.61,9.09,60.39,7.97,16.37,11.92,35.94,16.27,74.59,10.42,50.12,4.24,4.25,nan,nan,nan,nan,nan,nan,nan,nan,nan,nan,nan,nan,nan,nan,nan,nan,nan,nan,nan,nan,nan,nan,nan,nan,nan,nan,nan,nan,7.05,7.04,8.09,11.83,23.08,15.63,106.35,15.09,366.56,10.24,19.68,6.38,8.24,nan,nan,nan,nan,nan,nan,nan,nan,nan,nan,nan,nan,nan,nan,nan,nan,nan,nan,nan,nan,nan,nan,nan,nan,nan,nan,nan,nan
Lindberg_et_al,https://doi.org/10.5194/egusphere-2025-3849,Baffin Island,CF8,HB047,2019,Ochrolechia frigida,Ochrolechia,frigida,lichen,terrestrial,70.56,-68.95,195,8,1,1,5.71,0.7,17.06,5.79,29.19,7.03,44.16,4.98,15.85,1.4,10.58,0.72,6.41,nan,nan,nan,nan,nan,nan,nan,nan,nan,nan,nan,nan,nan,nan,nan,nan,nan,nan,nan,nan,nan,nan,nan,nan,nan,nan,nan,nan,39.57,24.63,103.44,22.72,46.43,16.18,43.58,19.83,200.43,18.83,121.59,9.08,70.38,nan,nan,nan,nan,nan,nan,nan,nan,nan,nan,nan,nan,nan,nan,nan,nan,nan,nan,nan,nan,nan,nan,nan,nan,nan,nan,nan,nan
Lindberg_et_al,https://doi.org/10.5194/egusphere-2025-3849,Baffin Island,CF8,HB048,2019,Ochrolechia frigida,Ochrolechia,frigida,lichen,terrestrial,70.56,-68.95,195,8,1,1,8.64,1.38,19.26,7.05,30.4,8.77,49.52,5.18,14.91,0.93,5.97,0.36,1.57,nan,nan,-211.45,4.21,-215,5.77,-207.32,3.92,-185.69,4.29,nan,nan,nan,nan,nan,nan,-31.21,0.11,-31.85,0.15,-31.64,0.17,-32.61,0.26,nan,nan,nan,nan,42.84,9.71,616.23,17.62,206.13,0,103.4,0,947.14,0,534.05,0,354.2,nan,nan,nan,nan,nan,nan,nan,nan,nan,nan,nan,nan,nan,nan,nan,nan,nan,nan,nan,nan,nan,nan,nan,nan,nan,nan,nan,nan
Lindberg_et_al,https://doi.org/10.5194/egusphere-2025-3849,Baffin Island,CF8,HB049,2019,Ochrolechia frigida,Ochrolechia,frigida,lichen,terrestrial,70.56,-68.95,195,8,1,1,2.16,0.33,3.59,1.35,6.08,1.64,9.48,1,2.79,0.21,1.49,0.08,0.78,nan,nan,nan,nan,nan,nan,nan,nan,nan,nan,nan,nan,nan,nan,nan,nan,nan,nan,nan,nan,nan,nan,nan,nan,nan,nan,nan,nan,47.72,36.72,175.43,35.38,82.41,21.67,61.31,23.9,273.07,24.54,156.08,14.64,121.23,nan,nan,nan,nan,nan,nan,nan,nan,nan,nan,nan,nan,nan,nan,nan,nan,nan,nan,nan,nan,nan,nan,nan,nan,nan,nan,nan,nan
Lindberg_et_al,https://doi.org/10.5194/egusphere-2025-3849,Baffin Island,AFR,HB043,2019,Phippsia algida,Phippsia,algida,graminoid,terrestrial,72.42,-77.44,895,5,1,1,nan,nan,nan,nan,nan,nan,nan,nan,nan,nan,nan,nan,nan,nan,nan,nan,nan,nan,nan,nan,nan,nan,nan,nan,nan,nan,nan,nan,nan,nan,nan,nan,nan,nan,nan,nan,nan,nan,nan,nan,nan,0.01,0,3.55,0,10.31,0,5.18,0,4.77,0,10.91,0,16.89,nan,nan,nan,nan,nan,nan,nan,nan,nan,nan,nan,nan,nan,nan,nan,nan,nan,nan,nan,nan,nan,nan,nan,nan,nan,nan,nan,nan
Lindberg_et_al,https://doi.org/10.5194/egusphere-2025-3849,Baffin Island,AFR,KVH244,2019,Phippsia algida,Phippsia,algida,graminoid,terrestrial,72.42,-77.44,895,5,1,1,137.5,7.36,164.11,11.1,96.1,14.81,154.57,10.29,14.77,1.26,8.45,1.04,18.42,nan,nan,-300.15,3.52,-275.78,4.2,-301.71,3.52,-252.06,6.11,nan,nan,nan,nan,nan,nan,-36.83,0.34,-37.34,0.17,-37.96,0.3,-38.86,0.39,nan,nan,nan,nan,68.96,24.01,268.43,42.99,451.25,27.32,240.61,21.39,215.57,20.91,433.78,21.72,647.5,nan,nan,nan,nan,nan,nan,nan,nan,nan,nan,nan,nan,nan,nan,nan,nan,nan,nan,nan,nan,nan,nan,nan,nan,nan,nan,nan,nan
Bakkelund_et_al_2018,https://doi.org/10.1016/j.orggeochem.2018.08.005,Yukon transect,Brimstone,BRM_T1,2014,Picea glauca,Picea,glauca,tree,terrestrial,63.74,-138.85,639,1,1,1,6.05,2.34,16.25,3.79,18.27,1.33,2.47,nan,1.94,0.38,7.22,0.31,2.93,nan,nan,nan,nan,nan,nan,nan,nan,nan,nan,nan,nan,nan,nan,nan,nan,nan,nan,nan,nan,nan,nan,nan,nan,nan,nan,nan,nan,nan,nan,nan,nan,nan,nan,nan,nan,nan,nan,nan,nan,nan,nan,nan,nan,nan,nan,nan,nan,nan,nan,nan,nan,nan,nan,nan,nan,nan,nan,nan,nan,nan,nan,nan,nan,nan,nan,nan,nan,nan
Bakkelund_et_al_2018,https://doi.org/10.1016/j.orggeochem.2018.08.005,Yukon transect,Campbell_Lake,CL_T1,2014,Picea glauca,Picea,glauca,tree,terrestrial,68.21,-133.41,46,1,2,1,2.12,1.53,2.76,1.56,3.42,0.94,1.46,nan,1.9,0.26,4.25,nan,3.48,nan,nan,nan,nan,nan,nan,nan,nan,nan,nan,nan,nan,nan,nan,nan,nan,nan,nan,nan,nan,nan,nan,nan,nan,nan,nan,nan,nan,nan,nan,nan,nan,nan,nan,nan,nan,nan,nan,nan,nan,nan,nan,nan,nan,nan,nan,nan,nan,nan,nan,nan,nan,nan,nan,nan,nan,nan,nan,nan,nan,nan,nan,nan,nan,nan,nan,nan,nan,nan
Bakkelund_et_al_2018,https://doi.org/10.1016/j.orggeochem.2018.08.005,Yukon transect,Eagle_Plains,EAG_T1,2014,Picea glauca,Picea,glauca,tree,terrestrial,66.44,-136.68,370,1,3,1,6.89,4.15,20.6,3.88,28.02,2.2,6.09,0.8,7.17,1.7,30.85,3.62,13.26,nan,nan,nan,nan,nan,nan,nan,nan,nan,nan,nan,nan,nan,nan,nan,nan,nan,nan,nan,nan,nan,nan,nan,nan,nan,nan,nan,nan,nan,nan,nan,nan,nan,nan,nan,nan,nan,nan,nan,nan,nan,nan,nan,nan,nan,nan,nan,nan,nan,nan,nan,nan,nan,nan,nan,nan,nan,nan,nan,nan,nan,nan,nan,nan,nan,nan,nan,nan,nan
Bakkelund_et_al_2018,https://doi.org/10.1016/j.orggeochem.2018.08.005,Yukon transect,Inuvik,INU_T1,2014,Picea glauca,Picea,glauca,tree,terrestrial,68.32,-133.55,58,1,3,1,4.69,2.34,12.67,3.4,18.65,1.75,3.32,0.59,4.63,0.83,13.16,5.72,5.58,nan,nan,nan,nan,nan,nan,nan,nan,nan,nan,nan,nan,nan,nan,nan,nan,nan,nan,nan,nan,nan,nan,nan,nan,nan,nan,nan,nan,nan,nan,nan,nan,nan,nan,nan,nan,nan,nan,nan,nan,nan,nan,nan,nan,nan,nan,nan,nan,nan,nan,nan,nan,nan,nan,nan,nan,nan,nan,nan,nan,nan,nan,nan,nan,nan,nan,nan,nan,nan
Bakkelund_et_al_2018,https://doi.org/10.1016/j.orggeochem.2018.08.005,Yukon transect,Kluane,KL_T1,2014,Picea glauca,Picea,glauca,tree,terrestrial,60.97,-138.06,950,1,3,1,7.14,3.4,13.32,3.66,22.61,0.79,10.34,0.25,16.62,2.64,41.34,4.88,11.99,nan,nan,nan,nan,nan,nan,nan,nan,nan,nan,nan,nan,nan,nan,nan,nan,nan,nan,nan,nan,nan,nan,nan,nan,nan,nan,nan,nan,nan,nan,nan,nan,nan,nan,nan,nan,nan,nan,nan,nan,nan,nan,nan,nan,nan,nan,nan,nan,nan,nan,nan,nan,nan,nan,nan,nan,nan,nan,nan,nan,nan,nan,nan,nan,nan,nan,nan,nan,nan
Bakkelund_et_al_2018,https://doi.org/10.1016/j.orggeochem.2018.08.005,Yukon transect,Scree_Hill,SH_T1,2016,Picea glauca,Picea,glauca,tree,terrestrial,65.07,-138.16,875,1,2,1,15.32,4.87,25.92,7.42,32.49,nan,8.31,nan,11.13,2.31,37.28,nan,15.89,nan,nan,nan,nan,nan,nan,nan,nan,nan,nan,nan,nan,nan,nan,nan,nan,nan,nan,nan,nan,nan,nan,nan,nan,nan,nan,nan,nan,nan,nan,nan,nan,nan,nan,nan,nan,nan,nan,nan,nan,nan,nan,nan,nan,nan,nan,nan,nan,nan,nan,nan,nan,nan,nan,nan,nan,nan,nan,nan,nan,nan,nan,nan,nan,nan,nan,nan,nan,nan
Bakkelund_et_al_2018,https://doi.org/10.1016/j.orggeochem.2018.08.005,Yukon transect,Scree_Hill,SH_T2,2016,Picea glauca,Picea,glauca,tree,terrestrial,65.07,-138.16,875,1,6,1,15.32,4.87,25.92,7.42,32.49,nan,8.31,nan,11.13,2.31,37.28,nan,15.89,nan,nan,nan,nan,nan,nan,nan,nan,nan,nan,nan,nan,nan,nan,nan,nan,nan,nan,nan,nan,nan,nan,nan,nan,nan,nan,nan,nan,nan,nan,nan,nan,nan,nan,nan,nan,nan,nan,nan,nan,nan,nan,nan,nan,nan,nan,nan,nan,nan,nan,nan,nan,nan,nan,nan,nan,nan,nan,nan,nan,nan,nan,nan,nan,nan,nan,nan,nan,nan
Bakkelund_et_al_2018,https://doi.org/10.1016/j.orggeochem.2018.08.005,Yukon transect,Spindly_Pine,SP_T1,2017,Picea glauca,Picea,glauca,tree,terrestrial,60.3,-134.99,792,1,2,1,33.01,19.5,34.79,6.25,40.86,3.07,14.62,1.31,12.89,1.83,32.67,nan,0,nan,nan,nan,nan,nan,nan,nan,nan,nan,nan,nan,nan,nan,nan,nan,nan,nan,nan,nan,nan,nan,nan,nan,nan,nan,nan,nan,nan,nan,nan,nan,nan,nan,nan,nan,nan,nan,nan,nan,nan,nan,nan,nan,nan,nan,nan,nan,nan,nan,nan,nan,nan,nan,nan,nan,nan,nan,nan,nan,nan,nan,nan,nan,nan,nan,nan,nan,nan,nan
Bakkelund_et_al_2018,https://doi.org/10.1016/j.orggeochem.2018.08.005,Yukon transect,Takhini_River,TKR_T1,2014,Picea glauca,Picea,glauca,tree,terrestrial,60.85,-135.72,792,1,6,1,13.27,4.73,31.39,5.11,38.82,2.12,10.25,nan,15.33,3.23,48.91,nan,17.88,nan,nan,nan,nan,nan,nan,nan,nan,nan,nan,nan,nan,nan,nan,nan,nan,nan,nan,nan,nan,nan,nan,nan,nan,nan,nan,nan,nan,nan,nan,nan,nan,nan,nan,nan,nan,nan,nan,nan,nan,nan,nan,nan,nan,nan,nan,nan,nan,nan,nan,nan,nan,nan,nan,nan,nan,nan,nan,nan,nan,nan,nan,nan,nan,nan,nan,nan,nan,nan
Bakkelund_et_al_2018,https://doi.org/10.1016/j.orggeochem.2018.08.005,Yukon transect,Whitehorse,WH_T1,2014,Picea glauca,Picea,glauca,tree,terrestrial,60.81,-135.21,729,1,3,1,9.13,6.84,17.32,3.92,21.09,2.08,8.05,1.54,11.82,1.42,27.09,0.33,11.79,nan,nan,nan,nan,nan,nan,nan,nan,nan,nan,nan,nan,nan,nan,nan,nan,nan,nan,nan,nan,nan,nan,nan,nan,nan,nan,nan,nan,nan,nan,nan,nan,nan,nan,nan,nan,nan,nan,nan,nan,nan,nan,nan,nan,nan,nan,nan,nan,nan,nan,nan,nan,nan,nan,nan,nan,nan,nan,nan,nan,nan,nan,nan,nan,nan,nan,nan,nan,nan
Bakkelund_et_al_2018,https://doi.org/10.1016/j.orggeochem.2018.08.005,Yukon transect,Mayo,MYO_T1,2014,Picea mariana,Picea,mariana,tree,terrestrial,63.54,-136.16,555,1,3,1,13.79,4.75,28.58,4.82,26.17,nan,5.57,nan,3.88,nan,14.08,1.76,9.87,nan,nan,nan,nan,nan,nan,nan,nan,nan,nan,nan,nan,nan,nan,nan,nan,nan,nan,nan,nan,nan,nan,nan,nan,nan,nan,nan,nan,nan,nan,nan,nan,nan,nan,nan,nan,nan,nan,nan,nan,nan,nan,nan,nan,nan,nan,nan,nan,nan,nan,nan,nan,nan,nan,nan,nan,nan,nan,nan,nan,nan,nan,nan,nan,nan,nan,nan,nan,nan
Lindberg_et_al,https://doi.org/10.5194/egusphere-2025-3849,Baffin Island,3LN,KRL-074,2019,Picea mariana,Picea,mariana,tree,terrestrial,58.1,-68.46,61,1,1,1,1388.43,13.74,911,31.14,293.78,4.92,24.8,0,20.42,1.27,170.55,6.29,138.6,nan,nan,nan,nan,nan,nan,nan,nan,nan,nan,nan,nan,nan,nan,nan,nan,nan,nan,nan,nan,nan,nan,nan,nan,nan,nan,nan,nan,0.5,0,14.57,1.68,1.53,0.16,1.52,0.21,3.99,0.32,5.88,0,5.42,nan,nan,nan,nan,nan,nan,nan,nan,nan,nan,nan,nan,nan,nan,nan,nan,nan,nan,nan,nan,nan,nan,nan,nan,nan,nan,nan,nan
Lindberg_et_al,https://doi.org/10.5194/egusphere-2025-3849,Baffin Island,3LN,KRL-121,2021,Picea mariana,Picea,mariana,tree,terrestrial,58.1,-68.46,61,1,1,1,572.03,9.65,62.06,11.17,53.69,8.51,14.55,7.73,12.61,7.99,41.29,8.65,29.04,nan,nan,nan,nan,nan,nan,nan,nan,nan,nan,nan,nan,nan,nan,nan,nan,nan,nan,nan,nan,nan,nan,nan,nan,nan,nan,nan,nan,0.43,0.58,2.55,0.42,1.12,0.39,1.26,0.36,7.98,0.52,2.64,0.43,6.57,nan,nan,nan,nan,nan,nan,nan,nan,nan,nan,nan,nan,nan,nan,nan,nan,nan,nan,nan,nan,nan,nan,nan,nan,nan,nan,nan,nan
Lindberg_et_al,https://doi.org/10.5194/egusphere-2025-3849,Baffin Island,3LN,KRL-122,2021,Picea mariana,Picea,mariana,tree,terrestrial,58.1,-68.46,61,1,1,1,21.31,12.2,31.26,14.13,52.45,10.92,18.53,9.68,15.75,10.1,52.99,10.83,36.68,nan,nan,-204.49,8.27,-214.34,4.36,nan,nan,nan,nan,nan,nan,nan,nan,nan,nan,-32.23,0.15,-31.29,0.16,-32.48,0.48,-32.6,0.43,nan,nan,nan,nan,0.54,0.63,3.58,0.66,1.7,0.85,1.36,0.59,18.12,0.82,4.47,0.6,9.27,nan,nan,nan,nan,nan,nan,nan,nan,nan,nan,nan,nan,nan,nan,nan,nan,nan,nan,nan,nan,nan,nan,nan,nan,nan,nan,nan,nan
Lindberg_et_al,https://doi.org/10.5194/egusphere-2025-3849,Baffin Island,CF8,KRL-056,2019,Pleurocladula albescens,Pleurocladula,albescens,liverwort,terrestrial,70.56,-68.95,195,7,1,1,27.4,14.73,31.02,4.51,24.04,3.93,8.66,1.19,3.68,0.52,1.68,0,0,nan,nan,nan,nan,nan,nan,nan,nan,nan,nan,nan,nan,nan,nan,nan,nan,nan,nan,nan,nan,nan,nan,nan,nan,nan,nan,nan,nan,8.6,7.71,12.83,6.87,9.79,5.98,8.86,4.63,6.74,2.92,4.67,2.52,3.01,nan,nan,nan,nan,nan,nan,nan,nan,nan,nan,nan,nan,nan,nan,nan,nan,nan,nan,nan,nan,nan,nan,nan,nan,nan,nan,nan,nan
Bakkelund_et_al_2018,https://doi.org/10.1016/j.orggeochem.2018.08.005,Yukon transect,Brimstone,BRM_M1,2014,Pleurozium schreberi,Pleurozium,schreberi,moss,terrestrial,63.74,-138.85,639,6,1,1,19.01,1.96,59.44,5.08,41.07,3.43,11.49,nan,4.47,nan,6.38,nan,5.93,nan,nan,nan,nan,nan,nan,nan,nan,nan,nan,nan,nan,nan,nan,nan,nan,nan,nan,nan,nan,nan,nan,nan,nan,nan,nan,nan,nan,nan,nan,nan,nan,nan,nan,nan,nan,nan,nan,nan,nan,nan,nan,nan,nan,nan,nan,nan,nan,nan,nan,nan,nan,nan,nan,nan,nan,nan,nan,nan,nan,nan,nan,nan,nan,nan,nan,nan,nan,nan
Bakkelund_et_al_2018,https://doi.org/10.1016/j.orggeochem.2018.08.005,Yukon transect,Campbell_Lake,CL_M1,2014,Pleurozium schreberi,Pleurozium,schreberi,moss,terrestrial,68.21,-133.41,46,6,1,1,0.28,nan,0.51,nan,0.87,nan,0.54,nan,0.26,nan,nan,nan,nan,nan,nan,nan,nan,nan,nan,nan,nan,nan,nan,nan,nan,nan,nan,nan,nan,nan,nan,nan,nan,nan,nan,nan,nan,nan,nan,nan,nan,nan,nan,nan,nan,nan,nan,nan,nan,nan,nan,nan,nan,nan,nan,nan,nan,nan,nan,nan,nan,nan,nan,nan,nan,nan,nan,nan,nan,nan,nan,nan,nan,nan,nan,nan,nan,nan,nan,nan,nan,nan
Bakkelund_et_al_2018,https://doi.org/10.1016/j.orggeochem.2018.08.005,Yukon transect,Dempster_Highway,DHP_M1,2014,Pleurozium schreberi,Pleurozium,schreberi,moss,terrestrial,65.21,-138.33,738,6,1,1,1,nan,5.9,0.7,14.37,1.18,12.05,0.74,13.17,0.25,1.42,nan,nan,nan,nan,nan,nan,nan,nan,nan,nan,nan,nan,nan,nan,nan,nan,nan,nan,nan,nan,nan,nan,nan,nan,nan,nan,nan,nan,nan,nan,nan,nan,nan,nan,nan,nan,nan,nan,nan,nan,nan,nan,nan,nan,nan,nan,nan,nan,nan,nan,nan,nan,nan,nan,nan,nan,nan,nan,nan,nan,nan,nan,nan,nan,nan,nan,nan,nan,nan,nan,nan
Bakkelund_et_al_2018,https://doi.org/10.1016/j.orggeochem.2018.08.005,Yukon transect,Eagle_Plains,EAG_M1,2014,Pleurozium schreberi,Pleurozium,schreberi,moss,terrestrial,66.44,-136.68,370,6,1,1,3.77,0.47,17.91,3.02,35.52,4.28,21.7,2.81,13.33,1,5.27,nan,1.33,nan,nan,nan,nan,nan,nan,nan,nan,nan,nan,nan,nan,nan,nan,nan,nan,nan,nan,nan,nan,nan,nan,nan,nan,nan,nan,nan,nan,nan,nan,nan,nan,nan,nan,nan,nan,nan,nan,nan,nan,nan,nan,nan,nan,nan,nan,nan,nan,nan,nan,nan,nan,nan,nan,nan,nan,nan,nan,nan,nan,nan,nan,nan,nan,nan,nan,nan,nan,nan
Bakkelund_et_al_2018,https://doi.org/10.1016/j.orggeochem.2018.08.005,Yukon transect,Inuvik,INU_M1,2014,Pleurozium schreberi,Pleurozium,schreberi,moss,terrestrial,68.32,-133.55,58,6,1,1,1.52,nan,4.09,0.83,6.15,1.19,4.2,0.48,2.08,0.28,1.23,nan,0.72,nan,nan,nan,nan,nan,nan,nan,nan,nan,nan,nan,nan,nan,nan,nan,nan,nan,nan,nan,nan,nan,nan,nan,nan,nan,nan,nan,nan,nan,nan,nan,nan,nan,nan,nan,nan,nan,nan,nan,nan,nan,nan,nan,nan,nan,nan,nan,nan,nan,nan,nan,nan,nan,nan,nan,nan,nan,nan,nan,nan,nan,nan,nan,nan,nan,nan,nan,nan,nan
Bakkelund_et_al_2018,https://doi.org/10.1016/j.orggeochem.2018.08.005,Yukon transect,Kluane,KL_M1,2014,Pleurozium schreberi,Pleurozium,schreberi,moss,terrestrial,60.97,-138.06,950,6,1,1,4.41,0.64,10.95,2.49,13.56,2.13,9.55,0.41,2.57,0.23,2.57,0.4,1.44,nan,nan,nan,nan,nan,nan,nan,nan,nan,nan,nan,nan,nan,nan,nan,nan,nan,nan,nan,nan,nan,nan,nan,nan,nan,nan,nan,nan,nan,nan,nan,nan,nan,nan,nan,nan,nan,nan,nan,nan,nan,nan,nan,nan,nan,nan,nan,nan,nan,nan,nan,nan,nan,nan,nan,nan,nan,nan,nan,nan,nan,nan,nan,nan,nan,nan,nan,nan,nan
Bakkelund_et_al_2018,https://doi.org/10.1016/j.orggeochem.2018.08.005,Yukon transect,Mayo,MYO_M1,2014,Pleurozium schreberi,Pleurozium,schreberi,moss,terrestrial,63.54,-136.16,555,6,1,1,1,nan,1.88,0.35,3.5,0.45,2.27,nan,0.86,nan,0.31,nan,nan,nan,nan,nan,nan,nan,nan,nan,nan,nan,nan,nan,nan,nan,nan,nan,nan,nan,nan,nan,nan,nan,nan,nan,nan,nan,nan,nan,nan,nan,nan,nan,nan,nan,nan,nan,nan,nan,nan,nan,nan,nan,nan,nan,nan,nan,nan,nan,nan,nan,nan,nan,nan,nan,nan,nan,nan,nan,nan,nan,nan,nan,nan,nan,nan,nan,nan,nan,nan,nan
Bakkelund_et_al_2018,https://doi.org/10.1016/j.orggeochem.2018.08.005,Yukon transect,Scree_Hill,SH_M1,2016,Pleurozium schreberi,Pleurozium,schreberi,moss,terrestrial,65.07,-138.16,875,6,1,1,1.64,0.4,3.58,1.09,7.37,1.32,8.28,0.48,6.74,0.31,2.39,nan,1.76,nan,nan,nan,nan,nan,nan,nan,nan,nan,nan,nan,nan,nan,nan,nan,nan,nan,nan,nan,nan,nan,nan,nan,nan,nan,nan,nan,nan,nan,nan,nan,nan,nan,nan,nan,nan,nan,nan,nan,nan,nan,nan,nan,nan,nan,nan,nan,nan,nan,nan,nan,nan,nan,nan,nan,nan,nan,nan,nan,nan,nan,nan,nan,nan,nan,nan,nan,nan,nan
Bakkelund_et_al_2018,https://doi.org/10.1016/j.orggeochem.2018.08.005,Yukon transect,Takhini_River,TKR_M1,2014,Pleurozium schreberi,Pleurozium,schreberi,moss,terrestrial,60.85,-135.72,792,6,2,1,4.54,nan,13.59,3.25,18.98,1.48,8.4,0.32,5.99,nan,4.6,0.62,2.68,nan,nan,nan,nan,nan,nan,nan,nan,nan,nan,nan,nan,nan,nan,nan,nan,nan,nan,nan,nan,nan,nan,nan,nan,nan,nan,nan,nan,nan,nan,nan,nan,nan,nan,nan,nan,nan,nan,nan,nan,nan,nan,nan,nan,nan,nan,nan,nan,nan,nan,nan,nan,nan,nan,nan,nan,nan,nan,nan,nan,nan,nan,nan,nan,nan,nan,nan,nan,nan
Bakkelund_et_al_2018,https://doi.org/10.1016/j.orggeochem.2018.08.005,Yukon transect,Tsiigehtchic,TSI_M1,2014,Pleurozium schreberi,Pleurozium,schreberi,moss,terrestrial,68.04,-133.49,78,6,1,1,2.51,nan,6.24,1.93,12.61,2.33,7.45,0.87,4.79,nan,7.34,nan,5.73,nan,nan,nan,nan,nan,nan,nan,nan,nan,nan,nan,nan,nan,nan,nan,nan,nan,nan,nan,nan,nan,nan,nan,nan,nan,nan,nan,nan,nan,nan,nan,nan,nan,nan,nan,nan,nan,nan,nan,nan,nan,nan,nan,nan,nan,nan,nan,nan,nan,nan,nan,nan,nan,nan,nan,nan,nan,nan,nan,nan,nan,nan,nan,nan,nan,nan,nan,nan,nan
Bakkelund_et_al_2018,https://doi.org/10.1016/j.orggeochem.2018.08.005,Yukon transect,Whitehorse,WH_M1,2014,Pleurozium schreberi,Pleurozium,schreberi,moss,terrestrial,60.81,-135.21,729,6,1,1,4.64,nan,15.86,1.66,19.54,1.65,7.52,0.43,2.82,nan,2.15,0.03,1,nan,nan,nan,nan,nan,nan,nan,nan,nan,nan,nan,nan,nan,nan,nan,nan,nan,nan,nan,nan,nan,nan,nan,nan,nan,nan,nan,nan,nan,nan,nan,nan,nan,nan,nan,nan,nan,nan,nan,nan,nan,nan,nan,nan,nan,nan,nan,nan,nan,nan,nan,nan,nan,nan,nan,nan,nan,nan,nan,nan,nan,nan,nan,nan,nan,nan,nan,nan,nan
Lindberg_et_al,https://doi.org/10.5194/egusphere-2025-3849,Baffin Island,3LN,KRL-077,2019,Pleurozium schreberi,Pleurozium,schreberi,moss,terrestrial,58.1,-68.46,61,6,1,1,5.56,1.03,17.28,2.82,46.62,3.07,29.2,2.1,33.12,0.83,19.42,0.17,6.13,nan,nan,nan,nan,nan,nan,nan,nan,nan,nan,nan,nan,nan,nan,nan,nan,nan,nan,nan,nan,nan,nan,nan,nan,nan,nan,nan,nan,0,0,0.51,0,0.62,0,11.42,0,16.28,0,27.22,0,8.37,nan,nan,nan,nan,nan,nan,nan,nan,nan,nan,nan,nan,nan,nan,nan,nan,nan,nan,nan,nan,nan,nan,nan,nan,nan,nan,nan,nan
Lindberg_et_al,https://doi.org/10.5194/egusphere-2025-3849,Baffin Island,3LN,KRL-111,2021,Pleurozium schreberi,Pleurozium,schreberi,moss,terrestrial,58.1,-68.46,61,6,1,1,6.39,0.4,15.16,1.88,46.17,2.5,25.37,1.38,26.36,0.62,12.52,0.02,5.46,nan,nan,-219.06,3.52,-229.25,3.17,-228.06,3.84,-222.08,3.41,nan,nan,nan,nan,nan,nan,-34.21,0.21,-38,0.08,-38.92,0.17,-39.51,0.14,nan,nan,nan,nan,0.57,0.48,1.07,0.42,0.93,0.59,6.88,0.82,11.46,0.86,12.34,6.88,5.75,nan,nan,nan,nan,nan,nan,nan,nan,nan,nan,nan,nan,nan,nan,nan,nan,nan,nan,nan,nan,nan,nan,nan,nan,nan,nan,nan,nan
Lindberg_et_al,https://doi.org/10.5194/egusphere-2025-3849,Baffin Island,3LN,KRL-112,2021,Pleurozium schreberi,Pleurozium,schreberi,moss,terrestrial,58.1,-68.46,61,6,1,1,16.3,0.85,79.33,5.13,196.34,7.45,110.65,5.19,122.94,1.26,36.4,0,15.93,nan,nan,-244.99,3.61,-250.71,3.66,-247.98,3.38,-245.69,3.4,nan,nan,nan,nan,nan,nan,-34.78,0.09,-37.66,0.1,-38.86,0.19,-39.22,0.16,nan,nan,nan,nan,1.02,0.72,1.63,0.82,4.06,1.45,35.35,1.79,14.1,1.13,16.74,7.18,7.9,nan,nan,nan,nan,nan,nan,nan,nan,nan,nan,nan,nan,nan,nan,nan,nan,nan,nan,nan,nan,nan,nan,nan,nan,nan,nan,nan,nan
Wilkie_et_al_2013,https://doi.org/10.5194/cp-9-335-2013,Far East Russia,Elgygytgyn,Wilkie_4,2003,Poaceae,Unidentified_poaceae,Unidentified_poaceae,graminoid,terrestrial,67.5,172.1,492,5,1,0,18,nan,32.1,nan,35.7,nan,72.5,nan,23.6,nan,10.2,nan,nan,nan,nan,-237,6,-236,4,-256,3,-239,6,nan,nan,nan,nan,nan,nan,nan,nan,nan,nan,nan,nan,nan,nan,nan,nan,nan,nan,nan,nan,nan,nan,nan,nan,nan,nan,nan,nan,nan,nan,nan,nan,nan,nan,nan,nan,nan,nan,nan,nan,nan,nan,nan,nan,nan,nan,nan,nan,nan,nan,nan,nan,nan,nan,nan,nan,nan,nan,nan
Lindberg_et_al,https://doi.org/10.5194/egusphere-2025-3849,Baffin Island,AFR,KVH245,2019,Pogonatum fragile,Pogonatum,fragile,moss,terrestrial,72.42,-77.44,895,6,1,1,3513.75,177.41,5889.64,251.29,2121.05,212.29,1054.79,88.76,300.9,50.78,116.26,43.03,73.5,nan,nan,nan,nan,nan,nan,nan,nan,nan,nan,nan,nan,nan,nan,nan,nan,nan,nan,nan,nan,nan,nan,nan,nan,nan,nan,nan,nan,68.57,59.32,206.99,71.45,601.31,38.42,111.02,27.32,50.88,19.07,54.69,16.35,29.68,nan,nan,nan,nan,nan,nan,nan,nan,nan,nan,nan,nan,nan,nan,nan,nan,nan,nan,nan,nan,nan,nan,nan,nan,nan,nan,nan,nan
Lindberg_et_al,https://doi.org/10.5194/egusphere-2025-3849,Baffin Island,AFR,HB044,2019,Pogonatum sp. 1,Pogonatum,sp. 1,moss,terrestrial,72.42,-77.44,895,6,1,1,10.43,10.51,23.78,10.63,48.65,12.56,36.86,12.6,26.07,9.87,11.94,9.4,14.74,nan,nan,nan,nan,nan,nan,nan,nan,nan,nan,nan,nan,nan,nan,nan,nan,nan,nan,nan,nan,nan,nan,nan,nan,nan,nan,nan,nan,0.39,0.39,2.68,0.72,5.73,1.05,1.01,0.79,0.12,0,0.06,0,0,nan,nan,nan,nan,nan,nan,nan,nan,nan,nan,nan,nan,nan,nan,nan,nan,nan,nan,nan,nan,nan,nan,nan,nan,nan,nan,nan,nan
Lindberg_et_al,https://doi.org/10.5194/egusphere-2025-3849,Baffin Island,AFR,HB045,2019,Pogonatum sp. 2,Pogonatum,sp. 2,moss,terrestrial,72.42,-77.44,895,6,1,1,2.1,0,4.72,0,5.43,0,2.17,0,0.95,0,0.09,0,0,nan,nan,nan,nan,nan,nan,nan,nan,nan,nan,nan,nan,nan,nan,nan,nan,nan,nan,nan,nan,nan,nan,nan,nan,nan,nan,nan,nan,0,0,0.79,0.52,3.19,0.43,4.9,0.22,4.41,0.51,5.93,0,1.01,nan,nan,nan,nan,nan,nan,nan,nan,nan,nan,nan,nan,nan,nan,nan,nan,nan,nan,nan,nan,nan,nan,nan,nan,nan,nan,nan,nan
Lindberg_et_al,https://doi.org/10.5194/egusphere-2025-3849,Baffin Island,AFR,KVH233,2019,Pogonatum sp. 3,Pogonatum,sp. 3,moss,terrestrial,72.42,-77.44,895,6,1,1,693.14,31.86,663.48,39.46,311.82,24.48,95.18,8.59,21.33,6.57,11.27,5.49,7.83,nan,nan,-268.16,3.24,-267.24,3.91,-248.57,8.65,nan,nan,nan,nan,nan,nan,nan,nan,nan,nan,-33.45,0.17,-34.28,0.25,nan,nan,nan,nan,nan,nan,24.74,18.52,47.26,15.75,50.63,9.48,36.29,7.56,30.57,6.52,35.51,4.59,8.11,nan,nan,nan,nan,nan,nan,nan,nan,nan,nan,nan,nan,nan,nan,nan,nan,nan,nan,nan,nan,nan,nan,nan,nan,nan,nan,nan,nan
Lindberg_et_al,https://doi.org/10.5194/egusphere-2025-3849,Baffin Island,AFR,KRL-086,2019,Pohlia wahlenbergii,Pohlia,wahlenbergii,liverwort,terrestrial,72.42,-77.44,895,7,1,1,25.38,1.43,18.19,2.19,15.77,1.24,4.56,0.53,1.76,0.06,0.3,0,0,nan,nan,nan,nan,nan,nan,nan,nan,nan,nan,nan,nan,nan,nan,nan,nan,nan,nan,nan,nan,nan,nan,nan,nan,nan,nan,nan,nan,1.32,1.33,3.16,1.13,2.53,0.67,2.48,0.43,2.08,0,1.34,0,0.32,nan,nan,nan,nan,nan,nan,nan,nan,nan,nan,nan,nan,nan,nan,nan,nan,nan,nan,nan,nan,nan,nan,nan,nan,nan,nan,nan,nan
Lindberg_et_al,https://doi.org/10.5194/egusphere-2025-3849,Baffin Island,AFR,KVH243,2019,Pohlia/Bryum slender,Pohlia,sp.,moss,terrestrial,72.42,-77.44,895,6,1,1,267.06,7.51,138.6,7.88,88.24,5.55,20.07,2.6,5.54,1.32,2.2,1.1,1.65,nan,nan,nan,nan,nan,nan,nan,nan,nan,nan,nan,nan,nan,nan,nan,nan,nan,nan,nan,nan,nan,nan,nan,nan,nan,nan,nan,nan,89.48,77.01,196.75,76.69,170.08,61.35,233.83,73.99,218.97,44.05,107.01,38.62,53.1,nan,nan,nan,nan,nan,nan,nan,nan,nan,nan,nan,nan,nan,nan,nan,nan,nan,nan,nan,nan,nan,nan,nan,nan,nan,nan,nan,nan
Thomas_et_al_2016,https://doi.org/10.1002/2016GL068513,western Greenland,N3,N3p_2,2010,Polygonum viviparum,Polygonum,viviparum,forb,terrestrial,68.636,-50.981,59,3,1,1,46.5,4.2,59.8,13.6,69.4,9.2,82.7,10.1,168.3,3.2,31.5,1.7,0,nan,nan,nan,nan,nan,nan,nan,nan,nan,nan,nan,nan,nan,nan,nan,nan,nan,nan,nan,nan,nan,nan,nan,nan,nan,nan,nan,nan,nan,nan,127,nan,130,nan,310,nan,436,nan,105,nan,nan,nan,nan,-196.143,5.21561961803196,-201.665,6.02172134858463,-228.039,1.83847763108502,-226.5895,1.96222131779267,-216.653,0.0890954544295084,nan,nan,nan,nan,nan,nan,nan,nan,nan,nan,nan,nan,nan,nan,nan,nan
Lindberg_et_al,https://doi.org/10.5194/egusphere-2025-3849,Baffin Island,AFR,KVH241,2019,Polytrichum hyperboreum,Polytrichum,hyperboreum,moss,terrestrial,72.42,-77.44,895,6,1,1,8.11,0.75,22.46,1.42,37.45,1.32,6.96,0.36,3.56,2.96,1.78,1.9,2.53,nan,nan,nan,nan,nan,nan,nan,nan,nan,nan,nan,nan,nan,nan,nan,nan,nan,nan,nan,nan,nan,nan,nan,nan,nan,nan,nan,nan,35.11,29.92,65,42.55,291.95,18.77,59.2,9.98,32.29,9.49,21.18,7.74,12.94,nan,nan,nan,nan,nan,nan,nan,nan,nan,nan,nan,nan,nan,nan,nan,nan,nan,nan,nan,nan,nan,nan,nan,nan,nan,nan,nan,nan
Lindberg_et_al,https://doi.org/10.5194/egusphere-2025-3849,Baffin Island,3LN,KRL-115,2021,Polytrichum juniperum,Polytrichum,junipernum,moss,terrestrial,58.1,-68.46,61,6,1,1,63.59,1.52,74.33,2.5,38.75,3.4,40.86,1.28,13.05,0.26,7.77,0,2.82,nan,nan,nan,nan,nan,nan,nan,nan,nan,nan,nan,nan,nan,nan,nan,nan,nan,nan,nan,nan,nan,nan,nan,nan,nan,nan,nan,nan,1.78,1.48,2.33,1.9,5.74,1.55,15.72,4.3,87.68,5.05,43.82,1.46,7.89,nan,nan,nan,nan,nan,nan,nan,nan,nan,nan,nan,nan,nan,nan,nan,nan,nan,nan,nan,nan,nan,nan,nan,nan,nan,nan,nan,nan
Lindberg_et_al,https://doi.org/10.5194/egusphere-2025-3849,Baffin Island,3LN,KRL-116,2021,Polytrichum juniperum,Polytrichum,junipernum,moss,terrestrial,58.1,-68.46,61,6,1,1,107.32,6.56,105.34,11.28,107.89,10.57,67.63,6.97,27.94,4.08,12.12,2.88,6.71,nan,nan,nan,nan,nan,nan,nan,nan,nan,nan,nan,nan,nan,nan,nan,nan,nan,nan,nan,nan,nan,nan,nan,nan,nan,nan,nan,nan,1.46,0.83,1.59,1.25,4.16,1.55,7.65,3.07,35.8,4.68,61.57,2.43,21.47,nan,nan,nan,nan,nan,nan,nan,nan,nan,nan,nan,nan,nan,nan,nan,nan,nan,nan,nan,nan,nan,nan,nan,nan,nan,nan,nan,nan
Lindberg_et_al,https://doi.org/10.5194/egusphere-2025-3849,Baffin Island,3LN,KRL-080,2019,Polytrichum piliferum,Polytrichum,piliferum,moss,terrestrial,58.1,-68.46,61,6,1,1,32.49,2.09,44.91,4.51,49.6,6.51,50.36,3.54,16.8,1.05,5.13,0,0.64,nan,nan,nan,nan,nan,nan,nan,nan,nan,nan,nan,nan,nan,nan,nan,nan,nan,nan,nan,nan,nan,nan,nan,nan,nan,nan,nan,nan,2.71,0.68,2.98,1.58,5.16,0.35,5.02,0.29,7.36,0,6.48,0,0.67,nan,nan,nan,nan,nan,nan,nan,nan,nan,nan,nan,nan,nan,nan,nan,nan,nan,nan,nan,nan,nan,nan,nan,nan,nan,nan,nan,nan
Lindberg_et_al,https://doi.org/10.5194/egusphere-2025-3849,Baffin Island,AFR,KVH234,2019,Psilopilum sp.,Psilopilum,sp.,moss,terrestrial,72.42,-77.44,895,6,1,1,90.94,3.57,76.13,5.06,47.79,2.95,11.15,0.81,1.75,0.58,1.05,0.45,0.55,nan,nan,nan,nan,nan,nan,nan,nan,nan,nan,nan,nan,nan,nan,nan,nan,nan,nan,nan,nan,nan,nan,nan,nan,nan,nan,nan,nan,16.79,15.49,26.63,13.46,34.9,12.69,37.07,11.49,30.9,10.09,32.09,8.85,12.05,nan,nan,nan,nan,nan,nan,nan,nan,nan,nan,nan,nan,nan,nan,nan,nan,nan,nan,nan,nan,nan,nan,nan,nan,nan,nan,nan,nan
Hollister_et_al_2022,https://doi.org/10.1029/2022JG006903,Baffin Island,QPT,KVH202,2019,Ptilidium ciliare,Ptilidium,ciliare,liverwort,terrestrial,63.68,-68.2,33,7,1,1,34.02,12.2,171.58,14.03,149.78,13.16,42.97,10.33,16.21,9.81,13.22,9.21,10.09,nan,nan,nan,nan,nan,nan,nan,nan,nan,nan,nan,nan,nan,nan,nan,nan,nan,nan,nan,nan,nan,nan,nan,nan,nan,nan,nan,nan,5.9,3.27,12.35,3.77,10.55,3.47,14.37,5.22,81.08,5.86,64.54,4.49,13.64,nan,nan,nan,nan,nan,nan,nan,nan,nan,nan,nan,nan,nan,nan,nan,nan,nan,nan,nan,nan,nan,nan,nan,nan,nan,nan,nan,nan
Dion-Kirschner_et_al_2020,https://doi.org/10.1016/j.gca.2020.07.027,western Greenland,LSL,20E,2015,Pyrola grandiflora,Pyrola,grandiflora,shrub,terrestrial,67.03,-50.31,124,2,1,1,16.45,2.4,11.57,2.78,17.02,2.29,16.98,12.38,23.99,nan,nan,nan,nan,nan,nan,nan,nan,nan,nan,nan,nan,nan,nan,nan,nan,nan,nan,nan,nan,-36.93,0.28,-33.58,0.7,-32.52,0.41,-32.05,0.31,nan,nan,nan,nan,0.31,2.61,1.02,2,5.53,2.16,15.05,3.6,40.89,4.03,20.58,nan,nan,nan,nan,nan,nan,nan,nan,-216.64,5.97,-233.7,4.8,-230.43,5.09,nan,nan,nan,nan,nan,nan,-32.57,0.13,-33.19,0.23,-36.57,0.13,-34.88,0.2,nan,nan
Thomas_et_al_2016,https://doi.org/10.1002/2016GL068513,western Greenland,N3,N3p_6,2010,Pyrola grandiflora,Pyrola,grandiflora,shrub,terrestrial,68.636,-50.981,59,2,1,1,22.6,2,12.2,2.7,22.7,4.4,26.1,3.2,25.9,4.9,45.9,2,7.8,nan,nan,nan,nan,nan,nan,nan,nan,nan,nan,nan,nan,nan,nan,nan,nan,nan,nan,nan,nan,nan,nan,nan,nan,nan,nan,nan,nan,2,nan,51,nan,917,nan,1092,nan,2753,nan,659,nan,69,-223.825666666667,13.4037694822514,nan,nan,-224.11875,1.8786364514367,-216.091,1.20385630371735,-200.2585,0.901284083960211,-195.967,3.07089433227522,-145.373333333333,39.4348680019768,nan,nan,nan,nan,nan,nan,nan,nan,nan,nan,nan,nan,nan,nan
Hollister_et_al_2022,https://doi.org/10.1029/2022JG006903,Baffin Island,QPT,KVH217,2019,Racomitrium lanuginosum,Racomitrium,lanuginosum,moss,terrestrial,63.68,-68.2,33,6,1,1,nan,nan,nan,nan,nan,nan,nan,nan,nan,nan,nan,nan,nan,nan,nan,nan,nan,nan,nan,nan,nan,nan,nan,nan,nan,nan,nan,nan,nan,nan,nan,nan,nan,nan,nan,nan,nan,nan,nan,nan,nan,0.23,0.21,0.23,0.23,0.36,0.25,0.35,0.43,0.29,0.27,0.29,0.26,0.25,nan,nan,nan,nan,nan,nan,nan,nan,nan,nan,nan,nan,nan,nan,nan,nan,nan,nan,nan,nan,nan,nan,nan,nan,nan,nan,nan,nan
Lindberg_et_al,https://doi.org/10.5194/egusphere-2025-3849,Baffin Island,3LN,KRL-082,2019,Racomitrium lanuginosum,Racomitrium,lanuginosum,moss,terrestrial,58.1,-68.46,61,6,1,1,27.52,4.47,42.83,3.62,16.99,2.94,8.8,2.37,5.04,2.03,3.28,1.74,2.31,nan,nan,nan,nan,nan,nan,nan,nan,nan,nan,nan,nan,nan,nan,nan,nan,nan,nan,nan,nan,nan,nan,nan,nan,nan,nan,nan,nan,1.69,0.49,2.04,0.43,1.71,0.26,4.23,0.13,9.07,0.03,7.59,0,1.11,nan,nan,nan,nan,nan,nan,nan,nan,nan,nan,nan,nan,nan,nan,nan,nan,nan,nan,nan,nan,nan,nan,nan,nan,nan,nan,nan,nan
Hollister_et_al_2022,https://doi.org/10.1029/2022JG006903,Baffin Island,QPT,KVH203,2019,Rhizocarpon cinereovirens,Rhizocarpon,cinereovirens,lichen,terrestrial,63.68,-68.2,33,8,1,1,nan,nan,nan,nan,nan,nan,nan,nan,nan,nan,nan,nan,nan,nan,nan,nan,nan,nan,nan,nan,nan,nan,nan,nan,nan,nan,nan,nan,nan,nan,nan,nan,nan,nan,nan,nan,nan,nan,nan,nan,nan,1.31,1.29,1.43,1.03,1.24,0.77,0.96,0,0.8,0.95,0.69,0.59,0.59,nan,nan,nan,nan,nan,nan,nan,nan,nan,nan,nan,nan,nan,nan,nan,nan,nan,nan,nan,nan,nan,nan,nan,nan,nan,nan,nan,nan
Hollister_et_al_2022,https://doi.org/10.1029/2022JG006903,Baffin Island,QPT,KVH207,2019,Rhizocarpon cinereovirens,Rhizocarpon,cinereovirens,lichen,terrestrial,63.68,-68.2,33,8,1,1,nan,nan,nan,nan,nan,nan,nan,nan,nan,nan,nan,nan,nan,nan,nan,nan,nan,nan,nan,nan,nan,nan,nan,nan,nan,nan,nan,nan,nan,nan,nan,nan,nan,nan,nan,nan,nan,nan,nan,nan,nan,0.01,0.01,0.05,0.02,0.04,0.01,0.02,0.03,0.01,0.01,0.01,0,0,nan,nan,nan,nan,nan,nan,nan,nan,nan,nan,nan,nan,nan,nan,nan,nan,nan,nan,nan,nan,nan,nan,nan,nan,nan,nan,nan,nan
Lindberg_et_al,https://doi.org/10.5194/egusphere-2025-3849,Baffin Island,CF8,HB053,2019,Rhizocarpon cinereovirens,Rhizocarpon,cinereovirens,lichen,terrestrial,70.56,-68.95,195,8,1,1,nan,nan,nan,nan,nan,nan,nan,nan,nan,nan,nan,nan,nan,nan,nan,nan,nan,nan,nan,nan,nan,nan,nan,nan,nan,nan,nan,nan,nan,nan,nan,nan,nan,nan,nan,nan,nan,nan,nan,nan,nan,3.98,0.03,0.29,0.17,0.04,0,0,0,0.19,0,0.04,0,0,nan,nan,nan,nan,nan,nan,nan,nan,nan,nan,nan,nan,nan,nan,nan,nan,nan,nan,nan,nan,nan,nan,nan,nan,nan,nan,nan,nan
Lindberg_et_al,https://doi.org/10.5194/egusphere-2025-3849,Baffin Island,CF8,HB054,2019,Rhizocarpon cinereovirens,Rhizocarpon,cinereovirens,lichen,terrestrial,70.56,-68.95,195,8,1,1,1.95,0.82,3.17,1.77,2.66,0.29,0.51,0.01,0.17,0,0,0,0,nan,nan,nan,nan,nan,nan,nan,nan,nan,nan,nan,nan,nan,nan,nan,nan,nan,nan,nan,nan,nan,nan,nan,nan,nan,nan,nan,nan,nan,nan,nan,nan,nan,nan,nan,nan,nan,nan,nan,nan,nan,nan,nan,nan,nan,nan,nan,nan,nan,nan,nan,nan,nan,nan,nan,nan,nan,nan,nan,nan,nan,nan,nan,nan,nan,nan,nan,nan,nan
Lindberg_et_al,https://doi.org/10.5194/egusphere-2025-3849,Baffin Island,CF8,HB055,2019,Rhizocarpon cinereovirens,Rhizocarpon,cinereovirens,lichen,terrestrial,70.56,-68.95,195,8,1,1,8.67,0.86,10.82,1.69,9.96,0.52,2.85,0.09,1.05,0,0.1,0,0,nan,nan,nan,nan,nan,nan,nan,nan,nan,nan,nan,nan,nan,nan,nan,nan,nan,nan,nan,nan,nan,nan,nan,nan,nan,nan,nan,nan,0.41,0.21,0.36,0.19,0.41,0.18,0.33,0.08,0.12,0.01,0.14,0,0.08,nan,nan,nan,nan,nan,nan,nan,nan,nan,nan,nan,nan,nan,nan,nan,nan,nan,nan,nan,nan,nan,nan,nan,nan,nan,nan,nan,nan
Hollister_et_al_2022,https://doi.org/10.1029/2022JG006903,Baffin Island,QPT,KVH208,2019,Rhizocarpon geminatum,Rhizocarpon,geminatum,lichen,terrestrial,63.68,-68.2,33,8,1,1,nan,nan,nan,nan,nan,nan,nan,nan,nan,nan,nan,nan,nan,nan,nan,nan,nan,nan,nan,nan,nan,nan,nan,nan,nan,nan,nan,nan,nan,nan,nan,nan,nan,nan,nan,nan,nan,nan,nan,nan,nan,0.03,0.04,0.03,0.01,0.04,0.01,0.04,0.03,0.03,0.01,0.03,0,0.01,nan,nan,nan,nan,nan,nan,nan,nan,nan,nan,nan,nan,nan,nan,nan,nan,nan,nan,nan,nan,nan,nan,nan,nan,nan,nan,nan,nan
Hollister_et_al_2022,https://doi.org/10.1029/2022JG006903,Baffin Island,QPT,KVH204,2019,Rhizocarpon geographicum,Rhizocarpon,geographicum,lichen,terrestrial,63.68,-68.2,33,8,1,1,nan,nan,nan,nan,nan,nan,nan,nan,nan,nan,nan,nan,nan,nan,nan,nan,nan,nan,nan,nan,nan,nan,nan,nan,nan,nan,nan,nan,nan,nan,nan,nan,nan,nan,nan,nan,nan,nan,nan,nan,nan,0.87,0.92,0.9,0.38,1,0.21,0.67,0.83,2.13,0.43,1.65,0.08,0.16,nan,nan,nan,nan,nan,nan,nan,nan,nan,nan,nan,nan,nan,nan,nan,nan,nan,nan,nan,nan,nan,nan,nan,nan,nan,nan,nan,nan
Lindberg_et_al,https://doi.org/10.5194/egusphere-2025-3849,Baffin Island,CF8,HB050,2019,Rhizocarpon geographicum,Rhizocarpon,geographicum,lichen,terrestrial,70.56,-68.95,195,8,1,1,3.77,0,0.64,0,2.86,0,0,0,0,0,0,0,0,nan,nan,nan,nan,nan,nan,nan,nan,nan,nan,nan,nan,nan,nan,nan,nan,nan,nan,nan,nan,nan,nan,nan,nan,nan,nan,nan,nan,nan,nan,nan,nan,nan,nan,nan,nan,nan,nan,nan,nan,nan,nan,nan,nan,nan,nan,nan,nan,nan,nan,nan,nan,nan,nan,nan,nan,nan,nan,nan,nan,nan,nan,nan,nan,nan,nan,nan,nan,nan
Lindberg_et_al,https://doi.org/10.5194/egusphere-2025-3849,Baffin Island,CF8,HB051,2019,Rhizocarpon geographicum,Rhizocarpon,geographicum,lichen,terrestrial,70.56,-68.95,195,8,1,1,5.57,0,3.53,0.06,1.91,0,0.32,0,0,0,0,0,0,nan,nan,nan,nan,nan,nan,nan,nan,nan,nan,nan,nan,nan,nan,nan,nan,nan,nan,nan,nan,nan,nan,nan,nan,nan,nan,nan,nan,0.25,0,0.1,0.07,0.04,0,0,0,0,0,0,0,0,nan,nan,nan,nan,nan,nan,nan,nan,nan,nan,nan,nan,nan,nan,nan,nan,nan,nan,nan,nan,nan,nan,nan,nan,nan,nan,nan,nan
Lindberg_et_al,https://doi.org/10.5194/egusphere-2025-3849,Baffin Island,CF8,HB052,2019,Rhizocarpon geographicum,Rhizocarpon,geographicum,lichen,terrestrial,70.56,-68.95,195,8,1,1,3.23,0,1.26,0.24,1.19,0,0.23,0,0,0,0,0,0,nan,nan,nan,nan,nan,nan,nan,nan,nan,nan,nan,nan,nan,nan,nan,nan,nan,nan,nan,nan,nan,nan,nan,nan,nan,nan,nan,nan,2.44,0.04,0.1,0.22,0.04,0,0.02,0,0,0,0,0,0,nan,nan,nan,nan,nan,nan,nan,nan,nan,nan,nan,nan,nan,nan,nan,nan,nan,nan,nan,nan,nan,nan,nan,nan,nan,nan,nan,nan
Lindberg_et_al,https://doi.org/10.5194/egusphere-2025-3849,Baffin Island,AFR,KVH237,2019,Rhizocarpon geographicum,Rhizocarpon,geographicum,lichen,terrestrial,72.42,-77.44,895,8,1,1,5.38,0,0.09,0,12.63,0,0,0,0,0,0,0,0,nan,nan,nan,nan,nan,nan,nan,nan,nan,nan,nan,nan,nan,nan,nan,nan,nan,nan,nan,nan,nan,nan,nan,nan,nan,nan,nan,nan,nan,nan,nan,nan,nan,nan,nan,nan,nan,nan,nan,nan,nan,nan,nan,nan,nan,nan,nan,nan,nan,nan,nan,nan,nan,nan,nan,nan,nan,nan,nan,nan,nan,nan,nan,nan,nan,nan,nan,nan,nan
Lindberg_et_al,https://doi.org/10.5194/egusphere-2025-3849,Baffin Island,3LN,KRL-063,2019,Rhododendron groenlandicum,Rhododendron,groenlandicum,shrub,terrestrial,58.1,-68.46,61,2,1,1,92.02,21.44,45.65,20.41,45.65,25.05,80.17,22.99,99.23,23.5,73.99,18.35,61.62,nan,nan,-197.81,3.31,-199.34,4.12,-213.18,3.62,-217.12,3.26,nan,nan,nan,nan,nan,nan,-34.5,0.18,-34.66,0.17,-34.08,0.1,-33.94,0.09,nan,nan,nan,nan,9.85,8.78,12.23,12.25,45.61,13.71,83.78,16.46,372.65,39.66,240.25,66.81,533.37,nan,nan,nan,nan,nan,nan,nan,nan,nan,nan,nan,nan,nan,nan,nan,nan,nan,nan,nan,nan,nan,nan,nan,nan,nan,nan,nan,nan
Lindberg_et_al,https://doi.org/10.5194/egusphere-2025-3849,Baffin Island,3LN,KRL-126,2021,Rhododendron groenlandicum,Rhododendron,groenlandicum,shrub,terrestrial,58.1,-68.46,61,2,1,1,99.31,17.94,32.81,16.31,33.74,18.6,60.63,18.78,82.13,22.27,93.97,20.62,103.39,nan,nan,nan,nan,nan,nan,nan,nan,nan,nan,nan,nan,nan,nan,nan,nan,nan,nan,nan,nan,nan,nan,nan,nan,nan,nan,nan,nan,2.07,1.59,2.14,1.98,16.54,3.66,42.85,4.57,190.71,17.99,271.66,37.92,364.98,nan,nan,nan,nan,nan,nan,nan,nan,nan,nan,nan,nan,nan,nan,nan,nan,nan,nan,nan,nan,nan,nan,nan,nan,nan,nan,nan,nan
Lindberg_et_al,https://doi.org/10.5194/egusphere-2025-3849,Baffin Island,3LN,KRL-127,2021,Rhododendron groenlandicum,Rhododendron,groenlandicum,shrub,terrestrial,58.1,-68.46,61,2,1,1,70.62,16.58,34.31,15.67,37.64,18.48,64.54,18.2,103.04,23.51,113.97,19.16,125.1,nan,nan,nan,nan,nan,nan,nan,nan,nan,nan,nan,nan,nan,nan,nan,nan,nan,nan,nan,nan,nan,nan,nan,nan,nan,nan,nan,nan,1.75,0.97,2.3,1.75,13.76,3.13,34.4,5.66,259.6,20.61,278.33,41.49,126.68,nan,nan,nan,nan,nan,nan,nan,nan,nan,nan,nan,nan,nan,nan,nan,nan,nan,nan,nan,nan,nan,nan,nan,nan,nan,nan,nan,nan
Oconnor_et_al_2020,https://doi.org/10.1016/j.orggeochem.2020.104064,AK transect,Dalton_Highway,S2_RHGR,2016,Rhododendron groenlandicum,Rhododendron,groenlandicum,shrub,terrestrial,65.5,-148.69,343,2,1,0,nan,nan,0,nan,0,nan,20,nan,30,nan,50,nan,0,nan,nan,nan,nan,nan,nan,-224,2,-230,3,-230,0,nan,nan,nan,nan,nan,nan,nan,nan,nan,nan,nan,nan,nan,nan,nan,nan,nan,nan,0,nan,0,nan,10,nan,40,nan,40,nan,nan,nan,nan,nan,nan,nan,nan,-226.44,3,-238.48,2,-235,1,nan,nan,nan,nan,nan,nan,nan,nan,nan,nan,nan,nan,nan,nan,nan,nan
Dion-Kirschner_et_al_2020,https://doi.org/10.1016/j.gca.2020.07.027,western Greenland,LSL,30W,2015,Rhododendron lapponicum,Rhododendron,lapponicum,shrub,terrestrial,67.03,-50.31,124,2,1,1,26.91,nan,23.2,3.64,25.14,0.06,24.17,33.13,35.19,nan,nan,nan,nan,nan,nan,-227.36,5.94,-239.51,4.91,-230.33,4.95,-229.1,4.91,nan,nan,nan,nan,nan,nan,-33.01,0.53,-30.78,0.3,-31.04,0.27,-32.2,0.24,nan,nan,nan,nan,7.38,5.12,35.07,6.89,23.05,3.56,31.75,14.08,615.52,19.59,265.2,nan,nan,nan,nan,-215.21,9.78,-217.92,5.03,-220.28,4.89,-230.61,4.81,-218.53,4.76,nan,nan,-31.24,0.14,-33.02,0.18,-33.6,0.13,-34.62,0.23,-32.92,0.25,-34.71,0.27,nan,nan
Bakkelund_et_al_2018,https://doi.org/10.1016/j.orggeochem.2018.08.005,Yukon transect,Eagle_Plains,EAG_F1,2014,Rhododendron sp.,Rhododendron,sp.,shrub,terrestrial,66.44,-136.68,370,2,1,1,nan,nan,nan,nan,nan,nan,nan,nan,2.11,nan,3.76,nan,5.72,nan,nan,nan,nan,nan,nan,nan,nan,nan,nan,nan,nan,nan,nan,nan,nan,nan,nan,nan,nan,nan,nan,nan,nan,nan,nan,nan,nan,nan,nan,nan,nan,nan,nan,nan,nan,nan,nan,nan,nan,nan,nan,nan,nan,nan,nan,nan,nan,nan,nan,nan,nan,nan,nan,nan,nan,nan,nan,nan,nan,nan,nan,nan,nan,nan,nan,nan,nan,nan
Bakkelund_et_al_2018,https://doi.org/10.1016/j.orggeochem.2018.08.005,Yukon transect,Inuvik,INU_F1,2014,Rhododendron sp.,Rhododendron,sp.,shrub,terrestrial,68.32,-133.55,58,2,2,1,17.34,4.18,16.95,4.54,38.8,6.5,23.88,7.98,51.56,18.01,173.99,13.58,115.8,nan,nan,nan,nan,nan,nan,nan,nan,nan,nan,nan,nan,nan,nan,nan,nan,nan,nan,nan,nan,nan,nan,nan,nan,nan,nan,nan,nan,nan,nan,nan,nan,nan,nan,nan,nan,nan,nan,nan,nan,nan,nan,nan,nan,nan,nan,nan,nan,nan,nan,nan,nan,nan,nan,nan,nan,nan,nan,nan,nan,nan,nan,nan,nan,nan,nan,nan,nan,nan
Berke_et_al_2019,https://doi.org/10.1016/j.gca.2018.10.020,western Greenland,Kangerlussuaq,GR1 RHTO,2014,Rhododendron tomentosum,Rhododendron,tomentosum,shrub,terrestrial,67.02,-50.7,50,2,1,1,nan,nan,nan,nan,nan,nan,nan,nan,nan,nan,nan,nan,nan,nan,nan,nan,nan,nan,nan,nan,nan,nan,nan,nan,nan,nan,nan,nan,nan,nan,nan,nan,nan,nan,nan,nan,nan,nan,nan,nan,nan,1.29,0.77,5.91,2.63,18.12,4.29,52.25,20.88,471.98,38.28,695.31,31.49,211.45,nan,nan,nan,nan,nan,nan,nan,nan,-237.39,0.43,-233.75,1.52,nan,nan,nan,nan,nan,nan,nan,nan,nan,nan,nan,nan,nan,nan,nan,nan
Berke_et_al_2019,https://doi.org/10.1016/j.gca.2018.10.020,western Greenland,Kangerlussuaq,GR2 RHTO,2014,Rhododendron tomentosum,Rhododendron,tomentosum,shrub,terrestrial,67.02,-50.7,50,2,1,1,nan,nan,nan,nan,nan,nan,nan,nan,nan,nan,nan,nan,nan,nan,nan,nan,nan,nan,nan,nan,nan,nan,nan,nan,nan,nan,nan,nan,nan,nan,nan,nan,nan,nan,nan,nan,nan,nan,nan,nan,nan,0,0,5.68,2.24,14.02,4.8,45.27,21.53,434.02,37.27,586.26,34.17,214.7,nan,nan,nan,nan,nan,nan,nan,nan,nan,nan,nan,nan,nan,nan,nan,nan,nan,nan,nan,nan,nan,nan,nan,nan,nan,nan,nan,nan
Berke_et_al_2019,https://doi.org/10.1016/j.gca.2018.10.020,western Greenland,Kangerlussuaq,GR3 RHTO,2014,Rhododendron tomentosum,Rhododendron,tomentosum,shrub,terrestrial,67.02,-50.7,50,2,1,1,nan,nan,nan,nan,nan,nan,nan,nan,nan,nan,nan,nan,nan,nan,nan,nan,nan,nan,nan,nan,nan,nan,nan,nan,nan,nan,nan,nan,nan,nan,nan,nan,nan,nan,nan,nan,nan,nan,nan,nan,nan,1.17,1.02,5.13,2.08,15.89,4.67,58.3,17.43,495.3,39.07,0.52,51.98,429.04,nan,nan,nan,nan,nan,nan,-234.75,0.03,-243.92,0.15,nan,nan,nan,nan,nan,nan,nan,nan,nan,nan,nan,nan,nan,nan,nan,nan,nan,nan
Berke_et_al_2019,https://doi.org/10.1016/j.gca.2018.10.020,western Greenland,Kangerlussuaq,GR4 RHTO,2014,Rhododendron tomentosum,Rhododendron,tomentosum,shrub,terrestrial,67.02,-50.7,50,2,1,1,nan,nan,nan,nan,nan,nan,nan,nan,nan,nan,nan,nan,nan,nan,nan,nan,nan,nan,nan,nan,nan,nan,nan,nan,nan,nan,nan,nan,nan,nan,nan,nan,nan,nan,nan,nan,nan,nan,nan,nan,nan,0,0,2.06,1.06,6.41,2.59,25.93,6.94,228.08,17.71,490.49,26.14,284.05,nan,nan,nan,nan,nan,nan,nan,nan,-242.09,0.41,-244.67,0.36,nan,nan,nan,nan,nan,nan,nan,nan,nan,nan,nan,nan,nan,nan,nan,nan
Berke_et_al_2019,https://doi.org/10.1016/j.gca.2018.10.020,western Greenland,Kangerlussuaq,GR8 RHTO,2014,Rhododendron tomentosum,Rhododendron,tomentosum,shrub,terrestrial,67.02,-50.7,50,2,1,1,nan,nan,nan,nan,nan,nan,nan,nan,nan,nan,nan,nan,nan,nan,nan,nan,nan,nan,nan,nan,nan,nan,nan,nan,nan,nan,nan,nan,nan,nan,nan,nan,nan,nan,nan,nan,nan,nan,nan,nan,nan,0,0,5.89,2.09,17.45,3.85,63.85,25.17,583.63,34.05,593.74,20.47,183.41,nan,nan,nan,nan,nan,nan,nan,nan,-259.14,0.46,-252.04,0.3,nan,nan,nan,nan,nan,nan,nan,nan,nan,nan,nan,nan,nan,nan,nan,nan
Lindberg_et_al,https://doi.org/10.5194/egusphere-2025-3849,Baffin Island,3LN,KRL-075,2019,Rhododendron tomentosum,Rhododendron,tomentosum,shrub,terrestrial,58.1,-68.46,61,2,1,1,261.59,12.28,123.42,8.28,190.51,3.27,55.34,0.27,98.39,4.27,115.41,0,37.32,nan,nan,nan,nan,nan,nan,nan,nan,nan,nan,nan,nan,nan,nan,nan,nan,nan,nan,nan,nan,nan,nan,nan,nan,nan,nan,nan,nan,8.98,5.37,15.8,0,79.6,3.92,320.31,77.23,1093.57,190.27,409.83,0,239.77,nan,nan,nan,nan,nan,nan,nan,nan,nan,nan,nan,nan,nan,nan,nan,nan,nan,nan,nan,nan,nan,nan,nan,nan,nan,nan,nan,nan
Oconnor_et_al_2020,https://doi.org/10.1016/j.orggeochem.2020.104064,AK transect,Sagwon,S10_RHTO,2016,Rhododendron tomentosum,Rhododendron,tomentosum,shrub,terrestrial,69.42,-148.69,304,2,1,0,nan,nan,nan,nan,nan,nan,nan,nan,nan,nan,nan,nan,nan,nan,nan,nan,nan,nan,nan,nan,nan,nan,nan,nan,nan,nan,nan,nan,nan,nan,nan,nan,nan,nan,nan,nan,nan,nan,nan,nan,nan,nan,nan,0,nan,0,nan,30,nan,50,nan,20,nan,nan,nan,nan,nan,nan,nan,nan,-249,0,-246,1,-229,1,nan,nan,nan,nan,nan,nan,nan,nan,nan,nan,nan,nan,nan,nan,nan,nan
Oconnor_et_al_2020,https://doi.org/10.1016/j.orggeochem.2020.104064,AK transect,Finger_Mountain,S4_RHTO,2016,Rhododendron tomentosum,Rhododendron,tomentosum,shrub,terrestrial,66.36,-150.46,642,2,1,0,nan,nan,0,nan,0,nan,0,nan,30,nan,50,nan,20,nan,nan,nan,nan,nan,nan,nan,nan,-225,5,-222,4,-220,2,nan,nan,nan,nan,nan,nan,nan,nan,nan,nan,nan,nan,nan,nan,nan,nan,0,nan,0,nan,30,nan,50,nan,10,nan,nan,nan,nan,nan,nan,nan,nan,-233,1,-235,1,-217,3,nan,nan,nan,nan,nan,nan,nan,nan,nan,nan,nan,nan,nan,nan,nan,nan
Oconnor_et_al_2020,https://doi.org/10.1016/j.orggeochem.2020.104064,AK transect,Coldfoot,S6_RHTO,2016,Rhododendron tomentosum,Rhododendron,tomentosum,shrub,terrestrial,67.32,-150.15,347,2,1,0,nan,nan,0,nan,0,nan,0,nan,30,nan,40,nan,20,nan,nan,nan,nan,nan,nan,nan,nan,-240,1,-235,1,-237,2,nan,nan,nan,nan,nan,nan,nan,nan,nan,nan,nan,nan,nan,nan,nan,nan,0,nan,0,nan,30,nan,50,nan,10,nan,nan,nan,nan,nan,nan,nan,nan,-243,1,-246,2,-233,2,nan,nan,nan,nan,nan,nan,nan,nan,nan,nan,nan,nan,nan,nan,nan,nan
Oconnor_et_al_2020,https://doi.org/10.1016/j.orggeochem.2020.104064,AK transect,Dalton_Highway,S2_ROAC,2016,Rosa acicularis,Rosa,acicularis,shrub,terrestrial,65.5,-148.69,343,2,1,0,nan,nan,0,nan,0,nan,80,nan,20,nan,0,nan,0,nan,nan,nan,nan,nan,nan,-218,0,-213,1,nan,nan,nan,nan,nan,nan,nan,nan,nan,nan,nan,nan,nan,nan,nan,nan,nan,nan,nan,nan,10,nan,10,nan,10,nan,50,nan,20,nan,nan,nan,nan,-208,2,nan,nan,-223,2,nan,nan,nan,nan,nan,nan,nan,nan,nan,nan,nan,nan,nan,nan,nan,nan,nan,nan,nan,nan
Oconnor_et_al_2020,https://doi.org/10.1016/j.orggeochem.2020.104064,AK transect,Coldfoot,S6_ROAC,2016,Rosa acicularis,Rosa,acicularis,shrub,terrestrial,67.32,-150.15,347,2,1,0,nan,nan,0,nan,0,nan,50,nan,40,nan,10,nan,0,nan,nan,nan,nan,nan,nan,-240,2,-238,1,-217,3,nan,nan,nan,nan,nan,nan,nan,nan,nan,nan,nan,nan,nan,nan,nan,nan,nan,nan,10,nan,10,nan,10,nan,50,nan,30,nan,nan,nan,nan,-221,4,-221,2,nan,nan,-237,3,-229,2,nan,nan,nan,nan,nan,nan,nan,nan,nan,nan,nan,nan,nan,nan,nan,nan
Balascio_et_al_2018,https://doi.org/10.1016/j.orggeochem.2018.03.008,northern Norway,Hollabattjonnen,Balascio_4,2013,Rubus chamaemorus,Rubus,chamaemorus,forb,terrestrial,69.74,19.13,25,3,1,0,nan,nan,nan,nan,nan,nan,nan,nan,nan,nan,nan,nan,nan,nan,nan,nan,nan,nan,nan,nan,nan,nan,nan,nan,nan,nan,nan,nan,nan,nan,nan,nan,nan,nan,nan,nan,nan,nan,nan,nan,nan,1.63,nan,21.11,nan,18.84,nan,26.91,nan,16.35,nan,11.39,nan,3.78,nan,nan,nan,nan,-129,6,-121,4,-120,4,-116,4,nan,nan,nan,nan,nan,nan,nan,nan,nan,nan,nan,nan,nan,nan,nan,nan
Lindberg_et_al,https://doi.org/10.5194/egusphere-2025-3849,Baffin Island,3LN,KRL-072,2019,Rubus chamaemorus,Rubus,chamaemorus,forb,terrestrial,58.1,-68.46,61,3,1,1,108.91,20.52,100.8,20.12,53.77,18.09,40.8,14.85,30.66,12.42,13.23,11.6,12.01,nan,nan,nan,nan,nan,nan,nan,nan,nan,nan,nan,nan,nan,nan,nan,nan,nan,nan,nan,nan,nan,nan,nan,nan,nan,nan,nan,nan,6.47,0,10.09,0,8.52,0.13,14.79,3.1,13.62,0,13.3,0,0.62,nan,nan,nan,nan,nan,nan,nan,nan,nan,nan,nan,nan,nan,nan,nan,nan,nan,nan,nan,nan,nan,nan,nan,nan,nan,nan,nan,nan
Wilkie_et_al_2013,https://doi.org/10.5194/cp-9-335-2013,Far East Russia,Elgygytgyn,Wilkie_1,2003,Rumex sp.,Rumex,sp.,forb,terrestrial,67.5,172.1,492,3,1,0,6.7,nan,16.6,nan,28.2,nan,28.1,nan,66.4,nan,46.8,nan,nan,-247,5,-263,1,-259,1,-263,1,-262,2,-259,1,nan,nan,nan,nan,nan,nan,nan,nan,nan,nan,nan,nan,nan,nan,nan,nan,nan,nan,nan,nan,nan,nan,nan,nan,nan,nan,nan,nan,nan,nan,nan,nan,nan,nan,nan,nan,nan,nan,nan,nan,nan,nan,nan,nan,nan,nan,nan,nan,nan,nan,nan,nan,nan,nan,nan,nan,nan
Oconnor_et_al_2020,https://doi.org/10.1016/j.orggeochem.2020.104064,AK transect,Fairbanks,S1_SAAL,2016,Salix alaxensis,Salix,alaxensis,shrub,terrestrial,64.86,-147.72,156,2,1,0,nan,nan,0,nan,0,nan,60,nan,40,nan,0,nan,0,nan,nan,nan,nan,nan,nan,-243,0,-239,0,nan,nan,nan,nan,nan,nan,nan,nan,nan,nan,nan,nan,nan,nan,nan,nan,nan,nan,nan,nan,10,nan,80,nan,10,nan,0,nan,0,nan,nan,nan,nan,-199.34,3,-234.44,1,-190.42,4,nan,nan,nan,nan,nan,nan,nan,nan,nan,nan,nan,nan,nan,nan,nan,nan,nan,nan,nan,nan
Oconnor_et_al_2020,https://doi.org/10.1016/j.orggeochem.2020.104064,AK transect,Sagwon,S10_SAAL,2016,Salix alaxensis,Salix,alaxensis,shrub,terrestrial,69.42,-148.69,304,2,1,0,nan,nan,nan,nan,nan,nan,nan,nan,nan,nan,nan,nan,nan,nan,nan,nan,nan,nan,nan,nan,nan,nan,nan,nan,nan,nan,nan,nan,nan,nan,nan,nan,nan,nan,nan,nan,nan,nan,nan,nan,nan,nan,nan,20,nan,70,nan,10,nan,0,nan,0,nan,nan,nan,nan,nan,nan,-228,0,nan,nan,nan,nan,nan,nan,nan,nan,nan,nan,nan,nan,nan,nan,nan,nan,nan,nan,nan,nan,nan,nan
Oconnor_et_al_2020,https://doi.org/10.1016/j.orggeochem.2020.104064,AK transect,Yukon_River,S3_SAAL,2016,Salix alaxensis,Salix,alaxensis,shrub,terrestrial,65.92,-149.83,166,2,1,0,nan,nan,0,nan,50,nan,50,nan,0,nan,0,nan,0,nan,nan,nan,nan,-244,1,-244,2,nan,nan,nan,nan,nan,nan,nan,nan,nan,nan,nan,nan,nan,nan,nan,nan,nan,nan,nan,nan,nan,nan,20,nan,70,nan,10,nan,0,nan,0,nan,nan,nan,nan,-228,2,-242,1,nan,nan,nan,nan,nan,nan,nan,nan,nan,nan,nan,nan,nan,nan,nan,nan,nan,nan,nan,nan,nan,nan
Oconnor_et_al_2020,https://doi.org/10.1016/j.orggeochem.2020.104064,AK transect,Last_Tree_Stand,S7_SAAL,2016,Salix alaxensis,Salix,alaxensis,shrub,terrestrial,67.65,-149.72,778,2,1,0,nan,nan,0,nan,20,nan,50,nan,40,nan,0,nan,0,nan,nan,nan,nan,-233,1,-243,1,-242,2,nan,nan,nan,nan,nan,nan,nan,nan,nan,nan,nan,nan,nan,nan,nan,nan,nan,nan,nan,nan,10,nan,80,nan,0,nan,0,nan,0,nan,nan,nan,nan,-233,1,-244,1,-219,3,nan,nan,nan,nan,nan,nan,nan,nan,nan,nan,nan,nan,nan,nan,nan,nan,nan,nan,nan,nan
Oconnor_et_al_2020,https://doi.org/10.1016/j.orggeochem.2020.104064,AK transect,Happy_Valley,S9_SAAAL,2016,Salix alaxensis,Salix,alaxensis,shrub,terrestrial,69.24,-148.77,233,2,1,0,nan,nan,0,nan,50,nan,50,nan,0,nan,0,nan,0,nan,nan,nan,nan,-252,0,-251,2,nan,nan,nan,nan,nan,nan,nan,nan,nan,nan,nan,nan,nan,nan,nan,nan,nan,nan,nan,nan,nan,nan,20,nan,70,nan,10,nan,0,nan,0,nan,nan,nan,nan,-240,2,-252,2,-230,2,nan,nan,nan,nan,nan,nan,nan,nan,nan,nan,nan,nan,nan,nan,nan,nan,nan,nan,nan,nan
Dion-Kirschner_et_al_2020,https://doi.org/10.1016/j.gca.2020.07.027,western Greenland,LSL,20S,2015,Salix arctica,Salix,arctica,shrub,terrestrial,67.03,-50.31,124,2,1,1,4.99,0.74,15.68,6.27,45.96,4.54,43.81,39.28,7.08,nan,nan,nan,nan,nan,nan,nan,nan,-216.28,7.02,-222.39,4.97,-228.39,4.91,nan,nan,nan,nan,nan,nan,-31.09,0.3,-31.29,1.07,-28.99,0.24,-30.21,0.24,nan,nan,nan,nan,0.67,4.6,8.23,5.15,26.28,5.7,139.1,8.21,40.71,nan,nan,nan,nan,nan,nan,nan,nan,-233.1,4.9,-240.05,5.83,-240.66,4.78,nan,nan,nan,nan,nan,nan,-32.05,0.24,-31.29,0.3,-30.81,0.28,-30.64,0.24,nan,nan,nan,nan
Hollister_et_al_2022,https://doi.org/10.1029/2022JG006903,Baffin Island,QPT,KVH212,2019,Salix arctica,Salix,arctica,shrub,terrestrial,63.68,-68.2,33,2,1,1,14.74,4.17,19.67,10.66,36.88,11.74,91.74,8.13,43.49,5.26,6.96,2.82,2.83,nan,nan,-200.15,3.02,-202.37,2.75,-220.91,2.64,-196.87,3.07,nan,nan,nan,nan,nan,nan,-31.18,0.23,-31.33,0.29,-30.29,0.13,-31.4,0.16,nan,nan,nan,nan,0.4,0.53,5.09,1.95,29.96,2.67,112.64,3.17,18.54,0.29,0.35,0,0,nan,nan,nan,nan,nan,nan,nan,nan,nan,nan,nan,nan,nan,nan,nan,nan,nan,nan,nan,nan,nan,nan,nan,nan,nan,nan,nan,nan
Hollister_et_al_2022,https://doi.org/10.1029/2022JG006903,Baffin Island,QPT,KVH219,2019,Salix arctica,Salix,arctica,shrub,terrestrial,63.68,-68.2,33,2,1,1,11.75,3.34,20.76,13.15,41.78,11.35,63.41,6.19,30.26,3.27,3.93,1.42,1.45,nan,nan,-187.46,2.8,-200.45,2.73,-222.12,2.59,-199.8,3.07,nan,nan,nan,nan,nan,nan,-32.43,0.23,-28.42,0.31,-31.26,0.22,-30.77,0.27,nan,nan,nan,nan,0.58,0.57,3.77,1.41,18.37,1.7,47.2,1.46,8.75,0.25,0.08,0,0.15,nan,nan,nan,nan,nan,nan,nan,nan,nan,nan,nan,nan,nan,nan,nan,nan,nan,nan,nan,nan,nan,nan,nan,nan,nan,nan,nan,nan
Hollister_et_al_2022,https://doi.org/10.1029/2022JG006903,Baffin Island,QPT,KVH256,2019,Salix arctica,Salix,arctica,shrub,terrestrial,63.68,-68.2,33,2,1,1,8.66,3.57,16.69,9.62,38.27,10.17,50.48,7.6,42.81,4.55,5.01,2.05,2.02,nan,nan,-177.94,3.19,-189.42,2.67,-197.3,2.69,-195.82,2.68,nan,nan,nan,nan,nan,nan,-30.42,0.22,-31.25,0.21,-32.16,0.21,-32.4,0.25,nan,nan,nan,nan,0.79,0.77,0.14,1.81,5.42,3.75,15.76,4.65,0.9,1.22,0.53,0,0.3,nan,nan,nan,nan,nan,nan,nan,nan,nan,nan,nan,nan,nan,nan,nan,nan,nan,nan,nan,nan,nan,nan,nan,nan,nan,nan,nan,nan
Lindberg_et_al,https://doi.org/10.5194/egusphere-2025-3849,Baffin Island,3LN,KRL-128,2021,Salix arctica,Salix,arctica,shrub,terrestrial,58.1,-68.46,61,2,1,1,36.89,19.74,53.74,35.66,135.89,46.98,265.12,51.17,179.39,30.7,30.19,17.43,17.94,nan,nan,nan,nan,nan,nan,nan,nan,nan,nan,nan,nan,nan,nan,nan,nan,nan,nan,nan,nan,nan,nan,nan,nan,nan,nan,nan,nan,1.09,0.93,3.78,2.25,16.04,4.2,46.21,3.68,12.53,0.54,2.01,0.44,0.61,nan,nan,nan,nan,nan,nan,nan,nan,nan,nan,nan,nan,nan,nan,nan,nan,nan,nan,nan,nan,nan,nan,nan,nan,nan,nan,nan,nan
Wilkie_et_al_2013,https://doi.org/10.5194/cp-9-335-2013,Far East Russia,Elgygytgyn,Wilkie_7,2003,Salix arctica,Salix,arctica,shrub,terrestrial,67.5,172.1,492,2,1,0,29.4,nan,63.1,nan,111.2,nan,178.9,nan,131.6,nan,15,nan,nan,-219,1,-223,3,-228,1,-247,2,-247,3,-236,4,nan,nan,nan,nan,nan,nan,nan,nan,nan,nan,nan,nan,nan,nan,nan,nan,nan,nan,nan,nan,nan,nan,nan,nan,nan,nan,nan,nan,nan,nan,nan,nan,nan,nan,nan,nan,nan,nan,nan,nan,nan,nan,nan,nan,nan,nan,nan,nan,nan,nan,nan,nan,nan,nan,nan,nan,nan
Berke_et_al_2019,https://doi.org/10.1016/j.gca.2018.10.020,western Greenland,Kangerlussuaq,GR1 SAGL,2014,Salix glauca,Salix,glauca,shrub,terrestrial,67.02,-50.7,50,2,1,1,nan,nan,nan,nan,nan,nan,nan,nan,nan,nan,nan,nan,nan,nan,nan,nan,nan,nan,nan,nan,nan,nan,nan,nan,nan,nan,nan,nan,nan,nan,nan,nan,nan,nan,nan,nan,nan,nan,nan,nan,nan,0,0,1.23,1.1,3.41,1.08,27.44,10.11,467.32,34.62,396.69,12.75,14.49,nan,nan,nan,nan,nan,nan,nan,nan,-226.28,0.33,-227.51,0.75,nan,nan,nan,nan,nan,nan,nan,nan,nan,nan,nan,nan,nan,nan,nan,nan
Berke_et_al_2019,https://doi.org/10.1016/j.gca.2018.10.020,western Greenland,Kangerlussuaq,GR10 SAGL,2014,Salix glauca,Salix,glauca,shrub,terrestrial,67.02,-50.7,50,2,1,1,nan,nan,nan,nan,nan,nan,nan,nan,nan,nan,nan,nan,nan,nan,nan,nan,nan,nan,nan,nan,nan,nan,nan,nan,nan,nan,nan,nan,nan,nan,nan,nan,nan,nan,nan,nan,nan,nan,nan,nan,nan,3.75,6.14,22.74,16.74,42.24,1.8,57.14,0.61,4.58,0,0,0,0,nan,nan,-223.08,3.98,-228.28,0.49,-225.97,0.42,-191.41,1.17,nan,nan,nan,nan,nan,nan,nan,nan,nan,nan,nan,nan,nan,nan,nan,nan,nan,nan
Berke_et_al_2019,https://doi.org/10.1016/j.gca.2018.10.020,western Greenland,Kangerlussuaq,GR11 SAGL,2014,Salix glauca,Salix,glauca,shrub,terrestrial,67.02,-50.7,50,2,1,1,nan,nan,nan,nan,nan,nan,nan,nan,nan,nan,nan,nan,nan,nan,nan,nan,nan,nan,nan,nan,nan,nan,nan,nan,nan,nan,nan,nan,nan,nan,nan,nan,nan,nan,nan,nan,nan,nan,nan,nan,nan,2.48,1.8,21.12,4.61,52.56,2.56,64.32,0.78,7.2,0.16,0.59,0,0,nan,nan,nan,nan,-233.78,0.46,-229.92,0.26,nan,nan,nan,nan,nan,nan,nan,nan,nan,nan,nan,nan,nan,nan,nan,nan,nan,nan,nan,nan
Berke_et_al_2019,https://doi.org/10.1016/j.gca.2018.10.020,western Greenland,Kangerlussuaq,GR14 SAGL,2014,Salix glauca,Salix,glauca,shrub,terrestrial,67.02,-50.7,50,2,1,1,nan,nan,nan,nan,nan,nan,nan,nan,nan,nan,nan,nan,nan,nan,nan,nan,nan,nan,nan,nan,nan,nan,nan,nan,nan,nan,nan,nan,nan,nan,nan,nan,nan,nan,nan,nan,nan,nan,nan,nan,nan,3.05,13.22,26.28,17.76,59.82,1.6,77.14,0.83,11.51,0.19,1.36,0,0,nan,nan,-220.46,0.18,-223.08,0.23,-221.27,0.4,nan,nan,nan,nan,nan,nan,nan,nan,nan,nan,nan,nan,nan,nan,nan,nan,nan,nan,nan,nan
Berke_et_al_2019,https://doi.org/10.1016/j.gca.2018.10.020,western Greenland,Kangerlussuaq,GR15 SAGL,2014,Salix glauca,Salix,glauca,shrub,terrestrial,67.02,-50.7,50,2,1,1,nan,nan,nan,nan,nan,nan,nan,nan,nan,nan,nan,nan,nan,nan,nan,nan,nan,nan,nan,nan,nan,nan,nan,nan,nan,nan,nan,nan,nan,nan,nan,nan,nan,nan,nan,nan,nan,nan,nan,nan,nan,3.55,6.35,9.84,14.7,19.65,2.59,40.06,0.48,5.18,0,0,0,0,nan,nan,nan,nan,-218.71,0.36,-217.32,0.3,nan,nan,nan,nan,nan,nan,nan,nan,nan,nan,nan,nan,nan,nan,nan,nan,nan,nan,nan,nan
Berke_et_al_2019,https://doi.org/10.1016/j.gca.2018.10.020,western Greenland,Kangerlussuaq,GR16 SAGL,2014,Salix glauca,Salix,glauca,shrub,terrestrial,67.02,-50.7,50,2,1,1,nan,nan,nan,nan,nan,nan,nan,nan,nan,nan,nan,nan,nan,nan,nan,nan,nan,nan,nan,nan,nan,nan,nan,nan,nan,nan,nan,nan,nan,nan,nan,nan,nan,nan,nan,nan,nan,nan,nan,nan,nan,3.62,9.54,23.03,50.28,97.89,12.91,191.81,2.68,31.54,0.42,2.72,0,0,nan,nan,nan,nan,-232.61,0.97,-226.93,0.71,nan,nan,nan,nan,nan,nan,nan,nan,nan,nan,nan,nan,nan,nan,nan,nan,nan,nan,nan,nan
Berke_et_al_2019,https://doi.org/10.1016/j.gca.2018.10.020,western Greenland,Kangerlussuaq,GR18 SAGL,2014,Salix glauca,Salix,glauca,shrub,terrestrial,67.02,-50.7,50,2,1,1,nan,nan,nan,nan,nan,nan,nan,nan,nan,nan,nan,nan,nan,nan,nan,nan,nan,nan,nan,nan,nan,nan,nan,nan,nan,nan,nan,nan,nan,nan,nan,nan,nan,nan,nan,nan,nan,nan,nan,nan,nan,4.31,19.37,55.53,41.49,119.04,6.21,219.73,2.55,33.71,0.3,2.67,0,0,nan,nan,nan,nan,-225.73,0.21,-222.31,0.13,nan,nan,nan,nan,nan,nan,nan,nan,nan,nan,nan,nan,nan,nan,nan,nan,nan,nan,nan,nan
Berke_et_al_2019,https://doi.org/10.1016/j.gca.2018.10.020,western Greenland,Kangerlussuaq,GR2 SAGL,2014,Salix glauca,Salix,glauca,shrub,terrestrial,67.02,-50.7,50,2,1,1,nan,nan,nan,nan,nan,nan,nan,nan,nan,nan,nan,nan,nan,nan,nan,nan,nan,nan,nan,nan,nan,nan,nan,nan,nan,nan,nan,nan,nan,nan,nan,nan,nan,nan,nan,nan,nan,nan,nan,nan,nan,1.46,1.63,5.27,4.37,16.97,0.98,60.49,0.79,8.58,0.23,0.71,0.13,0.16,nan,nan,-216.6,0.56,-222.58,0.59,-227.41,0.79,-200.4,0.42,nan,nan,nan,nan,nan,nan,nan,nan,nan,nan,nan,nan,nan,nan,nan,nan,nan,nan
Berke_et_al_2019,https://doi.org/10.1016/j.gca.2018.10.020,western Greenland,Kangerlussuaq,GR20 SAGL,2014,Salix glauca,Salix,glauca,shrub,terrestrial,67.02,-50.7,50,2,1,1,nan,nan,nan,nan,nan,nan,nan,nan,nan,nan,nan,nan,nan,nan,nan,nan,nan,nan,nan,nan,nan,nan,nan,nan,nan,nan,nan,nan,nan,nan,nan,nan,nan,nan,nan,nan,nan,nan,nan,nan,nan,2.53,9.4,15.09,31.87,43.13,12.31,136.93,2.55,26.82,0.29,1.8,0,0,nan,nan,-208.1,1.1,-220.25,0.1,-222.24,0.12,-207.08,0.21,nan,nan,nan,nan,nan,nan,nan,nan,nan,nan,nan,nan,nan,nan,nan,nan,nan,nan
Berke_et_al_2019,https://doi.org/10.1016/j.gca.2018.10.020,western Greenland,Kangerlussuaq,GR3 SAGL,2014,Salix glauca,Salix,glauca,shrub,terrestrial,67.02,-50.7,50,2,1,1,nan,nan,nan,nan,nan,nan,nan,nan,nan,nan,nan,nan,nan,nan,nan,nan,nan,nan,nan,nan,nan,nan,nan,nan,nan,nan,nan,nan,nan,nan,nan,nan,nan,nan,nan,nan,nan,nan,nan,nan,nan,4.01,5.58,13.82,22.59,39.47,6.2,76.41,0.8,8.47,0.13,0.73,0,0,nan,nan,nan,nan,-239.41,1.78,-241.39,0.78,nan,nan,nan,nan,nan,nan,nan,nan,nan,nan,nan,nan,nan,nan,nan,nan,nan,nan,nan,nan
Berke_et_al_2019,https://doi.org/10.1016/j.gca.2018.10.020,western Greenland,Kangerlussuaq,GR4 SAGL,2014,Salix glauca,Salix,glauca,shrub,terrestrial,67.02,-50.7,50,2,1,1,nan,nan,nan,nan,nan,nan,nan,nan,nan,nan,nan,nan,nan,nan,nan,nan,nan,nan,nan,nan,nan,nan,nan,nan,nan,nan,nan,nan,nan,nan,nan,nan,nan,nan,nan,nan,nan,nan,nan,nan,nan,1.46,6.83,16.61,17.93,46.75,7.45,146.4,1.81,16.58,0.23,1.4,0,0.23,nan,nan,-221.39,0.18,-225.48,0.86,-231.04,0.49,-212.97,0.51,nan,nan,nan,nan,nan,nan,nan,nan,nan,nan,nan,nan,nan,nan,nan,nan,nan,nan
Berke_et_al_2019,https://doi.org/10.1016/j.gca.2018.10.020,western Greenland,Kangerlussuaq,GR5 SAGL,2014,Salix glauca,Salix,glauca,shrub,terrestrial,67.02,-50.7,50,2,1,1,nan,nan,nan,nan,nan,nan,nan,nan,nan,nan,nan,nan,nan,nan,nan,nan,nan,nan,nan,nan,nan,nan,nan,nan,nan,nan,nan,nan,nan,nan,nan,nan,nan,nan,nan,nan,nan,nan,nan,nan,nan,1.17,2,6.75,4.89,21.05,3.74,123.28,1.36,25.2,0.13,1.05,0,0,nan,nan,nan,nan,-217.91,0.15,-231.45,0.12,-213.23,0.26,nan,nan,nan,nan,nan,nan,nan,nan,nan,nan,nan,nan,nan,nan,nan,nan,nan,nan
Berke_et_al_2019,https://doi.org/10.1016/j.gca.2018.10.020,western Greenland,Kangerlussuaq,GR6 SAGL,2014,Salix glauca,Salix,glauca,shrub,terrestrial,67.02,-50.7,50,2,1,1,nan,nan,nan,nan,nan,nan,nan,nan,nan,nan,nan,nan,nan,nan,nan,nan,nan,nan,nan,nan,nan,nan,nan,nan,nan,nan,nan,nan,nan,nan,nan,nan,nan,nan,nan,nan,nan,nan,nan,nan,nan,1.81,2.73,26.68,8.72,46.04,1.61,98.13,1.19,12.97,0.18,0.86,0,0,nan,nan,nan,nan,-232.23,1.78,-229.85,0.53,nan,nan,nan,nan,nan,nan,nan,nan,nan,nan,nan,nan,nan,nan,nan,nan,nan,nan,nan,nan
Berke_et_al_2019,https://doi.org/10.1016/j.gca.2018.10.020,western Greenland,Kangerlussuaq,GR7 SAGL,2014,Salix glauca,Salix,glauca,shrub,terrestrial,67.02,-50.7,50,2,1,1,nan,nan,nan,nan,nan,nan,nan,nan,nan,nan,nan,nan,nan,nan,nan,nan,nan,nan,nan,nan,nan,nan,nan,nan,nan,nan,nan,nan,nan,nan,nan,nan,nan,nan,nan,nan,nan,nan,nan,nan,nan,1.43,9.46,8.98,23.33,25.28,2.66,33.8,0.42,3.84,0,0,0,0,nan,nan,nan,nan,-218.63,0.06,-219.56,0.23,nan,nan,nan,nan,nan,nan,nan,nan,nan,nan,nan,nan,nan,nan,nan,nan,nan,nan,nan,nan
Berke_et_al_2019,https://doi.org/10.1016/j.gca.2018.10.020,western Greenland,Kangerlussuaq,GR9 SAGL,2014,Salix glauca,Salix,glauca,shrub,terrestrial,67.02,-50.7,50,2,1,1,nan,nan,nan,nan,nan,nan,nan,nan,nan,nan,nan,nan,nan,nan,nan,nan,nan,nan,nan,nan,nan,nan,nan,nan,nan,nan,nan,nan,nan,nan,nan,nan,nan,nan,nan,nan,nan,nan,nan,nan,nan,1.45,4.59,9.53,11.42,37.12,1.25,55.94,0.62,7.09,0.13,0.71,0,0,nan,nan,nan,nan,-239.33,0.76,-238.88,0.21,nan,nan,nan,nan,nan,nan,nan,nan,nan,nan,nan,nan,nan,nan,nan,nan,nan,nan,nan,nan
Dion-Kirschner_et_al_2020,https://doi.org/10.1016/j.gca.2020.07.027,western Greenland,LSL,0N,2015,Salix glauca,Salix,glauca,shrub,terrestrial,67.03,-50.31,124,2,1,1,14.12,1.78,14.45,5.78,13.71,2.96,4.19,1.75,1.27,nan,nan,nan,nan,nan,nan,nan,nan,-200.68,4.96,-197.6,5.35,nan,nan,nan,nan,nan,nan,nan,nan,-36.39,0.31,-36.34,0.39,-35.68,0.25,-35.73,0.25,nan,nan,nan,nan,4.75,8.12,27.23,6.96,113.25,5.51,176.77,3.37,18.24,nan,nan,nan,nan,nan,nan,-228.89,5.09,-228.34,5.09,-223.3,5.79,-208.89,7.5,nan,nan,nan,nan,-31.75,0.13,-30.71,0.4,-30.11,0.15,-29.54,0.18,-29.36,0.42,nan,nan,nan,nan
Dion-Kirschner_et_al_2020,https://doi.org/10.1016/j.gca.2020.07.027,western Greenland,LSL,10E,2015,Salix glauca,Salix,glauca,shrub,terrestrial,67.03,-50.31,124,2,1,1,13.2,0.58,31.55,5.08,60.39,4.55,68.78,9.73,0.67,nan,nan,nan,nan,nan,nan,nan,nan,-237.87,4.99,-232,5.36,-233.3,4.96,nan,nan,nan,nan,nan,nan,-28.37,0.41,-27.09,0.26,-26.48,0.35,-27.25,0.25,nan,nan,nan,nan,1.41,4.15,12.27,3.37,44.4,2.97,126.88,1.84,15.88,nan,nan,nan,nan,nan,nan,-233.76,4.92,-236.88,6.74,-236.97,5.04,-229.05,5.03,nan,nan,nan,nan,-29.93,1.26,-28.23,0.23,-27.46,0.32,-26.34,0.27,-26,0.28,nan,nan,nan,nan
Dion-Kirschner_et_al_2020,https://doi.org/10.1016/j.gca.2020.07.027,western Greenland,LSL,20N,2015,Salix glauca,Salix,glauca,shrub,terrestrial,67.03,-50.31,124,2,1,1,18.17,nan,60.35,5.02,119.09,9.15,116.69,16.34,0.96,nan,nan,nan,nan,nan,nan,-222.84,4.91,-238.34,4.99,-238.36,4.91,-242.13,5.45,nan,nan,nan,nan,nan,nan,-29,0.65,-29.11,0.29,-29.06,0.32,-30.47,0.26,nan,nan,nan,nan,3.68,8.54,23.56,7.05,118.25,6.52,367.05,4.19,41.74,1.34,nan,nan,nan,nan,nan,-238.46,4.86,-249.24,5.2,-245,4.81,-235.47,4.82,nan,nan,nan,nan,-31.87,0.13,-31.25,0.36,-30.97,0.25,-29.91,0.18,-29.47,0.2,-31.14,0.21,nan,nan
Dion-Kirschner_et_al_2020,https://doi.org/10.1016/j.gca.2020.07.027,western Greenland,LSL,30N,2015,Salix glauca,Salix,glauca,shrub,terrestrial,67.03,-50.31,124,2,1,1,19.59,0.36,93.45,8.17,171.32,7.93,112.91,16.63,1.06,nan,nan,nan,nan,nan,nan,-238.85,5.72,-230.22,4.95,-229.09,4.96,-224.78,5.08,nan,nan,nan,nan,nan,nan,-29.89,0.49,-28.82,0.27,-28.32,0.24,-30.51,0.24,nan,nan,nan,nan,2.66,4.26,22.08,4.08,63.48,3.58,242.93,2.71,41.38,nan,nan,nan,nan,nan,nan,-239.19,5.5,-231.9,4.77,-223.6,4.77,-216.58,5.17,nan,nan,nan,nan,-30.48,0.5,-30.62,0.15,-30.6,0.13,-29.31,0.25,-29.06,0.28,-29.69,1.11,nan,nan
Dion-Kirschner_et_al_2020,https://doi.org/10.1016/j.gca.2020.07.027,western Greenland,LSL,40W,2015,Salix glauca,Salix,glauca,shrub,terrestrial,67.03,-50.31,124,2,1,1,24.83,nan,66.88,4.54,65.23,3.6,43.92,44.99,4.25,nan,nan,nan,nan,nan,nan,-228.57,5.4,-231.32,5.73,-220.43,4.91,-231.4,4.91,nan,nan,nan,nan,nan,nan,-30.47,0.75,-29.59,0.29,-28.92,0.33,-28.71,0.31,nan,nan,nan,nan,3.35,8.2,22.17,7.5,80.43,4.82,187.16,3.22,30.17,1.43,4.51,nan,nan,nan,nan,-226.15,8.09,-235.66,7.12,-228.39,4.76,-215.86,4.89,nan,nan,nan,nan,-31.93,0.8,-30.79,0.18,-30.59,0.17,-29.68,0.13,-29.7,0.21,nan,nan,nan,nan
Dion-Kirschner_et_al_2020,https://doi.org/10.1016/j.gca.2020.07.027,western Greenland,LSL,50E,2015,Salix glauca,Salix,glauca,shrub,terrestrial,67.03,-50.31,124,2,1,1,23.09,nan,41.74,1.21,50.54,4.61,63.6,4.25,0.68,nan,nan,nan,nan,nan,nan,-259.02,7.79,-253.74,4.92,-240.51,4.92,-247.97,4.91,nan,nan,nan,nan,nan,nan,-29.12,0.35,-28.35,0.41,-28.06,0.27,-29.22,0.27,nan,nan,nan,nan,4.5,4.7,26.54,5.22,63.57,4.53,70.06,6.22,67.25,3.41,32.03,nan,nan,nan,nan,-231.5,5.11,-252.09,4.86,-252.19,4.94,nan,nan,nan,nan,nan,nan,nan,nan,-29.77,0.17,-29.21,0.4,-28.52,0.58,-30.83,0.2,nan,nan,nan,nan
Dion-Kirschner_et_al_2020,https://doi.org/10.1016/j.gca.2020.07.027,western Greenland,LSL,50S,2015,Salix glauca,Salix,glauca,shrub,terrestrial,67.03,-50.31,124,2,1,1,19.05,nan,31.1,0.94,58.64,4.25,57.86,17.85,1.71,nan,nan,nan,nan,nan,nan,-241.37,6.52,-237.28,4.92,-229.52,7.19,-228.91,5.14,nan,nan,nan,nan,nan,nan,-28.59,0.35,-28.44,0.3,-27.81,0.28,-28.38,0.32,nan,nan,nan,nan,1.62,6.1,9.44,5.32,42.08,4.86,206.05,5.19,42.02,2.21,3.57,nan,nan,nan,nan,nan,nan,-230.87,5.81,-238.12,4.77,-223.4,6.3,nan,nan,nan,nan,nan,nan,-30.08,0.14,-29.48,0.2,-28.47,0.14,-28.54,0.13,nan,nan,nan,nan
Oconnor_et_al_2020,https://doi.org/10.1016/j.orggeochem.2020.104064,AK transect,Franklin_Bluffs,S11_SAGL,2016,Salix glauca,Salix,glauca,shrub,terrestrial,69.77,-148.71,92,2,1,0,nan,nan,nan,nan,nan,nan,nan,nan,nan,nan,nan,nan,nan,nan,nan,nan,nan,nan,nan,nan,nan,nan,nan,nan,nan,nan,nan,nan,nan,nan,nan,nan,nan,nan,nan,nan,nan,nan,nan,nan,nan,nan,nan,50,nan,40,nan,0,nan,10,nan,0,nan,nan,nan,nan,-240,nan,-239,4,-219,2,nan,nan,nan,nan,nan,nan,nan,nan,nan,nan,nan,nan,nan,nan,nan,nan,nan,nan,nan,nan
Oconnor_et_al_2020,https://doi.org/10.1016/j.orggeochem.2020.104064,AK transect,Deadhorse,S12_SAGL,2016,Salix glauca,Salix,glauca,shrub,terrestrial,70.03,-148.65,41,2,1,0,nan,nan,0,nan,50,nan,50,nan,0,nan,0,nan,0,nan,nan,nan,nan,-224,1,-218,2,nan,nan,nan,nan,nan,nan,nan,nan,nan,nan,nan,nan,nan,nan,nan,nan,nan,nan,nan,nan,nan,nan,60,nan,40,nan,0,nan,0,nan,0,nan,nan,nan,nan,-226,nan,-234,0,-211,0,nan,nan,nan,nan,nan,nan,nan,nan,nan,nan,nan,nan,nan,nan,nan,nan,nan,nan,nan,nan
Oconnor_et_al_2020,https://doi.org/10.1016/j.orggeochem.2020.104064,AK transect,Arctic_Circle,S5_SAGL,2016,Salix glauca,Salix,glauca,shrub,terrestrial,66.56,-150.79,455,2,1,0,nan,nan,0,nan,30,nan,40,nan,30,nan,0,nan,0,nan,nan,nan,nan,-243,0,-247,1,-245,3,nan,nan,nan,nan,nan,nan,nan,nan,nan,nan,nan,nan,nan,nan,nan,nan,nan,nan,nan,nan,20,nan,70,nan,20,nan,0,nan,0,nan,nan,nan,nan,-217,0,-261,1,-239,1,nan,nan,nan,nan,nan,nan,nan,nan,nan,nan,nan,nan,nan,nan,nan,nan,nan,nan,nan,nan
Thomas_et_al_2016,https://doi.org/10.1002/2016GL068513,western Greenland,N3,N3p_12,2010,Salix glauca,Salix,glauca,shrub,terrestrial,68.636,-50.981,59,2,1,1,49.7,5.6,241.4,20.3,532.3,31.2,361.4,13.4,98.4,0,5.5,0,0,nan,nan,nan,nan,nan,nan,nan,nan,nan,nan,nan,nan,nan,nan,nan,nan,nan,nan,nan,nan,nan,nan,nan,nan,nan,nan,nan,nan,nan,nan,31,nan,258,nan,497,nan,2123,nan,184,nan,nan,nan,nan,-193.914333333333,13.2987420583051,-212.482,5.44780240096866,-211.429666666667,0.70874631098394,-182.626666666667,8.90910210589897,nan,nan,nan,nan,nan,nan,nan,nan,nan,nan,nan,nan,nan,nan,nan,nan,nan,nan
Lindberg_et_al,https://doi.org/10.5194/egusphere-2025-3849,Baffin Island,3LN,KRL-066,2019,Salix pulchra,Salix,pulchra,shrub,terrestrial,58.1,-68.46,61,2,1,1,158.42,0,463.47,61.02,1455.52,100.15,1781.22,91.49,1913.98,52.73,77.2,0,0,nan,nan,nan,nan,nan,nan,nan,nan,nan,nan,nan,nan,nan,nan,nan,nan,nan,nan,nan,nan,nan,nan,nan,nan,nan,nan,nan,nan,23.1,51.42,86.81,44.75,404.18,82.66,76.59,66.71,377.58,17.32,26.66,14.94,15.12,nan,nan,nan,nan,nan,nan,nan,nan,nan,nan,nan,nan,nan,nan,nan,nan,nan,nan,nan,nan,nan,nan,nan,nan,nan,nan,nan,nan
Lindberg_et_al,https://doi.org/10.5194/egusphere-2025-3849,Baffin Island,3LN,KRL-102,2021,Salix pulchra,Salix,pulchra,shrub,terrestrial,58.1,-68.46,61,2,1,1,36.27,0,99.01,17.76,299.57,29.08,375.68,13.65,338.66,4.39,11.59,0,0,nan,nan,nan,nan,nan,nan,nan,nan,nan,nan,nan,nan,nan,nan,nan,nan,nan,nan,nan,nan,nan,nan,nan,nan,nan,nan,nan,nan,nan,nan,nan,nan,nan,nan,nan,nan,nan,nan,nan,nan,nan,nan,nan,nan,nan,nan,nan,nan,nan,nan,nan,nan,nan,nan,nan,nan,nan,nan,nan,nan,nan,nan,nan,nan,nan,nan,nan,nan,nan
Lindberg_et_al,https://doi.org/10.5194/egusphere-2025-3849,Baffin Island,3LN,KRL-134,2021,Salix pulchra,Salix,pulchra,shrub,terrestrial,58.1,-68.46,61,2,1,1,68.37,57.64,93.55,63.05,216.57,71.3,254.49,74.55,300.79,68.87,76.44,57.21,57.55,nan,nan,-205.87,5.14,-209.1,3.74,-197.01,3.35,-192.79,3.58,nan,nan,nan,nan,nan,nan,-30.07,0.14,-30.52,0.13,-33.16,0.29,-33.28,0.28,nan,nan,nan,nan,1.56,0.86,6.26,1.78,25.39,3.35,114.97,5.71,26.93,0.71,1.55,0.63,0.69,nan,nan,nan,nan,nan,nan,nan,nan,nan,nan,nan,nan,nan,nan,nan,nan,nan,nan,nan,nan,nan,nan,nan,nan,nan,nan,nan,nan
Balascio_et_al_2018,https://doi.org/10.1016/j.orggeochem.2018.03.008,northern Norway,Hollabattjonnen,Balascio_3,2013,Salix reticula,Salix,reticulata,shrub,terrestrial,69.74,19.13,25,2,1,0,nan,nan,nan,nan,nan,nan,nan,nan,nan,nan,nan,nan,nan,nan,nan,nan,nan,nan,nan,nan,nan,nan,nan,nan,nan,nan,nan,nan,nan,nan,nan,nan,nan,nan,nan,nan,nan,nan,nan,nan,nan,0.13,nan,0.17,nan,2.85,nan,3.12,nan,24.15,nan,55.74,nan,13.84,nan,nan,nan,nan,nan,nan,nan,nan,-163,3,-160,4,-159,5,nan,nan,nan,nan,nan,nan,nan,nan,nan,nan,nan,nan,nan,nan
Hollister_et_al_2022,https://doi.org/10.1029/2022JG006903,Baffin Island,QPT,KVH218,2019,Salix reticulata,Salix,reticulata,shrub,terrestrial,63.68,-68.2,33,2,1,1,15.78,8.2,78.21,31.68,273.95,36.44,229.94,22.1,130.63,12.96,7.88,3.19,3.05,nan,nan,-181.89,2.87,-194.05,2.58,-206.63,2.64,-194.35,3.52,nan,nan,nan,nan,nan,nan,-31.64,0.03,-30.61,0.09,-30.71,0.12,-30.21,0.05,nan,nan,nan,nan,44.77,9.3,35.18,15.21,44.93,15.44,221.72,13.82,38.58,8.97,10.48,6.34,163.16,nan,nan,nan,nan,nan,nan,nan,nan,nan,nan,nan,nan,nan,nan,nan,nan,nan,nan,nan,nan,nan,nan,nan,nan,nan,nan,nan,nan
Bakkelund_et_al_2018,https://doi.org/10.1016/j.orggeochem.2018.08.005,Yukon transect,Kluane,KL_S1,2014,Salix sp.,Salix,sp.,shrub,terrestrial,60.97,-138.06,950,2,3,1,32.51,5.38,176,15.52,183.96,9.78,114.2,2.9,17.61,nan,2.24,nan,1.81,nan,nan,nan,nan,nan,nan,nan,nan,nan,nan,nan,nan,nan,nan,nan,nan,nan,nan,nan,nan,nan,nan,nan,nan,nan,nan,nan,nan,nan,nan,nan,nan,nan,nan,nan,nan,nan,nan,nan,nan,nan,nan,nan,nan,nan,nan,nan,nan,nan,nan,nan,nan,nan,nan,nan,nan,nan,nan,nan,nan,nan,nan,nan,nan,nan,nan,nan,nan,nan
Bakkelund_et_al_2018,https://doi.org/10.1016/j.orggeochem.2018.08.005,Yukon transect,Lost_Chicken,LC_S1,2016,Salix sp.,Salix,sp.,shrub,terrestrial,64.07,-141.91,588,2,3,1,40.05,6.25,189.7,13.42,181.1,15.57,187.89,5.06,17.9,nan,2.44,nan,1.62,nan,nan,nan,nan,nan,nan,nan,nan,nan,nan,nan,nan,nan,nan,nan,nan,nan,nan,nan,nan,nan,nan,nan,nan,nan,nan,nan,nan,nan,nan,nan,nan,nan,nan,nan,nan,nan,nan,nan,nan,nan,nan,nan,nan,nan,nan,nan,nan,nan,nan,nan,nan,nan,nan,nan,nan,nan,nan,nan,nan,nan,nan,nan,nan,nan,nan,nan,nan,nan
Bakkelund_et_al_2018,https://doi.org/10.1016/j.orggeochem.2018.08.005,Yukon transect,Mayo,MYO_S1,2014,Salix sp.,Salix,sp.,shrub,terrestrial,63.54,-136.16,555,2,2,1,27.95,4.32,130.81,26.51,187.38,31.3,135,10.41,30.75,nan,2.84,nan,nan,nan,nan,nan,nan,nan,nan,nan,nan,nan,nan,nan,nan,nan,nan,nan,nan,nan,nan,nan,nan,nan,nan,nan,nan,nan,nan,nan,nan,nan,nan,nan,nan,nan,nan,nan,nan,nan,nan,nan,nan,nan,nan,nan,nan,nan,nan,nan,nan,nan,nan,nan,nan,nan,nan,nan,nan,nan,nan,nan,nan,nan,nan,nan,nan,nan,nan,nan,nan,nan
Bakkelund_et_al_2018,https://doi.org/10.1016/j.orggeochem.2018.08.005,Yukon transect,Spindly_Pine,SP_S1,2017,Salix sp.,Salix,sp.,shrub,terrestrial,60.3,-134.99,792,2,1,1,50.85,1.99,94.41,4.67,256.83,12.13,271.97,13.39,115.57,5.08,6.08,nan,0,nan,nan,nan,nan,nan,nan,nan,nan,nan,nan,nan,nan,nan,nan,nan,nan,nan,nan,nan,nan,nan,nan,nan,nan,nan,nan,nan,nan,nan,nan,nan,nan,nan,nan,nan,nan,nan,nan,nan,nan,nan,nan,nan,nan,nan,nan,nan,nan,nan,nan,nan,nan,nan,nan,nan,nan,nan,nan,nan,nan,nan,nan,nan,nan,nan,nan,nan,nan,nan
Bakkelund_et_al_2018,https://doi.org/10.1016/j.orggeochem.2018.08.005,Yukon transect,Whitehorse,WH_S1,2014,Salix sp.,Salix,sp.,shrub,terrestrial,60.81,-135.21,729,2,4,1,29.66,3.91,91.73,9.78,171,13.17,124.48,4.17,40.89,nan,50.72,nan,16.53,nan,nan,nan,nan,nan,nan,nan,nan,nan,nan,nan,nan,nan,nan,nan,nan,nan,nan,nan,nan,nan,nan,nan,nan,nan,nan,nan,nan,nan,nan,nan,nan,nan,nan,nan,nan,nan,nan,nan,nan,nan,nan,nan,nan,nan,nan,nan,nan,nan,nan,nan,nan,nan,nan,nan,nan,nan,nan,nan,nan,nan,nan,nan,nan,nan,nan,nan,nan,nan
Hollister_et_al_2022,https://doi.org/10.1029/2022JG006903,Baffin Island,QPT,KVH198,2019,Salix uva-ursi,Salix,uva-ursi,shrub,terrestrial,63.68,-68.2,33,2,1,1,20.37,11.91,43.64,20.43,106.13,29.38,287.05,24.51,151.59,17.54,23.49,8.86,8.78,nan,nan,nan,nan,nan,nan,nan,nan,nan,nan,nan,nan,nan,nan,nan,nan,nan,nan,nan,nan,nan,nan,nan,nan,nan,nan,nan,nan,47.85,10.4,27.86,19.7,73.37,23.82,260.89,23.41,71.27,18.19,20.05,0,527.77,nan,nan,nan,nan,nan,nan,nan,nan,nan,nan,nan,nan,nan,nan,nan,nan,nan,nan,nan,nan,nan,nan,nan,nan,nan,nan,nan,nan
Thomas_et_al_2016,https://doi.org/10.1002/2016GL068513,western Greenland,N3,N3p_5,2010,Saxifraga paniculata,Saxifraga,paniculata,forb,terrestrial,68.636,-50.981,59,3,1,1,1.4,0,0.6,0.2,1.7,0.3,6.8,0.5,11.5,0.6,9.1,0,6.8,nan,nan,nan,nan,nan,nan,nan,nan,nan,nan,nan,nan,nan,nan,nan,nan,nan,nan,nan,nan,nan,nan,nan,nan,nan,nan,nan,nan,nan,nan,2,nan,14,nan,255,nan,1630,nan,3488,nan,705,nan,nan,nan,nan,nan,nan,-212.211666666667,12.6381893613497,-231.034666666667,0.631873668808357,-232.414,1.39512293365137,-226.477666666667,2.34738776799517,nan,nan,nan,nan,nan,nan,nan,nan,nan,nan,nan,nan,nan,nan
Wilkie_et_al_2013,https://doi.org/10.5194/cp-9-335-2013,Far East Russia,Elgygytgyn,Wilkie_2,2003,Saxifrage,Saxifrage,sp.,forb,terrestrial,67.5,172.1,492,3,1,0,19.6,nan,17.8,nan,45.1,nan,13.6,nan,13.9,nan,29.2,nan,nan,nan,nan,nan,nan,-226,4,nan,nan,nan,nan,-230,2,nan,nan,nan,nan,nan,nan,nan,nan,nan,nan,nan,nan,nan,nan,nan,nan,nan,nan,nan,nan,nan,nan,nan,nan,nan,nan,nan,nan,nan,nan,nan,nan,nan,nan,nan,nan,nan,nan,nan,nan,nan,nan,nan,nan,nan,nan,nan,nan,nan,nan,nan,nan,nan,nan,nan,nan,nan
Balascio_et_al_2018,https://doi.org/10.1016/j.orggeochem.2018.03.008,northern Norway,Hollabattjonnen,Balascio_1,2013,Sphagnum sp.,Sphagnum,sp.,moss,terrestrial,69.74,19.13,25,6,1,0,nan,nan,nan,nan,nan,nan,nan,nan,nan,nan,nan,nan,nan,nan,nan,nan,nan,nan,nan,nan,nan,nan,nan,nan,nan,nan,nan,nan,nan,nan,nan,nan,nan,nan,nan,nan,nan,nan,nan,nan,nan,0.67,nan,1.97,nan,1.72,nan,9.19,nan,31.16,nan,44.05,nan,11.25,nan,nan,nan,nan,-181,6,-190,4,-190,3,-185,4,-178,5,nan,nan,nan,nan,nan,nan,nan,nan,nan,nan,nan,nan,nan,nan
Lindberg_et_al,https://doi.org/10.5194/egusphere-2025-3849,Baffin Island,3LN,KRL-113,2021,Sphagnum sp. 1,Sphagnum,sp. 1,moss,terrestrial,58.1,-68.46,61,6,1,1,30.75,2.13,66.56,8.21,242.61,13.07,131.52,8.1,134.01,3.54,38.55,0,15.1,nan,nan,-218.57,3.85,-232.36,3.23,-229.98,4.62,-228.04,3.36,nan,nan,nan,nan,nan,nan,-33.94,0.21,-36.77,0.37,-38.17,0.14,-38.05,0.12,nan,nan,nan,nan,0.5,0.27,0.54,0.29,1.31,0.54,13.46,0.86,15.39,0.97,9.58,4.33,6.52,nan,nan,nan,nan,nan,nan,nan,nan,nan,nan,nan,nan,nan,nan,nan,nan,nan,nan,nan,nan,nan,nan,nan,nan,nan,nan,nan,nan
Lindberg_et_al,https://doi.org/10.5194/egusphere-2025-3849,Baffin Island,3LN,KRL-114,2021,Sphagnum sp. 2,Sphagnum,sp. 2,moss,terrestrial,58.1,-68.46,61,6,1,1,6.03,0.59,37.17,10.13,128.5,12.08,102.25,2.75,12.04,0,1.4,0,0,nan,nan,-230.44,3.65,-245.39,3.13,-253.92,3.35,-229.57,8.96,nan,nan,nan,nan,nan,nan,-35.37,0.19,-36.56,0.39,-37.68,0.29,-37.33,0.21,nan,nan,nan,nan,8.86,2,20.78,2.5,41.23,2.58,20.45,1.49,4.12,1.46,3.03,1.73,1.71,nan,nan,nan,nan,nan,nan,nan,nan,nan,nan,nan,nan,nan,nan,nan,nan,nan,nan,nan,nan,nan,nan,nan,nan,nan,nan,nan,nan
Lindberg_et_al,https://doi.org/10.5194/egusphere-2025-3849,Baffin Island,3LN,KRL-078,2019,Sphagnum warnstorfii,Sphagnum,warnstorfii,moss,terrestrial,58.1,-68.46,61,6,1,1,7.6,10.22,22.18,5.15,38.99,3.93,10.89,2.43,5.82,1.87,4.82,1.7,2.93,nan,nan,nan,nan,nan,nan,nan,nan,nan,nan,nan,nan,nan,nan,nan,nan,nan,nan,nan,nan,nan,nan,nan,nan,nan,nan,nan,nan,93.8,5.34,173.03,7.32,85.13,4.54,52.07,0.73,6.95,0,0.84,0,0,nan,nan,nan,nan,nan,nan,nan,nan,nan,nan,nan,nan,nan,nan,nan,nan,nan,nan,nan,nan,nan,nan,nan,nan,nan,nan,nan,nan
Lindberg_et_al,https://doi.org/10.5194/egusphere-2025-3849,Baffin Island,AFR,KVH242,2019,Stereocaulon capitate,Stereocaulon,capitate,lichen,terrestrial,72.42,-77.44,895,8,1,1,20.88,1.8,24.45,3.65,15.83,2.11,10.61,0.98,2.9,0.74,1.36,0.54,0.54,nan,nan,-261.42,4.58,-263.05,4.27,-251.98,3.74,-236.58,3.45,nan,nan,nan,nan,nan,nan,-33.97,0.29,-35.39,0.37,-36.13,0.33,-37.69,0.27,nan,nan,nan,nan,23.32,23.05,34.34,20.98,35.37,14.26,22.73,13.3,18.32,9.48,14,8.17,9.63,nan,nan,nan,nan,nan,nan,nan,nan,nan,nan,nan,nan,nan,nan,nan,nan,nan,nan,nan,nan,nan,nan,nan,nan,nan,nan,nan,nan
Lindberg_et_al,https://doi.org/10.5194/egusphere-2025-3849,Baffin Island,AFR,HB046,2019,Stereocaulon sp.,Stereocaulon,sp.,lichen,terrestrial,72.42,-77.44,895,8,1,1,0.41,0,0.22,0,0.26,0.06,0.27,0,0.08,0,0.01,0,0,nan,nan,nan,nan,nan,nan,nan,nan,nan,nan,nan,nan,nan,nan,nan,nan,nan,nan,nan,nan,nan,nan,nan,nan,nan,nan,nan,nan,1.1,1.1,2.24,0.62,1.49,0.47,1.26,0.43,1.03,0,0.28,0,0,nan,nan,nan,nan,nan,nan,nan,nan,nan,nan,nan,nan,nan,nan,nan,nan,nan,nan,nan,nan,nan,nan,nan,nan,nan,nan,nan,nan
Zibulski_et_al_2017,https://doi.org/10.5194/bg-14-1617-2017,Northeast Russia,Northeast_Russia,Tom_nit_1,2011,Tomentypnum nitens,Tomentypnum,nitens,moss,terrestrial,71,99.5,0,6,1,1,nan,nan,nan,nan,nan,nan,nan,nan,nan,nan,nan,nan,nan,nan,nan,nan,nan,nan,nan,nan,nan,nan,nan,nan,nan,nan,nan,nan,nan,nan,nan,nan,nan,nan,nan,nan,nan,nan,nan,nan,nan,2.0689,nan,2.6374,nan,6.0816,nan,10.7454,nan,17.7273,nan,34.0742,nan,0,nan,nan,nan,nan,nan,nan,nan,nan,nan,nan,nan,nan,nan,nan,nan,nan,nan,nan,nan,nan,nan,nan,nan,nan,nan,nan,nan,nan
Zibulski_et_al_2017,https://doi.org/10.5194/bg-14-1617-2017,Northeast Russia,Northeast_Russia,Tom_nit_2,2011,Tomentypnum nitens,Tomentypnum,nitens,moss,terrestrial,71,99.5,0,6,1,1,nan,nan,nan,nan,nan,nan,nan,nan,nan,nan,nan,nan,nan,nan,nan,nan,nan,nan,nan,nan,nan,nan,nan,nan,nan,nan,nan,nan,nan,nan,nan,nan,nan,nan,nan,nan,nan,nan,nan,nan,nan,1.041,nan,1.4493,nan,2.6964,nan,9.1008,nan,8.4867,nan,20.2818,nan,7.2312,nan,nan,nan,nan,nan,nan,nan,nan,nan,nan,nan,nan,nan,nan,nan,nan,nan,nan,nan,nan,nan,nan,nan,nan,nan,nan,nan,nan
Zibulski_et_al_2017,https://doi.org/10.5194/bg-14-1617-2017,Northeast Russia,Northeast_Russia,Tom_nit_3,2011,Tomentypnum nitens,Tomentypnum,nitens,moss,terrestrial,71,99.5,0,6,1,1,nan,nan,nan,nan,nan,nan,nan,nan,nan,nan,nan,nan,nan,nan,nan,nan,nan,nan,nan,nan,nan,nan,nan,nan,nan,nan,nan,nan,nan,nan,nan,nan,nan,nan,nan,nan,nan,nan,nan,nan,nan,1.456,nan,2.175,nan,2.8712,nan,9.6118,nan,7.2721,nan,21.2309,nan,4.9717,nan,nan,nan,nan,nan,nan,nan,nan,nan,nan,nan,nan,nan,nan,nan,nan,nan,nan,nan,nan,nan,nan,nan,nan,nan,nan,nan,nan
Dion-Kirschner_et_al_2020,https://doi.org/10.1016/j.gca.2020.07.027,western Greenland,LSL,50W,2015,Unidentified grass,Unidentified_grass,Unidentified_grass,graminoid,terrestrial,67.03,-50.31,124,5,1,1,9.88,nan,13.43,2.18,12.48,2.02,14.07,4.12,1.46,nan,nan,nan,nan,nan,nan,nan,nan,-234.63,4.95,-227.78,4.91,-224.05,5.02,nan,nan,nan,nan,nan,nan,-32.42,0.33,-33.53,0.24,-33.12,0.26,-33.28,0.25,nan,nan,nan,nan,4.67,4.65,26.27,4.98,59.61,4.32,63.26,6.26,65.41,3.7,31.6,nan,nan,nan,nan,-227.99,7.03,-237.91,4.98,-234.25,5.16,-236.37,5.4,-237.14,5.4,nan,nan,-32.5,0.37,-31.07,0.2,-31.19,0.14,-31.46,0.13,-33.02,0.33,-33.39,0.14,nan,nan
Thomas_et_al_2016,https://doi.org/10.1002/2016GL068513,western Greenland,N3,N3p_10,2010,Unidentified grass 1,Unidentified grass 1,Unidentified grass 1,graminoid,terrestrial,68.636,-50.981,59,5,1,1,24.3,0,45.7,1.1,16.2,1.1,7.5,0.6,14.1,1.2,1.4,0,1.3,nan,nan,nan,nan,nan,nan,nan,nan,nan,nan,nan,nan,nan,nan,nan,nan,nan,nan,nan,nan,nan,nan,nan,nan,nan,nan,nan,nan,3,nan,14,nan,42,nan,205,nan,265,nan,499,nan,163,nan,nan,nan,nan,-222.514,3.44974839662257,-251.086666666667,2.61571335075794,-245.505,1.14469078794232,-246.157333333333,0.639520393211463,-240.764333333333,2.61767880637279,nan,nan,nan,nan,nan,nan,nan,nan,nan,nan,nan,nan,nan,nan
Thomas_et_al_2016,https://doi.org/10.1002/2016GL068513,western Greenland,N3,N3p_8,2010,Unidentified grass 2,Unidentified grass 2,Unidentified grass 2,graminoid,terrestrial,68.636,-50.981,59,5,1,1,13.9,1.9,94.9,4.5,54.3,9.6,136,3.5,76.6,2.1,28.8,0,14.9,nan,nan,nan,nan,nan,nan,nan,nan,nan,nan,nan,nan,nan,nan,nan,nan,nan,nan,nan,nan,nan,nan,nan,nan,nan,nan,nan,nan,35,nan,55,nan,136,nan,127,nan,257,nan,547,nan,157,nan,nan,-190.084,6.79728063272365,-247.841333333333,4.10453070805097,-226.852333333333,4.3906883666839,-250.912333333333,2.39573377764169,-263.435666666667,2.37913037333671,-247.243,3.88313752009892,nan,nan,nan,nan,nan,nan,nan,nan,nan,nan,nan,nan,nan,nan
Thomas_et_al_2016,https://doi.org/10.1002/2016GL068513,western Greenland,N3,N3p_22,2010,Unidentified lichen 1,Unidentified lichen 1,Unidentified lichen 1,lichen,terrestrial,68.636,-50.981,59,8,1,1,nan,nan,nan,nan,nan,nan,nan,nan,nan,nan,nan,nan,nan,nan,nan,nan,nan,nan,nan,nan,nan,nan,nan,nan,nan,nan,nan,nan,nan,nan,nan,nan,nan,nan,nan,nan,nan,nan,nan,nan,nan,0,nan,1,nan,1,nan,1,nan,1,nan,1,nan,0,-162.401,5.27784501477639,-151.3915,0.330218866814127,-141.4865,4.75529310347953,-148.784,1.25440742982494,-190.1225,2.08950053840624,-214.5975,6.3392122933374,nan,nan,nan,nan,nan,nan,nan,nan,nan,nan,nan,nan,nan,nan,nan,nan
Thomas_et_al_2016,https://doi.org/10.1002/2016GL068513,western Greenland,N3,N3p_23,2010,Unidentified lichen 2,Unidentified lichen 2,Unidentified lichen 2,lichen,terrestrial,68.636,-50.981,59,8,1,1,nan,nan,nan,nan,nan,nan,nan,nan,nan,nan,nan,nan,nan,nan,nan,nan,nan,nan,nan,nan,nan,nan,nan,nan,nan,nan,nan,nan,nan,nan,nan,nan,nan,nan,nan,nan,nan,nan,nan,nan,nan,1,nan,2,nan,3,nan,2,nan,1,nan,1,nan,nan,-134.754,21.4635192361365,-162.1855,6.11859497760719,-150.9785,9.70079793109824,-161.8045,3.46553033459526,-178.425,1.46653946418089,-179.457,14.9821784797806,nan,nan,nan,nan,nan,nan,nan,nan,nan,nan,nan,nan,nan,nan,nan,nan
Thomas_et_al_2016,https://doi.org/10.1002/2016GL068513,western Greenland,N3,N3p_15,2010,Unidentified moss 1,Unidentified moss 1,Unidentified moss 1,moss,terrestrial,68.636,-50.981,59,6,1,1,10.2,1.8,40.9,8.1,74.3,13.2,51.4,3.2,9.9,0.6,2.5,0,0.8,nan,nan,nan,nan,nan,nan,nan,nan,nan,nan,nan,nan,nan,nan,nan,nan,nan,nan,nan,nan,nan,nan,nan,nan,nan,nan,nan,nan,5,nan,19,nan,27,nan,21,nan,61,nan,46,nan,6,-161.8365,16.9373287297614,-177.1325,3.7158461351353,-189,1.02106219203339,-182.2865,4.59265854380663,-217.401,1.42976991155921,nan,nan,-211.1235,1.39936431996819,nan,nan,nan,nan,nan,nan,nan,nan,nan,nan,nan,nan,nan,nan
Thomas_et_al_2016,https://doi.org/10.1002/2016GL068513,western Greenland,N3,N3p_16,2010,Unidentified moss 2,Unidentified moss 2,Unidentified moss 2,moss,terrestrial,68.636,-50.981,59,6,1,1,12.8,0.8,26.1,1.3,13.9,1,5.3,0,5.7,0,1.3,0,3.2,nan,nan,nan,nan,nan,nan,nan,nan,nan,nan,nan,nan,nan,nan,nan,nan,nan,nan,nan,nan,nan,nan,nan,nan,nan,nan,nan,nan,3,nan,5,nan,5,nan,6,nan,5,nan,3,nan,nan,nan,nan,nan,nan,nan,nan,nan,nan,nan,nan,nan,nan,nan,nan,nan,nan,nan,nan,nan,nan,nan,nan,nan,nan,nan,nan,nan,nan
Thomas_et_al_2016,https://doi.org/10.1002/2016GL068513,western Greenland,N3,N3p_17,2010,Unidentified moss 3,Unidentified moss 3,Unidentified moss 3,moss,terrestrial,68.636,-50.981,59,6,1,1,6.6,3.2,63,17.3,167.7,12,55.6,3.3,16.9,0,4.4,0,0,nan,nan,nan,nan,nan,nan,nan,nan,nan,nan,nan,nan,nan,nan,nan,nan,nan,nan,nan,nan,nan,nan,nan,nan,nan,nan,nan,nan,509,nan,534,nan,217,nan,36,nan,21,nan,11,nan,nan,-257.6525,3.38916280222711,-249.536,2.01525432638168,-240.5595,2.05697362647168,-204.96,4.16061630050164,-191.2035,12.1926422279996,nan,nan,nan,nan,nan,nan,nan,nan,nan,nan,nan,nan,nan,nan,nan,nan,nan,nan
Bakkelund_et_al_2018,https://doi.org/10.1016/j.orggeochem.2018.08.005,Yukon transect,Brimstone,BRM_G1,2014,Unidentified Poaceaea,Unidentified Poaceaea,Unidentified Poaceaea,graminoid,terrestrial,63.74,-138.85,639,5,1,1,14,nan,16.56,nan,12.64,6.46,15.11,nan,9.39,nan,10.71,nan,6.37,nan,nan,nan,nan,nan,nan,nan,nan,nan,nan,nan,nan,nan,nan,nan,nan,nan,nan,nan,nan,nan,nan,nan,nan,nan,nan,nan,nan,nan,nan,nan,nan,nan,nan,nan,nan,nan,nan,nan,nan,nan,nan,nan,nan,nan,nan,nan,nan,nan,nan,nan,nan,nan,nan,nan,nan,nan,nan,nan,nan,nan,nan,nan,nan,nan,nan,nan,nan,nan
Bakkelund_et_al_2018,https://doi.org/10.1016/j.orggeochem.2018.08.005,Yukon transect,Campbell_Lake,CL_G1,2014,Unidentified Poaceaea,Unidentified Poaceaea,Unidentified Poaceaea,graminoid,terrestrial,68.21,-133.41,46,5,1,1,20.82,5.58,44.84,4.3,25.89,10.26,92.16,4.83,91.51,4.46,45.4,nan,13.93,nan,nan,nan,nan,nan,nan,nan,nan,nan,nan,nan,nan,nan,nan,nan,nan,nan,nan,nan,nan,nan,nan,nan,nan,nan,nan,nan,nan,nan,nan,nan,nan,nan,nan,nan,nan,nan,nan,nan,nan,nan,nan,nan,nan,nan,nan,nan,nan,nan,nan,nan,nan,nan,nan,nan,nan,nan,nan,nan,nan,nan,nan,nan,nan,nan,nan,nan,nan,nan
Bakkelund_et_al_2018,https://doi.org/10.1016/j.orggeochem.2018.08.005,Yukon transect,Eagle_Plains,EAG_G1,2014,Unidentified Poaceaea,Unidentified Poaceaea,Unidentified Poaceaea,graminoid,terrestrial,66.44,-136.68,370,5,1,1,1.28,nan,1.38,nan,1.83,nan,3.34,nan,nan,nan,nan,nan,2.71,nan,nan,nan,nan,nan,nan,nan,nan,nan,nan,nan,nan,nan,nan,nan,nan,nan,nan,nan,nan,nan,nan,nan,nan,nan,nan,nan,nan,nan,nan,nan,nan,nan,nan,nan,nan,nan,nan,nan,nan,nan,nan,nan,nan,nan,nan,nan,nan,nan,nan,nan,nan,nan,nan,nan,nan,nan,nan,nan,nan,nan,nan,nan,nan,nan,nan,nan,nan,nan
Bakkelund_et_al_2018,https://doi.org/10.1016/j.orggeochem.2018.08.005,Yukon transect,Inuvik,INU_G1,2014,Unidentified Poaceaea,Unidentified Poaceaea,Unidentified Poaceaea,graminoid,terrestrial,68.32,-133.55,58,5,1,1,1.82,0.83,3.53,0.82,3.95,1.15,9.54,nan,9.81,nan,8.82,nan,7.14,nan,nan,nan,nan,nan,nan,nan,nan,nan,nan,nan,nan,nan,nan,nan,nan,nan,nan,nan,nan,nan,nan,nan,nan,nan,nan,nan,nan,nan,nan,nan,nan,nan,nan,nan,nan,nan,nan,nan,nan,nan,nan,nan,nan,nan,nan,nan,nan,nan,nan,nan,nan,nan,nan,nan,nan,nan,nan,nan,nan,nan,nan,nan,nan,nan,nan,nan,nan,nan
Bakkelund_et_al_2018,https://doi.org/10.1016/j.orggeochem.2018.08.005,Yukon transect,Kluane,KL_G1,2014,Unidentified Poaceaea,Unidentified Poaceaea,Unidentified Poaceaea,graminoid,terrestrial,60.97,-138.06,950,5,1,1,9.07,3.03,19.38,4.55,11.78,3.75,39.97,2.02,34.69,2.39,25.19,nan,27.46,nan,nan,nan,nan,nan,nan,nan,nan,nan,nan,nan,nan,nan,nan,nan,nan,nan,nan,nan,nan,nan,nan,nan,nan,nan,nan,nan,nan,nan,nan,nan,nan,nan,nan,nan,nan,nan,nan,nan,nan,nan,nan,nan,nan,nan,nan,nan,nan,nan,nan,nan,nan,nan,nan,nan,nan,nan,nan,nan,nan,nan,nan,nan,nan,nan,nan,nan,nan,nan
Bakkelund_et_al_2018,https://doi.org/10.1016/j.orggeochem.2018.08.005,Yukon transect,Lost_Chicken,LC_G1,2016,Unidentified Poaceaea,Unidentified Poaceaea,Unidentified Poaceaea,graminoid,terrestrial,64.07,-141.91,588,5,1,1,7.24,nan,12.85,2.01,11.71,1.96,24.68,2.17,33.77,nan,9.01,nan,3.69,nan,nan,nan,nan,nan,nan,nan,nan,nan,nan,nan,nan,nan,nan,nan,nan,nan,nan,nan,nan,nan,nan,nan,nan,nan,nan,nan,nan,nan,nan,nan,nan,nan,nan,nan,nan,nan,nan,nan,nan,nan,nan,nan,nan,nan,nan,nan,nan,nan,nan,nan,nan,nan,nan,nan,nan,nan,nan,nan,nan,nan,nan,nan,nan,nan,nan,nan,nan,nan
Bakkelund_et_al_2018,https://doi.org/10.1016/j.orggeochem.2018.08.005,Yukon transect,Scree_Hill,SH_G1,2016,Unidentified Poaceaea,Unidentified Poaceaea,Unidentified Poaceaea,graminoid,terrestrial,65.07,-138.16,875,5,2,1,10.29,nan,12.19,2.49,16.42,2.39,11.2,1.68,24.78,nan,8.32,nan,10.6,nan,nan,nan,nan,nan,nan,nan,nan,nan,nan,nan,nan,nan,nan,nan,nan,nan,nan,nan,nan,nan,nan,nan,nan,nan,nan,nan,nan,nan,nan,nan,nan,nan,nan,nan,nan,nan,nan,nan,nan,nan,nan,nan,nan,nan,nan,nan,nan,nan,nan,nan,nan,nan,nan,nan,nan,nan,nan,nan,nan,nan,nan,nan,nan,nan,nan,nan,nan,nan
Bakkelund_et_al_2018,https://doi.org/10.1016/j.orggeochem.2018.08.005,Yukon transect,Spindly_Pine,SP_G1,2017,Unidentified Poaceaea,Unidentified Poaceaea,Unidentified Poaceaea,graminoid,terrestrial,60.3,-134.99,792,5,2,1,8.94,1.97,24.59,5.33,22.58,0.72,35.36,8.41,86.38,3.17,29.35,nan,0,nan,nan,nan,nan,nan,nan,nan,nan,nan,nan,nan,nan,nan,nan,nan,nan,nan,nan,nan,nan,nan,nan,nan,nan,nan,nan,nan,nan,nan,nan,nan,nan,nan,nan,nan,nan,nan,nan,nan,nan,nan,nan,nan,nan,nan,nan,nan,nan,nan,nan,nan,nan,nan,nan,nan,nan,nan,nan,nan,nan,nan,nan,nan,nan,nan,nan,nan,nan,nan
Bakkelund_et_al_2018,https://doi.org/10.1016/j.orggeochem.2018.08.005,Yukon transect,Takhini_River,TKR_G1,2014,Unidentified Poaceaea,Unidentified Poaceaea,Unidentified Poaceaea,graminoid,terrestrial,60.85,-135.72,792,5,2,1,14.02,17.99,20.52,4.29,28.83,5.06,61.34,nan,28.43,nan,9.71,nan,8.04,nan,nan,nan,nan,nan,nan,nan,nan,nan,nan,nan,nan,nan,nan,nan,nan,nan,nan,nan,nan,nan,nan,nan,nan,nan,nan,nan,nan,nan,nan,nan,nan,nan,nan,nan,nan,nan,nan,nan,nan,nan,nan,nan,nan,nan,nan,nan,nan,nan,nan,nan,nan,nan,nan,nan,nan,nan,nan,nan,nan,nan,nan,nan,nan,nan,nan,nan,nan,nan
Bakkelund_et_al_2018,https://doi.org/10.1016/j.orggeochem.2018.08.005,Yukon transect,Whitehorse,WH_G1,2014,Unidentified Poaceaea,Unidentified Poaceaea,Unidentified Poaceaea,graminoid,terrestrial,60.81,-135.21,729,5,1,1,2.49,nan,9.43,nan,4.17,1.55,17.98,0.85,17.4,nan,6.21,nan,2.81,nan,nan,nan,nan,nan,nan,nan,nan,nan,nan,nan,nan,nan,nan,nan,nan,nan,nan,nan,nan,nan,nan,nan,nan,nan,nan,nan,nan,nan,nan,nan,nan,nan,nan,nan,nan,nan,nan,nan,nan,nan,nan,nan,nan,nan,nan,nan,nan,nan,nan,nan,nan,nan,nan,nan,nan,nan,nan,nan,nan,nan,nan,nan,nan,nan,nan,nan,nan,nan
Thomas_et_al_2016,https://doi.org/10.1002/2016GL068513,western Greenland,N3,N3p_7,2010,Unidentified sedge,Unidentified_sedge,Unidentified_sedge,graminoid,terrestrial,68.636,-50.981,59,5,1,1,19.8,3.6,45.9,7.9,30,4.8,12.4,3.8,48,0,4.2,0,0,nan,nan,nan,nan,nan,nan,nan,nan,nan,nan,nan,nan,nan,nan,nan,nan,nan,nan,nan,nan,nan,nan,nan,nan,nan,nan,nan,nan,55,nan,147,nan,282,nan,475,nan,64,nan,24,nan,nan,nan,nan,-201.412,4.08780222124309,-213.504666666667,0.30631737354146,-229.121,0.980230585117609,nan,nan,nan,nan,nan,nan,nan,nan,nan,nan,nan,nan,nan,nan,nan,nan,nan,nan,nan,nan
Thomas_et_al_2016,https://doi.org/10.1002/2016GL068513,western Greenland,N3,N3p_11,2010,Vaccinium microphyllum,Vaccinium,microphyllum,shrub,terrestrial,68.636,-50.981,59,2,1,1,65,4.9,36.3,11.9,92.3,24.2,114,15.4,142.7,4.4,7.2,0,0,nan,nan,nan,nan,nan,nan,nan,nan,nan,nan,nan,nan,nan,nan,nan,nan,nan,nan,nan,nan,nan,nan,nan,nan,nan,nan,nan,nan,nan,nan,26,nan,133,nan,192,nan,14,nan,nan,nan,nan,nan,nan,-195.872333333333,7.17697668474222,-159.792666666667,3.14318967504879,-160.693,1.89556033931921,-135.09,29.7299114697639,nan,nan,nan,nan,nan,nan,nan,nan,nan,nan,nan,nan,nan,nan,nan,nan,nan,nan
Bakkelund_et_al_2018,https://doi.org/10.1016/j.orggeochem.2018.08.005,Yukon transect,Lost_Chicken,LC_F1,2016,Vaccinium uliginosum,Vaccinium,uliginosum,shrub,terrestrial,64.07,-141.91,588,2,2,1,14.63,2.95,8.02,2.74,28.89,4.86,50.06,6.01,77.99,6.77,52.44,1.35,107.82,nan,nan,nan,nan,nan,nan,nan,nan,nan,nan,nan,nan,nan,nan,nan,nan,nan,nan,nan,nan,nan,nan,nan,nan,nan,nan,nan,nan,nan,nan,nan,nan,nan,nan,nan,nan,nan,nan,nan,nan,nan,nan,nan,nan,nan,nan,nan,nan,nan,nan,nan,nan,nan,nan,nan,nan,nan,nan,nan,nan,nan,nan,nan,nan,nan,nan,nan,nan,nan
Berke_et_al_2019,https://doi.org/10.1016/j.gca.2018.10.020,western Greenland,Kangerlussuaq,GR16 VAUL,2014,Vaccinium uliginosum,Vaccinium,uliginosum,shrub,terrestrial,67.02,-50.7,50,2,1,1,nan,nan,nan,nan,nan,nan,nan,nan,nan,nan,nan,nan,nan,nan,nan,nan,nan,nan,nan,nan,nan,nan,nan,nan,nan,nan,nan,nan,nan,nan,nan,nan,nan,nan,nan,nan,nan,nan,nan,nan,nan,1.15,1.78,8.74,7.04,21.48,6.42,34.79,2.68,3.5,0.33,0.56,0.15,0.17,nan,nan,nan,nan,-193.84,1.31,-201.54,0.84,nan,nan,nan,nan,nan,nan,nan,nan,nan,nan,nan,nan,nan,nan,nan,nan,nan,nan,nan,nan
Berke_et_al_2019,https://doi.org/10.1016/j.gca.2018.10.020,western Greenland,Kangerlussuaq,GR2 VAUL,2014,Vaccinium uliginosum,Vaccinium,uliginosum,shrub,terrestrial,67.02,-50.7,50,2,1,1,nan,nan,nan,nan,nan,nan,nan,nan,nan,nan,nan,nan,nan,nan,nan,nan,nan,nan,nan,nan,nan,nan,nan,nan,nan,nan,nan,nan,nan,nan,nan,nan,nan,nan,nan,nan,nan,nan,nan,nan,nan,1.61,1.89,6.41,5.79,12.42,3.51,23.89,1.32,1.98,0,0,0,0,nan,nan,nan,nan,-191.94,0.92,-196.58,0.14,nan,nan,nan,nan,nan,nan,nan,nan,nan,nan,nan,nan,nan,nan,nan,nan,nan,nan,nan,nan
Berke_et_al_2019,https://doi.org/10.1016/j.gca.2018.10.020,western Greenland,Kangerlussuaq,GR20 VAUL,2014,Vaccinium uliginosum,Vaccinium,uliginosum,shrub,terrestrial,67.02,-50.7,50,2,1,1,nan,nan,nan,nan,nan,nan,nan,nan,nan,nan,nan,nan,nan,nan,nan,nan,nan,nan,nan,nan,nan,nan,nan,nan,nan,nan,nan,nan,nan,nan,nan,nan,nan,nan,nan,nan,nan,nan,nan,nan,nan,0.95,1.44,3.68,5.42,11.11,3.46,18.21,0.59,0.89,0.1,0.2,0.08,0,nan,nan,nan,nan,-174.34,0.2,-172.29,0.68,nan,nan,nan,nan,nan,nan,nan,nan,nan,nan,nan,nan,nan,nan,nan,nan,nan,nan,nan,nan
Berke_et_al_2019,https://doi.org/10.1016/j.gca.2018.10.020,western Greenland,Kangerlussuaq,GR3 VAUL,2014,Vaccinium uliginosum,Vaccinium,uliginosum,shrub,terrestrial,67.02,-50.7,50,2,1,1,nan,nan,nan,nan,nan,nan,nan,nan,nan,nan,nan,nan,nan,nan,nan,nan,nan,nan,nan,nan,nan,nan,nan,nan,nan,nan,nan,nan,nan,nan,nan,nan,nan,nan,nan,nan,nan,nan,nan,nan,nan,1.12,1.69,5.25,4.11,9.55,7.25,15.64,1,1.22,0.11,0.33,0,0,nan,nan,nan,nan,-185.73,1.48,-193.57,0.37,nan,nan,nan,nan,nan,nan,nan,nan,nan,nan,nan,nan,nan,nan,nan,nan,nan,nan,nan,nan
Berke_et_al_2019,https://doi.org/10.1016/j.gca.2018.10.020,western Greenland,Kangerlussuaq,GR4 VAUL,2014,Vaccinium uliginosum,Vaccinium,uliginosum,shrub,terrestrial,67.02,-50.7,50,2,1,1,nan,nan,nan,nan,nan,nan,nan,nan,nan,nan,nan,nan,nan,nan,nan,nan,nan,nan,nan,nan,nan,nan,nan,nan,nan,nan,nan,nan,nan,nan,nan,nan,nan,nan,nan,nan,nan,nan,nan,nan,nan,0.75,0.99,3.41,3.38,9.05,1.89,16.39,0.8,1.63,0.16,0.93,0.11,0.21,nan,nan,nan,nan,-189.48,0.23,-200.82,0.11,nan,nan,nan,nan,nan,nan,nan,nan,nan,nan,nan,nan,nan,nan,nan,nan,nan,nan,nan,nan
Berke_et_al_2019,https://doi.org/10.1016/j.gca.2018.10.020,western Greenland,Kangerlussuaq,GR5 VAUL,2014,Vaccinium uliginosum,Vaccinium,uliginosum,shrub,terrestrial,67.02,-50.7,50,2,1,1,nan,nan,nan,nan,nan,nan,nan,nan,nan,nan,nan,nan,nan,nan,nan,nan,nan,nan,nan,nan,nan,nan,nan,nan,nan,nan,nan,nan,nan,nan,nan,nan,nan,nan,nan,nan,nan,nan,nan,nan,nan,1.19,1.76,5.74,5.58,20.37,11.22,30.43,1.6,1.64,0.16,0.29,0.1,0.11,nan,nan,nan,nan,-183.45,0.36,-184.08,0.91,nan,nan,nan,nan,nan,nan,nan,nan,nan,nan,nan,nan,nan,nan,nan,nan,nan,nan,nan,nan
Berke_et_al_2019,https://doi.org/10.1016/j.gca.2018.10.020,western Greenland,Kangerlussuaq,GR6 VAUL,2014,Vaccinium uliginosum,Vaccinium,uliginosum,shrub,terrestrial,67.02,-50.7,50,2,1,1,nan,nan,nan,nan,nan,nan,nan,nan,nan,nan,nan,nan,nan,nan,nan,nan,nan,nan,nan,nan,nan,nan,nan,nan,nan,nan,nan,nan,nan,nan,nan,nan,nan,nan,nan,nan,nan,nan,nan,nan,nan,0,1.83,7.9,6.91,24.44,4.84,25.96,1.42,1.61,0,0,0,0,nan,nan,nan,nan,-185.89,0.53,-188.44,1.78,nan,nan,nan,nan,nan,nan,nan,nan,nan,nan,nan,nan,nan,nan,nan,nan,nan,nan,nan,nan
Berke_et_al_2019,https://doi.org/10.1016/j.gca.2018.10.020,western Greenland,Kangerlussuaq,GR8 VAUL,2014,Vaccinium uliginosum,Vaccinium,uliginosum,shrub,terrestrial,67.02,-50.7,50,2,1,1,nan,nan,nan,nan,nan,nan,nan,nan,nan,nan,nan,nan,nan,nan,nan,nan,nan,nan,nan,nan,nan,nan,nan,nan,nan,nan,nan,nan,nan,nan,nan,nan,nan,nan,nan,nan,nan,nan,nan,nan,nan,1.04,1.69,5.54,4.16,18.62,2.23,12.33,0.48,1.31,0.16,0.73,0,0,nan,nan,-189.37,0.13,-193.32,0.66,-193.56,0.42,nan,nan,nan,nan,nan,nan,nan,nan,nan,nan,nan,nan,nan,nan,nan,nan,nan,nan,nan,nan
Hollister_et_al_2022,https://doi.org/10.1029/2022JG006903,Baffin Island,QPT,KVH213,2019,Vaccinium uliginosum,Vaccinium,uliginosum,shrub,terrestrial,63.68,-68.2,33,2,1,1,250.17,12.07,69.3,15.93,87.14,19.06,59.72,14.28,59.96,6.96,8.55,5.68,0,nan,nan,-204.65,2.76,-200.41,2.58,-191.98,2.63,-186.99,2.69,nan,nan,nan,nan,nan,nan,-33.35,0.22,-31.54,0.24,-32.17,0.21,-32.59,0.21,nan,nan,nan,nan,4.28,1.44,6.27,9.39,26.72,6.25,64.42,4.75,12.2,0.82,0.62,0,0.07,nan,nan,nan,nan,nan,nan,nan,nan,nan,nan,nan,nan,nan,nan,nan,nan,nan,nan,nan,nan,nan,nan,nan,nan,nan,nan,nan,nan
Hollister_et_al_2022,https://doi.org/10.1029/2022JG006903,Baffin Island,QPT,KVH257,2019,Vaccinium uliginosum,Vaccinium,uliginosum,shrub,terrestrial,63.68,-68.2,33,2,1,1,1202.78,17.23,287.13,38.61,527.13,51.48,288,34.21,343.35,50.4,55.87,0,0,nan,nan,-181.25,2.8,-177.91,2.78,-166.77,2.69,-163.67,2.59,nan,nan,nan,nan,nan,nan,-32.18,0.22,-33.32,0.21,-33.63,0.22,-34.11,0.23,nan,nan,nan,nan,2.02,0.91,5.88,7.71,36.08,6.29,83.37,1.62,13.09,4.13,1.26,0,0.57,nan,nan,nan,nan,nan,nan,nan,nan,nan,nan,nan,nan,nan,nan,nan,nan,nan,nan,nan,nan,nan,nan,nan,nan,nan,nan,nan,nan
Hollister_et_al_2022,https://doi.org/10.1029/2022JG006903,Baffin Island,QPT,KVH258,2019,Vaccinium uliginosum,Vaccinium,uliginosum,shrub,terrestrial,63.68,-68.2,33,2,1,1,1092.64,9.22,202.3,29.12,250.01,47.23,283.07,37.38,314.14,49.47,55.09,0,0,nan,nan,-185.55,2.65,-184.26,2.67,-175.13,2.61,-175.12,2.65,nan,nan,nan,nan,nan,nan,-31.42,0.23,-31.29,0.23,-32.52,0.25,-33.09,0.23,nan,nan,nan,nan,1.86,0.37,0.48,5.53,29.39,5.33,64.27,0.31,10.84,4.84,1.84,0,1.23,nan,nan,nan,nan,nan,nan,nan,nan,nan,nan,nan,nan,nan,nan,nan,nan,nan,nan,nan,nan,nan,nan,nan,nan,nan,nan,nan,nan
Lindberg_et_al,https://doi.org/10.5194/egusphere-2025-3849,Baffin Island,3LN,KRL-070,2019,Vaccinium uliginosum,Vaccinium,uliginosum,shrub,terrestrial,58.1,-68.46,61,2,1,1,117.26,13.51,24.48,15.5,55.74,15.5,114.26,15.84,115.59,11.18,16.5,9.52,10.18,nan,nan,nan,nan,nan,nan,nan,nan,nan,nan,nan,nan,nan,nan,nan,nan,nan,nan,nan,nan,nan,nan,nan,nan,nan,nan,nan,nan,7.02,6.97,7.53,6.06,10.75,7.13,19.47,8.28,14.35,5.89,4.52,4.19,4.15,nan,nan,nan,nan,nan,nan,nan,nan,nan,nan,nan,nan,nan,nan,nan,nan,nan,nan,nan,nan,nan,nan,nan,nan,nan,nan,nan,nan
Lindberg_et_al,https://doi.org/10.5194/egusphere-2025-3849,Baffin Island,3LN,KRL-131,2021,Vaccinium uliginosum,Vaccinium,uliginosum,shrub,terrestrial,58.1,-68.46,61,2,1,1,0.97,0.16,6.37,0.17,0.68,0.27,1.94,0.42,3.6,0.38,4.02,0.15,0.35,nan,nan,nan,nan,nan,nan,nan,nan,nan,nan,nan,nan,nan,nan,nan,nan,nan,nan,nan,nan,nan,nan,nan,nan,nan,nan,nan,nan,0.65,0.7,2.64,2.62,8.73,3.93,26.48,1.89,7.85,2.13,1.04,0.33,0.44,nan,nan,nan,nan,nan,nan,nan,nan,nan,nan,nan,nan,nan,nan,nan,nan,nan,nan,nan,nan,nan,nan,nan,nan,nan,nan,nan,nan
Lindberg_et_al,https://doi.org/10.5194/egusphere-2025-3849,Baffin Island,3LN,KRL-132,2021,Vaccinium uliginosum,Vaccinium,uliginosum,shrub,terrestrial,58.1,-68.46,61,2,1,1,193.66,7.73,27.85,9.77,79.63,12.93,183.85,14.56,161.77,6.22,13.2,3.17,3.73,nan,nan,nan,nan,nan,nan,nan,nan,nan,nan,nan,nan,nan,nan,nan,nan,nan,nan,nan,nan,nan,nan,nan,nan,nan,nan,nan,nan,0.69,0.73,1.85,1.4,5.54,3.02,14.94,1.19,5.87,2.15,1.11,0.34,0.48,nan,nan,nan,nan,nan,nan,nan,nan,nan,nan,nan,nan,nan,nan,nan,nan,nan,nan,nan,nan,nan,nan,nan,nan,nan,nan,nan,nan
Oconnor_et_al_2020,https://doi.org/10.1016/j.orggeochem.2020.104064,AK transect,Arctic_Circle,S5_VAUL,2016,Vaccinium uliginosum,Vaccinium,uliginosum,shrub,terrestrial,66.56,-150.79,455,2,1,0,nan,nan,0,nan,40,nan,60,nan,0,nan,0,nan,0,nan,nan,-175,0,-172,1,-171,0,nan,nan,nan,nan,nan,nan,nan,nan,nan,nan,nan,nan,nan,nan,nan,nan,nan,nan,nan,nan,nan,nan,40,nan,60,nan,0,nan,0,nan,0,nan,nan,nan,nan,nan,nan,-170,3,nan,nan,nan,nan,nan,nan,nan,nan,nan,nan,nan,nan,nan,nan,nan,nan,nan,nan,nan,nan,nan,nan
Oconnor_et_al_2020,https://doi.org/10.1016/j.orggeochem.2020.104064,AK transect,Happy_Valley,S9_VAUL,2016,Vaccinium uliginosum,Vaccinium,uliginosum,shrub,terrestrial,69.24,-148.77,233,2,1,0,nan,nan,0,nan,20,nan,30,nan,60,nan,0,nan,0,nan,nan,nan,nan,-195,0,-199,0,-207,2,nan,nan,nan,nan,nan,nan,nan,nan,nan,nan,nan,nan,nan,nan,nan,nan,nan,nan,nan,nan,20,nan,30,nan,30,nan,0,nan,10,nan,nan,nan,nan,nan,nan,-215,1,-341,0,nan,nan,nan,nan,nan,nan,nan,nan,nan,nan,nan,nan,nan,nan,nan,nan,nan,nan,nan,nan
Hollister_et_al_2022,https://doi.org/10.1029/2022JG006903,Baffin Island,QPT,KVH199,2019,Vaccinium vitis-idaea,Vaccinium,vitis-idaea,shrub,terrestrial,63.68,-68.2,33,2,1,1,52.22,9.54,61.25,12.18,104.24,15.17,50.08,11.02,64.26,18.49,146.32,11.07,41.55,nan,nan,-179.45,2.67,-185.93,2.6,-190,2.74,-197.4,2.72,nan,nan,nan,nan,nan,nan,-36.77,0.03,-35.89,0.08,-33.92,0.13,-33.99,0.17,nan,nan,nan,nan,3.25,2.87,5.15,4.68,10.05,8.26,31.25,11.95,262.87,9.03,134.39,4.1,9.16,nan,nan,nan,nan,nan,nan,nan,nan,nan,nan,nan,nan,nan,nan,nan,nan,nan,nan,nan,nan,nan,nan,nan,nan,nan,nan,nan,nan
Bakkelund_et_al_2018,https://doi.org/10.1016/j.orggeochem.2018.08.005,Yukon transect,Brimstone,BRM_F1,2014,Vaccinium vitis-idaea,Vaccinium,vitis-idaea,shrub,terrestrial,63.74,-138.85,639,2,1,1,3.96,nan,9.76,1.47,45.98,3.05,25.82,3.18,35.03,10.32,141.86,nan,63.59,nan,nan,nan,nan,nan,nan,nan,nan,nan,nan,nan,nan,nan,nan,nan,nan,nan,nan,nan,nan,nan,nan,nan,nan,nan,nan,nan,nan,nan,nan,nan,nan,nan,nan,nan,nan,nan,nan,nan,nan,nan,nan,nan,nan,nan,nan,nan,nan,nan,nan,nan,nan,nan,nan,nan,nan,nan,nan,nan,nan,nan,nan,nan,nan,nan,nan,nan,nan,nan
Balascio_et_al_2018,https://doi.org/10.1016/j.orggeochem.2018.03.008,northern Norway,Hollabattjonnen,Balascio_5,2013,Vaccinium vitis-idaea,Vaccinium,vitis-idaea,shrub,terrestrial,69.74,19.13,25,2,1,0,nan,nan,nan,nan,nan,nan,nan,nan,nan,nan,nan,nan,nan,nan,nan,nan,nan,nan,nan,nan,nan,nan,nan,nan,nan,nan,nan,nan,nan,nan,nan,nan,nan,nan,nan,nan,nan,nan,nan,nan,nan,0.52,nan,15.99,nan,33.88,nan,44.17,nan,3.35,nan,2.08,nan,0,nan,nan,nan,nan,-127,6,-128,4,nan,nan,nan,nan,nan,nan,nan,nan,nan,nan,nan,nan,nan,nan,nan,nan,nan,nan,nan,nan
Lindberg_et_al,https://doi.org/10.5194/egusphere-2025-3849,Baffin Island,3LN,KRL-071,2019,Vaccinium vitis-idaea,Vaccinium,vitis-idaea,shrub,terrestrial,58.1,-68.46,61,2,1,1,139.16,18.17,84.36,19.76,116.12,21.35,47.29,17.9,59.2,23.99,144.98,15.26,51.53,nan,nan,nan,nan,nan,nan,nan,nan,nan,nan,nan,nan,nan,nan,nan,nan,nan,nan,nan,nan,nan,nan,nan,nan,nan,nan,nan,nan,2.93,3.11,5.51,5.65,9.8,9.57,17.67,9.37,144,8.61,97.81,2.58,13.5,nan,nan,nan,nan,nan,nan,nan,nan,nan,nan,nan,nan,nan,nan,nan,nan,nan,nan,nan,nan,nan,nan,nan,nan,nan,nan,nan,nan
Lindberg_et_al,https://doi.org/10.5194/egusphere-2025-3849,Baffin Island,3LN,KRL-103,2021,Vaccinium vitis-idaea,Vaccinium,vitis-idaea,shrub,terrestrial,58.1,-68.46,61,2,1,1,138.55,9.08,87.57,9.45,101.76,10.71,33.19,8.95,38.46,11.59,100.38,5.18,36.58,nan,nan,nan,nan,nan,nan,nan,nan,nan,nan,nan,nan,nan,nan,nan,nan,nan,nan,nan,nan,nan,nan,nan,nan,nan,nan,nan,nan,0,0,4.04,12.09,31.25,46.63,55.8,46.49,382.39,13.66,217.01,23.72,7.95,nan,nan,nan,nan,nan,nan,nan,nan,nan,nan,nan,nan,nan,nan,nan,nan,nan,nan,nan,nan,nan,nan,nan,nan,nan,nan,nan,nan
Lindberg_et_al,https://doi.org/10.5194/egusphere-2025-3849,Baffin Island,3LN,KRL-133,2021,Vaccinium vitis-idaea,Vaccinium,vitis-idaea,shrub,terrestrial,58.1,-68.46,61,2,1,1,46.94,8.11,36.1,9.38,54.91,9.98,22.82,9.97,34.66,16.04,127.44,12.87,59.97,nan,nan,nan,nan,nan,nan,nan,nan,nan,nan,nan,nan,nan,nan,nan,nan,nan,nan,nan,nan,nan,nan,nan,nan,nan,nan,nan,nan,1.02,0.65,2.18,3.02,7.9,12.06,22.52,12.04,177.1,9.14,111.77,2.3,24.64,nan,nan,nan,nan,nan,nan,nan,nan,nan,nan,nan,nan,nan,nan,nan,nan,nan,nan,nan,nan,nan,nan,nan,nan,nan,nan,nan,nan
Oconnor_et_al_2020,https://doi.org/10.1016/j.orggeochem.2020.104064,AK transect,Yukon_River,S3_VAVI,2016,Vaccinium vitis-idaea,Vaccinium,vitis-idaea,shrub,terrestrial,65.92,-149.83,166,2,1,0,nan,nan,0,nan,0,nan,0,nan,0,nan,60,nan,40,nan,nan,nan,nan,nan,nan,nan,nan,nan,nan,-243,1,-230,1,nan,nan,nan,nan,nan,nan,nan,nan,nan,nan,nan,nan,nan,nan,nan,nan,0,nan,10,nan,50,nan,40,nan,0,nan,nan,nan,nan,nan,nan,-215,2,-253,1,-240,0,nan,nan,nan,nan,nan,nan,nan,nan,nan,nan,nan,nan,nan,nan,nan,nan,nan,nan
Oconnor_et_al_2020,https://doi.org/10.1016/j.orggeochem.2020.104064,AK transect,Finger_Mountain,S4_VAVI,2016,Vaccinium vitis-idaea,Vaccinium,vitis-idaea,shrub,terrestrial,66.36,-150.46,642,2,1,0,nan,nan,0,nan,0,nan,0,nan,10,nan,60,nan,40,nan,nan,nan,nan,nan,nan,nan,nan,-221,1,-232,0,-231,3,nan,nan,nan,nan,nan,nan,nan,nan,nan,nan,nan,nan,nan,nan,nan,nan,0,nan,10,nan,50,nan,40,nan,10,nan,nan,nan,nan,nan,nan,-229,2,-240,0,-223,1,nan,nan,nan,nan,nan,nan,nan,nan,nan,nan,nan,nan,nan,nan,nan,nan,nan,nan
Oconnor_et_al_2020,https://doi.org/10.1016/j.orggeochem.2020.104064,AK transect,Arctic_Circle,S5_VAVI,2016,Vaccinium vitis-idaea,Vaccinium,vitis-idaea,shrub,terrestrial,66.56,-150.79,455,2,1,0,nan,nan,0,nan,0,nan,0,nan,0,nan,50,nan,50,nan,nan,nan,nan,nan,nan,nan,nan,nan,nan,-218,2,-204,1,nan,nan,nan,nan,nan,nan,nan,nan,nan,nan,nan,nan,nan,nan,nan,nan,0,nan,0,nan,60,nan,40,nan,0,nan,nan,nan,nan,nan,nan,nan,nan,-234,0,-220,0,nan,nan,nan,nan,nan,nan,nan,nan,nan,nan,nan,nan,nan,nan,nan,nan,nan,nan
Thomas_et_al_2016,https://doi.org/10.1002/2016GL068513,western Greenland,N3,N3p_19,2010,Woodsia ilvensis,Woodsia,ilvensis,fern,terrestrial,68.636,-50.981,59,4,1,1,30.6,1.3,56.2,5.1,91.7,11,90.2,2.9,17.2,0,6.5,0,2.7,nan,nan,nan,nan,nan,nan,nan,nan,nan,nan,nan,nan,nan,nan,nan,nan,nan,nan,nan,nan,nan,nan,nan,nan,nan,nan,nan,nan,1,nan,3,nan,15,nan,14,nan,5,nan,16,nan,4,nan,nan,nan,nan,nan,nan,nan,nan,nan,nan,nan,nan,nan,nan,nan,nan,nan,nan,nan,nan,nan,nan,nan,nan,nan,nan,nan,nan
