CoreName,MidpointDepth,TopDepth,Thickness,SamplingID,UBlabID,SamplingNotesAboutSedimentology,AquaticMossMacrofossilAbundance,MassDrySediment,MassTotalLipidExtract,peakAreaC20eicosenoicAcidMethylEster,peakAreaC20FattyAcidMethylEster,peakAreaC21FattyAcidMethylEster,peakAreaC22FattyAcidMethylEster,peakAreaC23FattyAcidMethylEster,peakAreaC24FattyAcidMethylEster,peakAreaC25FattyAcidMethylEster,peakAreaC26FattyAcidMethylEster,peakAreaC27FattyAcidMethylEster,peakAreaC28FattyAcidMethylEster,peakAreaC29FattyAcidMethylEster,peakAreaC30FattyAcidMethylEster,peakAreaC31FattyAcidMethylEster,peakAreaC32FattyAcidMethylEster,FAC20,FAC22,FAC24,FAC26,FAC28,FAC30,FAC32,ACL20to30,CPI20to30,IRMSSequenceNumber2018,SampleNumberIRMSSequence,nameIRMSsequence,d2HC20,stdevC20,analyticalUncC20,nC20,SEMC20,d2HC22,stdevC22,analyticalUncC22,nC22,SEMC22,d2HC24,stdevC24,analyticalUncC24,nC24,SEMC24,d2HC26,stdevC26,analyticalUncC26,nC26,SEMC26,d2HC28,stdevC28,analyticalUncC28,nC28,SEMC28,d2HC30,stdevC30,analyticalUncC30,nC30,SEMC30,epsilonC28-C22,uncEpsilonC28-C22,HPLCSampleID,MassC46StandardAdded,peakArea1302GDGT0,peakArea1300GDGT1,peakArea1300'OHGDGT0,peakArea1298GDGT2,peakArea1298'OHGDGT1,peakArea1298''2OHGDGT0,peakArea1296GDGT3,peakArea1296'OHGDGT2,peakArea1292GDGT4,peakArea1292'GDGT4',peakArea1050brGDGTIIIa5Me,peakArea1050'brGDGTIIIa6Me,peakArea1048brGDGTIIIb5Me,peakArea1048'brGDGTIIIb6Me,peakArea1048''HbrGDGTIIIb,peakArea1046brGDGTIIIc5Me,peakArea1046'brGDGTIIIc6Me,peakArea1036brGDGTIIa5Me,peakArea1036'brGDGTIIa6Me,peakArea1034brGDGTIIb5Me,peakArea1034'brGDGTIIb6Me,peakArea1034''HbrGDGTIIb,peakArea1032brGDGTIIc5Me,peakArea1032'brGDGTIIc6Me,peakArea1022brGDGTIa,peakArea1020brGDGTIb,peakArea1020'HbrGDGTIb,peakArea1018brGDGTIc,peakArea744InternalStandard,totaliGDGT,FAGDGT0,FAGDGT1,FAGDGT2,FAGDGT3,FAGDGT4,FAGDGT4',crenarchaeolConcentration,totalbrGDGTconcentration,totalOHGDGTconcentration,totalHGDGTconcentration,totalbrGDGTpeakArea,FAbrGDGTIIIa,FAbrGDGTIIIa',FAbrGDGTIIIb,FAbrGDGTIIIb',FAbrGDGTIIIc,FAbrGDGTIIIc',FAbrGDGTIIa,FAbrGDGTIIa',FAbrGDGTIIb,FAbrGDGTIIb',FAbrGDGTIIc,FAbrGDGTIIc',FAbrGDGTIa,FAbrGDGTIb,FAbrGDGTIc,ZhaoIWT,ageMedian
07CF8L4,0.25,0,0.5,EKT249,EKT249,no large aquatic moss macrofossils (none even visible),0,1.042,4.26,3.064,3.621,1.728,9.501,7.845,38.163,10.413,33.919,6.833,18.091,2.511,4.865,0.582,0.89,0.03,0.08,0.36,0.32,0.17,0.04,0,25.3,3.9,8,8,EKT249 FAME,-230.9,2.3,4.1,3,2.7,-236.4,0.6,4.6,3,2.7,-232.4,0.3,7.7,3,4.4,-208.5,0.5,5.5,3,3.2,-205.6,1.8,4.6,3,2.9,-222,0.7,4.6,3,2.7,40.3,3.9,NaN,NaN,NaN,NaN,NaN,NaN,NaN,NaN,NaN,NaN,NaN,NaN,NaN,NaN,NaN,NaN,NaN,NaN,NaN,NaN,NaN,NaN,NaN,NaN,NaN,NaN,NaN,NaN,NaN,NaN,NaN,NaN,NaN,NaN,NaN,NaN,NaN,NaN,NaN,NaN,NaN,NaN,NaN,NaN,NaN,NaN,NaN,NaN,NaN,NaN,NaN,NaN,NaN,NaN,NaN,NaN,NaN,NaN,NaN,7522.741
07CF8L4,0.75,0.5,0.5,EKT248,EKT248,no large aquatic moss macrofossils (none even visible),0,0.965,3.83,1.899,1.826,0.921,4.833,3.934,18.522,5.111,15.826,3.138,7.977,1.018,2.067,0.25,0.359,0.03,0.09,0.38,0.32,0.16,0.03,0,25.2,4.3,8,7,EKT248 FAME,-225.1,2.2,4,3,2.6,-236.4,0.5,4.7,3,2.7,-233.3,0.9,6,3,3.5,-207.9,0.4,4.4,3,2.6,-198.2,0.8,4.8,3,2.8,-215,8.7,4.8,3,5.7,50,3.9,H1801000244,100,684533,49298,33404,41771,5114,9407,7598,18496,350233,4712,13392900,912871,105699,25229,284236,17838,NaN,8392440,1929760,1066160,159774,70724,34224,NaN,4274980,672897,330926,26523,737780,1138145,0.601,0.043,0.029,0.037,0.004,0.008,4.92,435.53,800.71,9632.71,31011294,0.432,0.029,0.003,0.001,0.001,0,0.271,0.062,0.034,0.005,0.001,0,0.138,0.022,0.001,8.189462,7545.194
07CF8L4,1.25,1,0.5,EKT247,EKT247,no large aquatic moss macrofossils (none even visible),0,0.927,3.3,2.491,3.25,1.707,9.203,8.132,39.506,12.188,38.623,8.148,20.453,2.885,5.144,0.669,0.929,0.02,0.08,0.34,0.34,0.18,0.04,0,25.4,3.7,6,6,EKT247 FAME,-274.6,2.3,4.2,3,2.8,-259.4,2.5,3.7,3,2.5,-259.4,0.7,3.6,3,2.1,-239.2,0.4,3.6,3,2.1,-238.4,1,3.6,3,2.2,-262.6,3.3,4.4,3,3.2,28.4,3.3,H1801000206,100,486413,29344,18813,23403,2818,2962,4861,10870,205066,3414,11144800,602623,72917,17199,196825,14144,NaN,6385360,1599960,826505,104242,NaN,27108,NaN,3377620,529843,137636,18306,633599,752501,0.646,0.039,0.025,0.031,0.004,0.004,3.49,421.08,553.62,5697.02,24720627,0.451,0.024,0.003,0.001,0.001,0,0.258,0.065,0.033,0.004,0.001,0,0.137,0.021,0.001,8.044775,7564.971
07CF8L4,1.75,1.5,0.5,EKT246,EKT246,no large aquatic moss macrofossils (none even visible),0,0.902,3.1,3.302,3.401,1.706,8.709,7.732,36.877,10.909,35.417,7.238,19.02,2.646,4.823,0.628,0.892,0.03,0.08,0.35,0.33,0.18,0.04,0,25.3,3.8,6,5,EKT246 FAME,-238.1,4.2,4.7,3,3.7,-241.8,2.4,4.3,3,2.8,-236.8,0.4,3.5,3,2.1,-214,0.8,3.5,3,2.1,-202.5,1.1,3.6,3,2.2,-221.2,7.1,5.2,3,5.1,51.8,3.6,H1801000168,100,402847,22359,14573,21820,1915,4035,4430,9253,174083,2668,9202240,429774,61099,13438,157583,12989,NaN,5616320,1249470,686953,90260,44519,20784,NaN,2928530,485281,159278,16918,660018,628207,0.641,0.036,0.023,0.035,0.003,0.006,2.92,349.55,432.29,6069.04,20814055,0.442,0.021,0.003,0.001,0.001,0,0.27,0.06,0.033,0.004,0.001,0,0.141,0.023,0.001,8.325403,7594.084
07CF8L4,2.25,2,0.5,EKT245,EKT245,no large aquatic moss macrofossils (none even visible),0,0.955,3.31,3.254,4.885,1.699,10.07,7.827,37.599,10.357,37.378,7.527,22.307,2.977,6.478,0.755,1.505,0.04,0.08,0.32,0.32,0.19,0.05,0.01,25.4,4.1,5,8,EKT245 FAME,-238.9,2.3,3.7,2,3.1,-241.5,1,2.9,2,2.2,-236.7,1.6,4.1,2,3.1,-211.6,0.5,3.8,2,2.7,-206,0.9,3,2,2.2,-224.1,0.1,4,2,2.8,46.9,3.1,H1712000012,100,475496,49138,32202,71638,3098,62548,16391,26227,559116,6804,7564330,405077,52906,12068,284003,13447,NaN,4104670,1157440,494412,77437,76403,21585,NaN,2432510,417039,133700,15949,414898,1178583,0.403,0.042,0.027,0.061,0.003,0.053,14.11,423.04,1552.19,12465.03,16768871,0.451,0.024,0.003,0.001,0.001,0,0.245,0.069,0.029,0.005,0.001,0,0.145,0.025,0.001,8.853391,7621.021
07CF8L4,2.75,2.5,0.5,EKT244,EKT244,no large aquatic moss macrofossils (none even visible),0,0.916,3.78,3.447,3.204,1.489,8.265,7.017,34.839,8.86,32.335,5.956,17.622,2.207,4.673,0.465,0.936,0.03,0.08,0.35,0.32,0.17,0.04,0,25.3,4.3,8,6,EKT244 FAME,-238.9,2.4,4.1,3,2.7,-242.1,2.5,4.9,3,3.2,-239.4,0.6,5.9,3,3.4,-211,0.4,4.6,3,2.6,-209.7,1.5,4.8,3,2.9,-231.3,5.1,4.8,3,4.1,42.8,4.3,H1801000242,100,581279,34176,24803,30849,4010,7422,7664,14661,292663,3688,8692850,365083,61471,NaN,205685,14446,NaN,4517240,1155200,555670,78626,70669,19816,NaN,2674040,449056,156500,18501,625744,950319,0.612,0.036,0.026,0.032,0.004,0.008,5.11,324.56,758.53,7552.27,18601998,0.467,0.02,0.003,0,0.001,0,0.243,0.062,0.03,0.004,0.001,0,0.144,0.024,0.001,8.58445,7643.021
07CF8L4,3.25,3,0.5,EKT243,EKT243,no large aquatic moss macrofossils (none even visible),0,0.946,4.11,4.02,4.244,1.85,10.633,8.65,43.877,11.091,40.206,7.127,20.821,2.582,5.4,0.625,1.075,0.03,0.08,0.35,0.32,0.17,0.04,0,25.3,4.2,5,7,EKT243 FAME,-240.2,4.5,4.7,3,3.8,-237.8,0.3,3.6,3,2.1,-232.4,0.8,6.6,3,3.9,-205.7,0.8,5.5,3,3.2,-195.7,1.3,3.7,3,2.3,-216.2,1.9,5.2,3,3.2,55.2,3.1,H1801000200,100,594676,27714,18246,20567,3191,NaN,4502,10569,208219,2789,8585120,443640,65039,NaN,154272,19925,NaN,4661810,1186400,557065,79622,41522,27202,NaN,2592990,419012,145003,18160,565878,858468,0.693,0.032,0.021,0.024,0.004,0,3.89,348.66,598.15,6369.12,18655984,0.46,0.024,0.003,0,0.001,0,0.25,0.064,0.03,0.004,0.001,0,0.139,0.022,0.001,8.254566,7667.211
07CF8L4,3.75,3.5,0.5,EKT242,EKT242,no large aquatic moss macrofossils (none even visible),0,0.79,3.41,3.986,3.053,1.471,8.396,7.364,37.634,10.457,37.396,6.984,19.697,2.495,4.817,0.489,0.923,0.02,0.07,0.34,0.34,0.18,0.04,0,25.4,4.1,6,4,EKT242 FAME,-249.9,2.4,4.8,3,3.1,-246.9,1.8,4.6,3,2.9,-238.7,0.5,3.6,3,2.1,-212.7,0.6,3.6,3,2.1,-205.2,2,3.5,3,2.4,-216.3,3,4.8,3,3.3,55.3,3.7,H1801000162,100,573224,573224,30680,22089,3058,1966,4575,1034,223399,3095,7942100,368580,54809,12763,137606,17827,NaN,4381140,1046630,496095,73493,36034,23299,NaN,2395350,355301,136377,15945,646509,1399607,0.41,0.41,0.022,0.016,0.002,0.001,4.38,336.55,681.06,6072.01,17183331,0.462,0.021,0.003,0.001,0.001,0,0.255,0.061,0.029,0.004,0.001,0,0.139,0.021,0.001,8.116132,7694.97
07CF8L4,4.25,4,0.5,EKT241,EKT241,no large aquatic moss macrofossils (none even visible),0,1.007,4.24,3.801,4.047,1.84,10.218,8.422,41.224,11.34,37.699,7.154,19.677,2.636,5.12,0.634,0.969,0.03,0.08,0.35,0.32,0.17,0.04,0,25.3,4,6,3,EKT241 FAME,-236.7,2.7,4.7,3,3.1,-241,2,4.6,3,2.9,-236.6,0.7,3.6,3,2.1,-211.5,1,3.5,3,2.1,-205.1,0.9,3.6,3,2.1,-221.8,7.6,5.1,3,5.3,47.3,3.6,NaN,NaN,NaN,NaN,NaN,NaN,NaN,NaN,NaN,NaN,NaN,NaN,NaN,NaN,NaN,NaN,NaN,NaN,NaN,NaN,NaN,NaN,NaN,NaN,NaN,NaN,NaN,NaN,NaN,NaN,NaN,NaN,NaN,NaN,NaN,NaN,NaN,NaN,NaN,NaN,NaN,NaN,NaN,NaN,NaN,NaN,NaN,NaN,NaN,NaN,NaN,NaN,NaN,NaN,NaN,NaN,NaN,NaN,NaN,7721.171
07CF8L4,4.75,4.5,0.5,EKT240,EKT240,no large aquatic moss macrofossils (none even visible),0,0.869,3.5,5.668,7.76,3.811,20.06,17.275,84.839,24.856,82.775,15.651,39.213,4.805,9.246,1.213,1.543,0.03,0.08,0.35,0.34,0.16,0.04,0,25.3,3.7,3,8,EKT240 FAME,-233.7,2.3,4.6,3,2.9,-247.6,1.5,4,3,2.5,-232.7,0.7,3.6,3,2.1,-209.9,0.1,3.6,3,2.1,-210.1,1.4,3.9,3,2.4,-211.8,3.6,4.7,3,3.4,49.8,3.5,H1712000011,100,545786,49661,28630,32865,5115,NaN,6757,16737,396948,5740,7094020,329181,47435,12760,146588,19707,NaN,3651900,915388,411606,48177,46088,23753,NaN,2033720,277471,216176,15033,414163,1037756,0.526,0.048,0.028,0.032,0.005,0,11.03,413.66,1403.34,11365.79,14880151,0.477,0.022,0.003,0.001,0.001,0,0.245,0.062,0.028,0.003,0.002,0,0.137,0.019,0.001,7.834495,7748.711
07CF8L4,5.25,5,0.5,EKT239,EKT239,no large aquatic moss macrofossils (none even visible),0,0.855,3.65,2.066,3.189,1.547,8.241,6.624,33.15,9.778,33.283,6.468,17.369,2.406,4.549,0.559,0.851,0.03,0.08,0.34,0.34,0.17,0.04,0,25.4,4,7,4,EKT239 FAME,-233.8,4.4,4.1,3,3.5,-238.2,2.7,3.6,3,2.6,-233.7,0.5,4,3,2.3,-210.2,0.6,3.8,3,2.2,-208.4,2.4,3.6,3,2.5,-208.8,4.1,4.9,3,3.7,39.2,3.6,H1801000233,100,629436,50396,31468,30316,5860,NaN,6805,16480,408599,4553,9678350,476345,65537,17245,176829,24980,NaN,4540400,1094780,440916,58751,67473,32615,NaN,2569520,342323,388838,17657,614352,1130104,0.557,0.045,0.028,0.027,0.005,0,7.78,368.7,1024.79,12058.25,19359419,0.5,0.025,0.003,0.001,0.001,0,0.235,0.057,0.023,0.003,0.002,0,0.133,0.018,0.001,7.49959,7773.479
07CF8L4,5.75,5.5,0.5,EKT238,EKT238,no large aquatic moss macrofossils (none even visible),0,0.675,2.85,1.481,2.685,1.379,7.222,5.761,28.652,8.24,27.917,5.558,15.25,2.153,4.132,0.462,0.802,0.03,0.08,0.34,0.33,0.18,0.04,0,25.4,4.1,7,3,EKT238 FAME,-228.4,1.9,4.2,3,2.7,-236.9,1.6,3.7,3,2.3,-232.3,0.3,3.8,3,2.2,-211.2,0.8,3.7,3,2.2,-208.4,1.2,3.6,3,2.2,-214.7,2.2,4.9,3,3.1,37.4,3.2,H1801000219,100,422753,24672,15169,13132,2626,NaN,3274,8139,164057,1710,6348960,258511,32618,9291,126808,16548,NaN,3079570,580676,269377,21202,62284,16590,NaN,1631060,182631,304515,10346,500548,629598,0.671,0.039,0.024,0.021,0.004,0,4.86,368.82,767.82,14613.93,12457380,0.51,0.021,0.003,0.001,0.001,0,0.247,0.047,0.022,0.002,0.001,0,0.131,0.015,0.001,7.042089,7800.755
07CF8L4,6.25,6,0.5,EKT237,EKT237,no large aquatic moss macrofossils (none even visible),0,0.884,3.6,2.223,3.338,1.727,8.918,6.978,34.733,9.836,32.392,6.81,18.753,2.745,5.267,0.644,0.977,0.03,0.08,0.34,0.32,0.18,0.05,0,25.4,3.9,6,2,EKT237 FAME,-239,1,4.1,3,2.4,-247,0.3,3.5,3,2.1,-235.5,0.3,4,3,2.3,-217,0.5,3.8,3,2.2,-218.9,0.9,3.5,3,2.1,-230.1,4,4.4,3,3.4,37.4,2.9,H1801000164,100,562113,30425,18512,18039,3218,NaN,4063,10492,213240,3147,8736140,356103,56608,16167,201947,26438,NaN,4494250,1029240,407144,35652,107866,26579,NaN,2373690,270370,369493,15264,641004,831027,0.676,0.037,0.022,0.022,0.004,0,3.76,314.76,568.4,11983.01,17843645,0.49,0.02,0.003,0.001,0.001,0,0.252,0.058,0.023,0.002,0.001,0,0.133,0.015,0.001,7.312985,7826.724
07CF8L4,6.75,6.5,0.5,EKT236,EKT236,no large aquatic moss macrofossils (none even visible),0,0.926,3.51,2.219,3.896,1.793,9.402,6.974,34.93,9.953,32.567,7.43,20.777,3.048,6.185,0.74,1.291,0.03,0.08,0.33,0.3,0.19,0.05,0.01,25.4,3.9,5,6,EKT236 FAME,-241.1,1.2,4.7,3,2.8,-234.6,1.5,3.7,3,2.3,-228.9,0.2,5.7,3,3.3,-210.3,0.1,4.9,3,2.8,-209.8,0.6,3.7,3,2.2,-230.5,0.2,4.7,3,2.7,32.5,3.2,NaN,NaN,NaN,NaN,NaN,NaN,NaN,NaN,NaN,NaN,NaN,NaN,NaN,NaN,NaN,NaN,NaN,NaN,NaN,NaN,NaN,NaN,NaN,NaN,NaN,NaN,NaN,NaN,NaN,NaN,NaN,NaN,NaN,NaN,NaN,NaN,NaN,NaN,NaN,NaN,NaN,NaN,NaN,NaN,NaN,NaN,NaN,NaN,NaN,NaN,NaN,NaN,NaN,NaN,NaN,NaN,NaN,NaN,NaN,7853.847
07CF8L4,7.25,7,0.5,EKT235,MCC124,no large aquatic moss macrofossils (none even visible),0,0.979,3.99,4.734,5.748,2.48,14.456,10.232,54.896,15.671,51.571,12.441,35.513,5.557,11.331,1.685,2.903,0.03,0.08,0.31,0.29,0.2,0.07,0.02,25.5,3.5,2,9,MCC124 FAME,-233.8,4.9,3.9,3,3.6,-239.6,1.6,4,3,2.5,-236.8,0.2,3.6,3,2.1,-221.8,0.6,3.5,3,2.1,-218.9,0.3,3.6,3,2.1,-223.3,0.6,3.9,3,2.3,27.2,3.2,H1712000022,100,470680,25043,14689,19924,3010,3683,4419,9375,216893,2600,7398880,351450,44658,9695,183148,16258,NaN,3568510,831090,299466,21176,121754,16164,NaN,1972630,203745,341810,11831,353719,739558,0.636,0.034,0.02,0.027,0.004,0.005,6.26,425.86,781.89,18677.5,14745553,0.502,0.024,0.003,0.001,0.001,0,0.242,0.056,0.02,0.001,0.001,0,0.134,0.014,0.001,7.286137,7880.624
07CF8L4,7.75,7.5,0.5,EKT234,MCC141,some large aquatic moss macrofossils,3,1.102,5.51,3.094,3.449,1.571,9.865,6.584,37.843,9.918,33.83,8.107,24.96,3.799,8.885,1.204,2.473,0.03,0.08,0.31,0.28,0.2,0.07,0.02,25.6,3.6,4,10,MCC141 FAME,-245.1,2,7.2,3,4.3,-248.6,0.5,5.6,3,3.3,-231.9,0.5,3.5,3,2,-222.5,1.2,3.5,3,2.1,-223.3,2.3,3.6,3,2.4,-226.8,3.7,6.3,3,4.2,33.6,4.1,H1801000246,100,839387,28180,17471,23881,3317,10688,6201,10980,257888,3896,13840200,NaN,86458,446212,32466,4375,NaN,7318770,1233190,664934,NaN,341395,35321,NaN,3946240,393864,763289,21116,664688,1159433,0.724,0.024,0.015,0.021,0.003,0.009,3.52,382.12,433.7,15524.1,27990681,0.494,0,0.003,0.016,0,0,0.261,0.044,0.024,0,0.001,0,0.141,0.014,0.001,7.504403,7908.223
07CF8L4,8.25,8,0.5,EKT233,MCC123,some large aquatic moss macrofossils,3,0.868,4.36,4.622,4.883,2.677,15.133,10.472,58.917,14.936,50.515,11.555,36.047,5.29,12.545,1.577,2.922,0.03,0.08,0.32,0.28,0.2,0.07,0.02,25.5,3.7,2,8,MCC123 FAME,-243.6,1,4.1,3,2.4,-244.8,1.5,4,3,2.5,-238.8,1,3.5,3,2.1,-229.2,0.2,3.5,3,2,-228,0.7,3.6,3,2.1,-234.6,4,3.9,3,3.2,22.2,3.2,H1801000207,100,593754,13191,8047,9501,NaN,4417,1937,5045,102619,1280,8298390,399211,55773,12131,287205,19263,NaN,4515820,902089,396694,NaN,183840,22375,NaN,2383600,232509,405622,14805,606638,722282,0.822,0.018,0.011,0.013,0,0.006,1.95,327.79,248.75,16655.99,17252660,0.481,0.023,0.003,0.001,0.001,0,0.262,0.052,0.023,0,0.001,0,0.138,0.013,0.001,7.476977,7935.863
07CF8L4,8.75,8.5,0.5,EKT232,MCC148,some few large aquatic moss macrofossils,2,1.144,5.37,4.627,5.063,2.493,15.401,10.204,60.926,14.893,53.289,12.129,40.051,6.216,15.012,1.854,3.352,0.02,0.08,0.32,0.28,0.21,0.08,0.01,25.6,4.2,2,11,MCC148 FAME,-243.3,1.9,4,3,2.6,-246.5,1.7,4,3,2.5,-239.5,0.5,3.6,3,2.1,-230.3,0.8,3.6,3,2.1,-228.9,1.2,3.6,3,2.2,-233.6,1.6,3.9,3,2.4,23.3,3.3,H1801000187,100,956649,17626,10435,12783,2020,NaN,2911,5636,134608,4251,11404400,716119,81638,NaN,394292,28699,NaN,6394860,1177640,577273,NaN,255730,32464,NaN,3378620,352419,539608,22127,674255,1128827,0.847,0.016,0.009,0.011,0.002,0,1.75,313.38,234.59,15426.79,24166258,0.472,0.03,0.003,0,0.001,0,0.265,0.049,0.024,0,0.001,0,0.14,0.015,0.001,7.67377,7959.518
07CF8L4,9.25,9,0.5,EKT231,MCC110,very few large aquatic moss macrofossils,1,1.163,4.66,1.834,1.667,1.038,5.903,4.523,25.234,6.706,22.507,5.098,14.52,2.202,4.615,0.484,0.98,0.03,0.08,0.33,0.29,0.19,0.06,0.02,25.5,3.4,1,4,MCC110 FAME,NaN,4.2,4.9,3,3.7,-246.1,1.3,4.5,3,2.7,-237.8,1.9,3.6,3,2.4,-230.9,0.2,3.6,3,2.1,-225.3,1,3.5,3,2.1,-227.1,5.6,4.7,3,4.2,27.6,3.4,H1801000098,100,901610,17782,10771,14190,1531,5468,3048,5890,140011,2110,10116800,509530,2956,70859,373953,27277,NaN,5172610,1102920,444758,NaN,232675,28285,NaN,2641920,245839,479564,16514,589863,1078751,0.836,0.016,0.01,0.013,0.001,0.005,2.04,297.17,265.27,15838.09,20380268,0.496,0.025,0,0.003,0.001,0,0.254,0.054,0.022,0,0.001,0,0.13,0.012,0.001,6.902126,7981.689
07CF8L4,9.75,9.5,0.5,EKT230,MCC134,very few large aquatic moss macrofossils,1,1.22,4.6,0.019,0.922,0.118,1.49,0.216,2.55,0.299,1.61,0.182,1.317,0.133,0.521,0.081,0.192,0.12,0.16,0.23,0.17,0.15,0.09,0.07,24.7,2.1,10,1,MCC134 FAME,-235.5,0.4,4.1,3,2.4,-237.8,4.1,4.5,3,3.5,-188.6,0.7,3.7,3,2.2,-210.6,5.8,4.2,3,4.1,NaN,NaN,NaN,NaN,NaN,-227.7,18.1,4.7,3,10.8,NaN,NaN,H1712000036,100,941524,22165,15336,17962,2167,13104,3129,8127,217181,3615,11798000,627651,85170,NaN,380862,32928,NaN,5681390,1191380,479780,14992,266798,33397,NaN,2787690,214146,575749,16432,577991,1205575,0.781,0.018,0.013,0.015,0.002,0.011,3.08,325.69,363.53,17352.21,22962955,0.514,0.027,0.004,0,0.001,0,0.247,0.052,0.021,0.001,0.001,0,0.121,0.009,0.001,6.233183,8011.294
07CF8L4,10.25,10,0.5,EKT229,EKT229,very few large aquatic moss macrofossils,1,1.255,4.59,5.491,6.011,3.349,18.327,12.554,64.846,14.478,49.106,8.466,24.805,3.522,8.719,0.672,1.216,0.03,0.11,0.38,0.29,0.14,0.05,0,25.1,4.2,4,8,EKT229 FAME,-252,6.1,6,3,4.9,-249.7,1.1,3.5,3,2.1,-235,1.7,4.6,3,2.8,-230.5,1.5,3.9,3,2.4,-227.4,1.1,3.5,3,2.1,-227.6,0.9,5.7,3,3.3,29.7,3,H1801000253,100,1369270,25733,16851,17242,2435,5145,4049,9427,213235,3754,19704600,915726,145489,21459,485709,41671,NaN,11703100,2049040,1025740,NaN,289924,48028,NaN,4620420,274734,743757,20613,997972,1633283,0.838,0.016,0.01,0.011,0.001,0.003,1.7,324.03,229.33,12135.16,40570619,0.486,0.023,0.004,0.001,0.001,0,0.288,0.051,0.025,0,0.001,0,0.114,0.007,0.001,5.548938,8038.93
07CF8L4,10.75,10.5,0.5,EKT228,MCC153,no large aquatic moss macrofossils,0,1.011,4.85,4.069,4.342,2.411,14.999,10.424,61.409,14.878,56.479,11.156,35.597,5.511,12.782,1.609,2.724,0.02,0.08,0.33,0.3,0.19,0.07,0.01,25.5,4.3,3,14,MCC153 FAME,-243.8,1,4.3,3,2.5,-234.8,0.7,3.6,3,2.1,-229.8,0.9,3.8,3,2.2,-229.6,1.6,3.6,3,2.3,-220.7,1,3.5,3,2.1,-229.6,7.4,4.1,3,4.9,18.4,3,H1801000204,100,1245260,19281,10769,10431,1831,4459,2122,5920,119357,NaN,10504600,675056,91920,21121,334228,32132,NaN,6042780,1403080,515647,NaN,234837,31386,NaN,2842990,186672,587155,14107,684889,1396451,0.892,0.014,0.008,0.007,0.001,0.003,1.72,323.04,267.55,16702.81,22361489,0.47,0.03,0.004,0.001,0.001,0,0.27,0.063,0.023,0,0.001,0,0.127,0.008,0.001,6.653143,8075.127
07CF8L4,11.25,11,0.5,EKT227,MCC106,no large aquatic moss macrofossils,0,1.152,5.43,1.325,1.895,0.965,5.998,4.026,22.02,5.618,20.22,3.827,11.234,1.643,3.734,0.44,0.904,0.03,0.09,0.33,0.3,0.17,0.06,0.02,25.3,3.6,3,9,MCC106 FAME,-248.8,1.4,4.4,3,2.7,-241.8,1.2,3.6,3,2.2,-234.6,0.6,3.9,3,2.3,-228.6,0.7,3.7,3,2.2,-227.1,0.3,3.6,3,2.1,-227.6,0.9,4.1,3,2.4,19.4,3,H1801000270,100,1170640,16132,9182,9661,1638,NaN,2313,3999,98949,1325,9321010,1909970,80687,15463,367800,30993,NaN,5858800,1104750,543652,NaN,298241,23037,NaN,2680250,160120,533998,10410,663805,1299019,0.901,0.012,0.007,0.007,0.001,0,1.29,284.29,193.81,15693.41,21739141,0.429,0.088,0.004,0.001,0.001,0,0.27,0.051,0.025,0,0.001,0,0.123,0.007,0,6.773447,8107.211
07CF8L4,11.75,11.5,0.5,EKT226,MCC135,even fewer large aquatic moss macrofossils,1,1.262,6.22,NaN,NaN,NaN,NaN,NaN,NaN,NaN,NaN,NaN,NaN,NaN,NaN,NaN,NaN,NaN,NaN,NaN,NaN,NaN,NaN,NaN,NaN,NaN,NaN,NaN,NaN,NaN,NaN,NaN,NaN,NaN,NaN,NaN,NaN,NaN,NaN,NaN,NaN,NaN,NaN,NaN,NaN,NaN,NaN,NaN,NaN,NaN,NaN,NaN,NaN,NaN,NaN,NaN,NaN,NaN,NaN,NaN,NaN,H1801000103,100,1511060,20905,11679,11554,2886,2994,4027,NaN,109850,1984,15944600,978586,120080,NaN,777184,43272,NaN,8000910,1677740,837025,NaN,708183,29773,NaN,3837550,253094,722965,15241,710362,1659380,0.911,0.013,0.007,0.007,0.002,0.002,1.23,354,162.46,24631.5,31737871,0.502,0.031,0.004,0,0.001,0,0.252,0.053,0.026,0,0.001,0,0.121,0.008,0,6.139554,8142.161
07CF8L4,12.25,12,0.5,EKT225,MCC132,even fewer large aquatic moss macrofossils,1,1.08,5.58,0.177,1.861,0.313,3.407,0.922,7.638,1.258,6.161,0.967,4.686,0.458,1.753,0.2,0.579,0.09,0.13,0.26,0.22,0.17,0.08,0.05,25.1,3.2,8,9,MCC132 FAME,-251.5,2.6,4.1,3,2.8,-247.8,0.8,4.1,3,2.4,-217.8,0.2,4.5,3,2.6,-220.4,NaN,2.8,1,NaN,-240.1,5,4,3,3.7,-223.7,8.2,5,3,5.5,10.3,4.4,H1712000027,100,970010,10505,5813,6567,NaN,NaN,1489,2559,58611,1206,10393200,755373,86206,14112,618129,29530,NaN,6320770,1094570,560482,7927,545314,15799,NaN,2676790,167514,527276,10329,473322,1048388,0.925,0.01,0.006,0.006,0,0,1.15,432.9,163.74,33069.43,22132602,0.47,0.034,0.004,0.001,0.001,0,0.286,0.049,0.025,0,0.001,0,0.121,0.008,0,6.123988,8173.661
07CF8L4,12.75,12.5,0.5,EKT224,MCC109,even fewer large aquatic moss macrofossils,1,1.09,6.21,1.403,1.909,0.918,6.737,4.416,27.364,6.248,23.39,4.187,14.269,1.938,4.853,0.53,1.182,0.03,0.09,0.34,0.29,0.18,0.06,0.02,25.4,3.9,1,3,MCC109 FAME,NaN,8,5,3,5.5,-249,1.2,3.5,3,2.2,-238.5,0.8,4.3,3,2.5,-233.1,1,3.9,3,2.3,-231.2,1,3.5,3,2.1,-224.3,2.6,4.3,3,2.9,23.7,3,H1801000228,100,1238260,10494,5631,6293,NaN,NaN,1213,4140,50276,3494,9883110,528886,89920,15531,445056,32092,NaN,6540960,1114710,563663,NaN,342246,21060,NaN,2936370,173549,657479,11118,632115,1310030,0.945,0.008,0.004,0.005,0,0,0.73,318.06,141.83,20972.16,21910968,0.451,0.024,0.004,0.001,0.001,0,0.299,0.051,0.026,0,0.001,0,0.134,0.008,0.001,6.871844,8204.315
07CF8L4,13.25,13,0.5,EKT223,MCC159,even fewer large aquatic moss macrofossils,1,1.023,6.4,4.496,5.761,2.886,19.9,13.546,77.465,18.268,69.582,13.188,44.115,6.177,16.322,1.726,4.046,0.02,0.08,0.33,0.3,0.19,0.07,0.01,25.5,4.4,2,15,MCC159 FAME,-251,2.5,3.9,3,2.6,-254.8,1.7,3.8,3,2.4,-241.8,1.1,3.7,3,2.2,-235.3,1.3,3.6,3,2.2,-232.6,0.5,3.5,3,2.1,-231,1,4.1,3,2.5,29.7,3.2,H1801000203,100,997867,7563,4354,4691,NaN,1618,1044,1688,33211,963,9641770,376664,82471,15791,336318,30820,NaN,7209030,836458,569831,NaN,242175,18843,NaN,2763680,142492,642902,10877,608147,1045339,0.955,0.007,0.004,0.004,0,0.002,0.53,348.68,97.09,19626.58,21698728,0.444,0.017,0.004,0.001,0.001,0,0.332,0.039,0.026,0,0.001,0,0.127,0.007,0.001,6.213286,8231.286
07CF8L4,13.75,13.5,0.5,EKT222,MCC137,even fewer large aquatic moss macrofossils,1,1.309,8.51,NaN,NaN,NaN,NaN,NaN,NaN,NaN,NaN,NaN,NaN,NaN,NaN,NaN,NaN,NaN,NaN,NaN,NaN,NaN,NaN,NaN,NaN,NaN,NaN,NaN,NaN,NaN,NaN,NaN,NaN,NaN,NaN,NaN,NaN,NaN,NaN,NaN,NaN,NaN,NaN,NaN,NaN,NaN,NaN,NaN,NaN,NaN,NaN,NaN,NaN,NaN,NaN,NaN,NaN,NaN,NaN,NaN,NaN,H1801000179,100,1448180,11157,4853,6637,NaN,NaN,1082,10933,40374,1304,14452600,625770,131020,24155,620710,45468,NaN,10488800,1450740,968814,NaN,459065,28775,NaN,4265010,208248,831245,15327,777547,1508734,0.96,0.007,0.003,0.004,0,0,0.4,321.44,155.15,18782.71,32704727,0.442,0.019,0.004,0.001,0.001,0,0.321,0.044,0.03,0,0.001,0,0.13,0.006,0,6.449804,8252.768
07CF8L4,14.25,14,0.5,EKT221,MCC108,even fewer large aquatic moss macrofossils,1,1.196,7.27,1.15,2.057,1.013,6.906,4.772,25.556,6.339,22.001,4.502,14.391,2.224,5.25,0.663,1.467,0.03,0.09,0.32,0.28,0.18,0.07,0.02,25.4,3.6,1,2,MCC108 FAME,NaN,5.4,5,3,4.2,-249.8,1.5,4.2,3,2.6,-243.2,0.8,4,3,2.3,-233.4,0.7,3.7,3,2.2,-234,0.7,3.5,3,2.1,-226.3,2.2,4.3,3,2.8,21.1,3.3,H1801000092,100,609964,3392,1762,1871,NaN,NaN,1150,NaN,NaN,13397,6245230,261490,50904,NaN,251507,17719,NaN,5226570,626714,403312,NaN,198149,10428,NaN,1718430,66908,279119,5639,328211,629774,0.969,0.005,0.003,0.003,0,0,0,372.7,44.88,18561.42,14633344,0.427,0.018,0.003,0,0.001,0,0.357,0.043,0.028,0,0.001,0,0.117,0.005,0,5.521209,8269.667
07CF8L4,14.75,14.5,0.5,EKT220,MCC120,very few aquatic moss macrofossils,1,1.152,6.65,1.348,2.028,0.997,6.851,4.839,26.481,6.543,22.12,4.588,13.449,1.976,4.327,0.527,1.086,0.03,0.09,0.34,0.29,0.18,0.06,0.02,25.3,3.6,2,7,MCC120 FAME,-254.1,1.3,3.2,2,2.5,-252.2,0.8,3.2,2,2.3,-244.5,0,3.1,2,2.2,-229.7,0.7,2.9,2,2.1,-231.1,1.9,2.9,2,2.5,-237,1.4,3.2,2,2.5,28.3,3.4,H1712000037,100,1123280,5740,2478,4054,NaN,NaN,2046,NaN,20605,830,10654000,408601,92984,NaN,489183,36492,NaN,9622290,1059310,738960,NaN,410054,14962,NaN,2808080,108458,497708,7300,557923,1156556,0.971,0.005,0.002,0.004,0,0,0.32,397.41,38.54,21727.29,25551436,0.417,0.016,0.004,0,0.001,0,0.377,0.041,0.029,0,0.001,0,0.11,0.004,0,5.022699,8290.466
07CF8L4,15.25,15,0.5,EKT219,MCC145,fewer aquatic moss macrofossils,2,0.917,5.13,5.238,4.77,2.049,14.729,9.95,58.52,14.693,53.587,11.912,36.961,6.026,14.935,1.852,3.424,0.02,0.08,0.32,0.29,0.2,0.08,0.02,25.6,4.2,3,13,MCC145 FAME,-249.5,2,4.3,3,2.8,-240.1,0.1,3.5,3,2,-240.3,0.5,3.7,3,2.1,-224.4,0.3,3.6,3,2.1,-224.7,1.7,3.5,3,2.2,-230.9,1.1,4.1,3,2.4,20.3,3,H1801000248,100,1021770,4993,2397,3490,NaN,NaN,NaN,NaN,16971,NaN,9975090,392657,90852,NaN,423039,27928,NaN,8604380,1003810,628264,NaN,348369,14986,NaN,2768390,99036,479838,7980,658960,1047224,0.976,0.005,0.002,0.003,0,0,0.28,390.77,39.67,20706.41,23613372,0.422,0.017,0.004,0,0.001,0,0.364,0.043,0.027,0,0.001,0,0.117,0.004,0,5.474522,8307.868
07CF8L4,15.75,15.5,0.5,EKT218,MCC161,fewer aquatic moss macrofossils,2,0.883,5.24,5.096,3.89,1.963,12.249,8.916,49.907,12.536,44.088,9.53,28.062,4.551,11.165,1.285,2.596,0.02,0.08,0.33,0.29,0.19,0.07,0.01,25.5,4.1,4,13,MCC161 FAME,-260.4,1.4,6.9,3,4.1,-250.3,1.5,6.2,3,3.7,-245.1,0.7,3.5,3,2.1,-229.9,0.7,3.5,3,2.1,-232.4,0.7,3.5,3,2.1,-232.9,6.2,6.1,3,5,23.9,4.2,H1801000226,100,948409,5220,NaN,2607,NaN,NaN,NaN,NaN,18915,NaN,10375100,398613,83485,21382,416204,30781,NaN,8454880,935897,586063,NaN,425581,15095,NaN,2851320,107758,553058,8351,692321,975151,0.973,0.005,0,0.003,0,0,0.31,390.28,0,22807.11,23868724,0.435,0.017,0.003,0.001,0.001,0,0.354,0.039,0.025,0,0.001,0,0.119,0.005,0,5.606996,8328.505
07CF8L4,16.25,16,0.5,EKT217,MCC149,fewer aquatic moss macrofossils,2,0.932,5.56,6.199,6.006,2.709,18.468,12.303,69.646,17.962,65.49,13.821,43.889,6.935,16.804,1.963,3.968,0.02,0.08,0.31,0.29,0.2,0.07,0.02,25.6,4.1,2,12,MCC149 FAME,-250.6,3.6,3.9,3,3,-250.7,0.8,3.8,3,2.3,-246.4,1,3.6,3,2.1,-230.7,0.9,3.5,3,2.1,-230.9,0.8,3.5,3,2.1,-232.4,3,3.9,3,2.8,26.5,3.1,H1801000188,100,1019730,6758,2885,3860,NaN,NaN,NaN,3126,23274,878,13040900,566445,96785,17476,408729,37406,NaN,9861260,862119,708355,NaN,316712,20096,NaN,3340790,116173,588020,9252,769951,1054501,0.967,0.006,0.003,0.004,0,0,0.32,399.5,83.74,18297.98,28677056,0.455,0.02,0.003,0.001,0.001,0,0.344,0.03,0.025,0,0.001,0,0.116,0.004,0,5.351172,8347.022
07CF8L4,16.75,16.5,0.5,EKT216,MCC121,moderate aquatic moss macrofossils,3,0.998,6.06,1.176,1.75,0.83,5.93,3.871,22.107,5.909,21.442,4.792,14.133,2.079,4.603,0.594,1.215,0.03,0.09,0.3,0.3,0.2,0.07,0.02,25.5,3.6,1,9,MCC121 FAME,NaN,1.3,5.1,3,3,-249.3,1.1,4.8,3,2.9,-246.9,1.2,3.7,3,2.2,-233.6,0.1,3.6,3,2.1,-229.2,2.4,3.6,3,2.5,-229,0.7,4.6,3,2.7,26.8,3.8,H1801000104,100,903246,7152,2479,4047,NaN,NaN,NaN,NaN,17692,NaN,13190100,507139,85897,NaN,NaN,31894,NaN,8516650,831973,648459,NaN,231591,17375,NaN,2945700,106835,506048,9374,666579,932138,0.969,0.008,0.003,0.004,0,0,0.27,404.4,37.28,11092.77,26891395,0.49,0.019,0.003,0,0.001,0,0.317,0.031,0.024,0,0.001,0,0.11,0.004,0,4.928734,8364.653
07CF8L4,17.25,17,0.5,EKT215,EKT215,moderate aquatic moss macrofossils,3,1.162,6.29,4.167,5.287,2.721,15.954,11.204,59.565,13.958,45.4,8.455,23.071,3.042,7.864,0.567,1.206,0.03,0.1,0.38,0.29,0.15,0.05,0,25.1,4.2,5,5,EKT215 FAME,-253.3,2,4.3,3,2.8,-247.3,1.4,3.6,3,2.2,-245.5,0.4,9.3,3,5.4,-230.6,0.4,5.9,3,3.4,-229.4,0.4,3.7,3,2.1,-242.6,2.1,3.8,2,3.1,23.8,3.1,H1712000009,100,1094280,6204,3537,3493,NaN,NaN,NaN,NaN,22651,637,13087900,351016,77107,15007,298460,35239,35239,8350920,976763,569187,NaN,243296,17780,NaN,2842170,115286,496321,4743,481519,1127265,0.971,0.006,0.003,0.003,0,0,0.4,473.14,63.21,18549.15,26478358,0.494,0.013,0.003,0.001,0.001,0.001,0.315,0.037,0.021,0,0.001,0,0.107,0.004,0,4.825629,8381.535
07CF8L4,17.75,17.5,0.5,EKT214,MCC144,fewer aquatic moss macrofossils,2,0.847,5.12,5.519,4.632,2.066,13.58,8.864,49.859,13.074,48.028,10.06,31.247,4.97,12.991,1.597,3.555,0.03,0.08,0.3,0.29,0.19,0.08,0.02,25.6,3.8,3,12,MCC144 FAME,-246.6,1.6,4.2,3,2.6,-237.5,0.9,3.5,3,2.1,-242.3,0.7,3.7,3,2.2,-227.7,0.1,3.6,3,2.1,-224.7,1.4,3.5,3,2.2,-232.8,0.9,4.1,3,2.4,16.7,3,H1801000232,100,969441,6995,2598,4160,NaN,NaN,NaN,NaN,18936,671,12045500,491256,68185,16183,296266,24257,NaN,6593420,968446,468492,NaN,237406,19783,NaN,2773730,117715,561079,10814,653250,1000203,0.969,0.007,0.003,0.004,0,0,0.34,426.64,46.97,19792.53,23597782,0.51,0.021,0.003,0.001,0.001,0,0.279,0.041,0.02,0,0.001,0,0.118,0.005,0,5.565596,8394.839
07CF8L4,18.25,18,0.5,EKT213,MCC125,fewer aquatic moss macrofossils,2,1.153,6.49,1.201,1.799,0.938,5.921,4.208,23.669,6.019,21.816,4.412,13.537,1.852,4.661,0.403,1.261,0.03,0.08,0.32,0.3,0.18,0.07,0.02,25.5,3.7,1,11,MCC125 FAME,NaN,5.4,5.2,3,4.3,-246.6,0.7,4.9,3,2.9,-246.4,0.3,3.7,3,2.2,-231.5,0.5,3.6,3,2.1,-229.7,0.8,3.6,3,2.1,-225.9,0.2,4.5,3,2.6,22.4,3.6,H1801000202,100,944902,9143,2890,4396,NaN,NaN,NaN,NaN,21272,769,13877800,486944,90747,18193,331664,35060,NaN,7757360,1022250,533016,274929,NaN,25243,NaN,3055620,116536,709308,12834,703005,980480,0.964,0.009,0.003,0.004,0,0,0.26,336.77,35.64,12838.43,27306530,0.508,0.018,0.003,0.001,0.001,0,0.284,0.037,0.02,0.01,0.001,0,0.112,0.004,0,5.215529,8405.166
07CF8L4,18.75,18.5,0.5,EKT212,MCC155,fewer aquatic moss macrofossils,2,1.021,6.17,5.576,5.44,2.893,18.113,12.383,66.73,18.254,64.249,14.438,41.811,6.85,16.562,2.374,4.337,0.02,0.08,0.31,0.3,0.19,0.07,0.02,25.6,3.9,2,14,MCC155 FAME,-248.4,0.3,3.9,3,2.3,-248.4,1.6,3.9,3,2.4,-245.1,0.3,3.6,3,2.1,-228,1.3,3.5,3,2.2,-225.2,0.3,3.6,3,2.1,-244.7,7.5,4,3,4.9,30.9,3.2,NaN,NaN,NaN,NaN,NaN,NaN,NaN,NaN,NaN,NaN,NaN,NaN,NaN,NaN,NaN,NaN,NaN,NaN,NaN,NaN,NaN,NaN,NaN,NaN,NaN,NaN,NaN,NaN,NaN,NaN,NaN,NaN,NaN,NaN,NaN,NaN,NaN,NaN,NaN,NaN,NaN,NaN,NaN,NaN,NaN,NaN,NaN,NaN,NaN,NaN,NaN,NaN,NaN,NaN,NaN,NaN,NaN,NaN,NaN,8419.464
07CF8L4,19.25,19,0.5,EKT211,MCC126,fewer aquatic moss macrofossils,2,0.946,5,1.223,2.043,1.066,6.6,4.656,24.714,6.468,21.921,4.84,13.504,2.038,4.399,0.54,1.143,0.03,0.09,0.33,0.29,0.18,0.06,0.02,25.4,3.4,1,12,MCC126 FAME,NaN,11.4,5.2,3,7.3,-244.6,0.9,5.1,3,3,-245.4,0.6,3.8,3,2.2,-232.4,0.3,3.7,3,2.1,-229.2,1.6,3.6,3,2.3,-223.6,2,4.4,3,2.8,20.4,3.7,H1801000109,100,253324,2583,NaN,1503,NaN,NaN,NaN,NaN,7367,NaN,4579820,161082,21152,NaN,126300,8667,NaN,2196010,281258,144618,NaN,116973,5943,NaN,910452,34965,288104,3461,256410,264777,0.957,0.01,0,0.006,0,0,0.3,344.28,0,21916.18,8347429,0.549,0.019,0.003,0,0.001,0,0.263,0.034,0.017,0,0.001,0,0.109,0.004,0,4.934576,8433.069
07CF8L4,19.75,19.5,0.5,EKT210,MCC119,moderate aquatic moss macrofossils,3,1.041,5.8,1.071,1.603,0.877,5.753,3.983,22.189,5.961,20.455,4.145,12.31,1.61,3.739,0.401,0.696,0.03,0.09,0.33,0.3,0.18,0.06,0.02,25.4,3.5,2,6,MCC119 FAME,-254.4,5.4,4,3,3.9,-248.3,1.9,3.9,3,2.5,-250,0.3,3.5,3,2,-234.4,0.4,3.5,3,2,-225.8,0.3,3.6,3,2.1,-238.5,3.3,4.1,3,3.1,29.9,3.2,H1712000026,100,233567,2573,NaN,1786,NaN,NaN,NaN,NaN,9560,NaN,4862200,147814,19007,159782,NaN,6904,NaN,2322300,361111,152752,NaN,158119,6076,NaN,972336,45712,180361,4116,181873,247485,0.944,0.01,0,0.007,0,0,0.5,478.37,0,17871.62,9060109,0.537,0.016,0.002,0.018,0.001,0,0.256,0.04,0.017,0,0.001,0,0.107,0.005,0,5.029868,8448.491
07CF8L4,20.25,20,0.5,EKT209,MCC133,moderate aquatic moss macrofossils,3,0.882,5.74,0.582,4.027,0.682,7.574,2.285,16.654,3.258,17.853,2.622,13.269,1.25,4.809,0.444,1.424,0.06,0.12,0.25,0.27,0.2,0.08,0.03,25.3,5.1,7,5,MCC133 FAME,-255.5,7.1,4.1,3,4.7,-249.1,1.9,4,3,2.6,-243.8,1.8,3.6,3,2.3,-246.6,0.9,3.6,3,2.1,-241.8,1,3.8,3,2.3,-254.7,2.9,4.7,3,3.2,9.8,3.4,H1801000249,100,635656,8053,2990,4181,NaN,NaN,NaN,2752,23991,1957,12967300,574295,63340,14638,408957,19723,NaN,6359720,965824,414844,NaN,278221,17840,NaN,2721520,131229,538176,14542,699478,673838,0.943,0.012,0.004,0.006,0,0,0.39,393.1,93.03,19851.01,24264815,0.534,0.024,0.003,0.001,0.001,0,0.262,0.04,0.017,0,0.001,0,0.112,0.005,0.001,5.283919,8458.763
07CF8L4,20.75,20.5,0.5,EKT208,MCC115,moderate aquatic moss macrofossils,3,0.903,5.41,1.005,1.574,0.884,5.864,4.171,25.699,6.086,22.411,4.726,15.704,2.179,5.166,0.635,1.516,0.02,0.08,0.32,0.28,0.2,0.07,0.02,25.6,3.8,1,6,MCC115 FAME,NaN,2.9,5.1,3,3.4,-248.5,2.5,4.6,3,3,-251.3,0.5,3.6,3,2.1,-245.7,0.7,3.6,3,2.1,-230.8,0.8,3.5,3,2.1,-226.8,2.4,4.5,3,3,23.5,3.7,H1801000213,100,594767,5572,2558,3498,NaN,NaN,NaN,NaN,21843,NaN,10266100,467759,50793,10802,15686,11503,NaN,4571210,692651,298699,NaN,132027,14036,NaN,2079850,98434,407625,9483,565986,625681,0.951,0.009,0.004,0.006,0,0,0.43,363.56,50.08,10871.63,18571320,0.553,0.025,0.003,0.001,0.001,0,0.246,0.037,0.016,0,0.001,0,0.112,0.005,0.001,5.253916,8472.083
07CF8L4,21.25,21,0.5,EKT207,MCC140,moderate aquatic moss macrofossils,3,1.069,6.3,4.596,6.588,2.43,18.045,10.475,60.539,16.053,62.872,11.974,40.029,5.735,15.644,1.83,4.147,0.03,0.09,0.29,0.3,0.19,0.08,0.02,25.6,4,2,10,MCC140 FAME,-252.4,3.8,3.9,3,3.2,-250.4,1,3.9,3,2.3,-254,0.3,3.6,3,2.1,-238.7,0.4,3.6,3,2.1,-230.3,3.6,3.5,3,2.9,-238.6,3.2,4,3,3,26.8,3.7,H1801000190,100,926555,12890,4955,6921,NaN,NaN,1487,1741,46321,1532,18087900,676373,78130,14623,364139,17868,NaN,8369320,1356580,587271,43380,202802,20361,NaN,3424910,157640,728911,12406,781149,995706,0.931,0.013,0.005,0.007,0,0,0.55,393.45,80.2,15522.06,32846762,0.551,0.021,0.002,0,0.001,0,0.255,0.041,0.018,0.001,0.001,0,0.104,0.005,0,4.753206,8484.987
07CF8L4,21.75,21.5,0.5,EKT206,MCC136,moderate aquatic moss macrofossils,3,1.161,7.19,3.544,7.229,2.411,18.954,10.37,63.479,15.552,62.194,12.034,41.366,5.963,16.408,2.089,4.529,0.04,0.09,0.29,0.29,0.19,0.08,0.02,25.5,4.2,1,15,MCC136 FAME,NaN,3.2,5.1,3,3.5,-252.3,1.3,4.5,3,2.7,-256.3,0.6,3.6,3,2.1,-240.4,0.9,3.6,3,2.1,-234,1.1,3.6,3,2.2,-227,7.2,4.6,3,4.9,24.4,3.5,H1801000094,100,1393320,13014,6817,8238,1834,NaN,1892,2254,59681,1759,23214900,1012590,104273,16854,574253,21190,NaN,11246700,1812980,890491,NaN,469977,26346,NaN,4589310,183504,1163730,14726,900014,1477904,0.943,0.009,0.005,0.006,0.001,0,0.57,412.65,104.33,21123.04,43133863,0.538,0.023,0.002,0,0,0,0.261,0.042,0.021,0,0.001,0,0.106,0.004,0,4.862011,8499.424
07CF8L4,22.25,22,0.5,EKT205,MCC111,moderate aquatic moss macrofossils,3,0.887,5.49,1.524,1.832,0.87,4.936,3.537,20.455,5.574,20.891,4.386,13.014,1.924,5.231,0.509,1.206,0.03,0.08,0.3,0.3,0.19,0.08,0.02,25.6,3.6,2,3,MCC111 FAME,-242.3,1.8,3.9,3,2.5,-252.3,0.6,3.8,3,2.2,-256.4,1,3.7,3,2.2,-233.2,0.3,3.6,3,2.1,-229.1,1.7,3.5,3,2.3,-238.3,2.7,3.9,3,2.7,31,3.2,NaN,NaN,NaN,NaN,NaN,NaN,NaN,NaN,NaN,NaN,NaN,NaN,NaN,NaN,NaN,NaN,NaN,NaN,NaN,NaN,NaN,NaN,NaN,NaN,NaN,NaN,NaN,NaN,NaN,NaN,NaN,NaN,NaN,NaN,NaN,NaN,NaN,NaN,NaN,NaN,NaN,NaN,NaN,NaN,NaN,NaN,NaN,NaN,NaN,NaN,NaN,NaN,NaN,NaN,NaN,NaN,NaN,NaN,NaN,8513.033
07CF8L4,22.75,22.5,0.5,EKT204,EKT204,moderate aquatic moss macrofossils,3,1.03,5.62,4.372,4.548,2.853,13.635,10.576,52.24,13.108,41.913,7.822,21.363,2.933,7.718,0.643,1.161,0.03,0.09,0.37,0.3,0.15,0.05,0,25.2,4,5,4,EKT204 FAME,-250.8,4.4,4.7,3,3.7,-245.7,2.2,3.6,3,2.4,-248.1,0.5,7.5,3,4.3,-232.3,0.3,5.3,3,3.1,-228.6,1.1,3.7,3,2.2,-248.6,1.7,5.1,3,3.1,22.6,3.3,H1801000239,100,569324,7825,4718,4345,NaN,NaN,1231,1512,38183,2474,16098900,694893,84645,NaN,693095,15694,NaN,9123360,1203910,951988,NaN,730913,21217,NaN,3364330,174512,611333,11035,692120,623382,0.913,0.013,0.008,0.007,0,0,0.54,445.12,87.35,28539.18,31744483,0.507,0.022,0.003,0,0,0,0.287,0.038,0.03,0,0.001,0,0.106,0.005,0,4.870328,8527.626
07CF8L4,23.25,23,0.5,EKT203,MCC157,moderate aquatic moss macrofossils,3,1.008,7.13,NaN,NaN,NaN,NaN,NaN,NaN,NaN,NaN,NaN,NaN,NaN,NaN,NaN,NaN,NaN,NaN,NaN,NaN,NaN,NaN,NaN,NaN,NaN,NaN,NaN,NaN,NaN,NaN,NaN,NaN,NaN,NaN,NaN,NaN,NaN,NaN,NaN,NaN,NaN,NaN,NaN,NaN,NaN,NaN,NaN,NaN,NaN,NaN,NaN,NaN,NaN,NaN,NaN,NaN,NaN,NaN,NaN,NaN,H1712000028,100,397177,4199,2339,3104,NaN,NaN,1183,NaN,19992,763,8226170,682065,27674,3269,214286,6399,NaN,4145290,557703,331933,5986,212012,9086,NaN,1482460,66534,421234,4326,302177,426418,0.931,0.01,0.005,0.007,0,0,0.66,510.7,76.83,27837.09,15548895,0.529,0.044,0.002,0,0,0,0.267,0.036,0.021,0,0.001,0,0.095,0.004,0,4.284048,8543.474
07CF8L4,23.75,23.5,0.5,EKT202,MCC113,moderate aquatic moss macrofossils,3,0.924,6.27,1.106,1.635,0.816,5.321,3.901,20.375,5.652,22.559,3.406,11.325,1.368,3.539,0.378,0.892,0.03,0.08,0.3,0.34,0.17,0.06,0.02,25.4,3.8,2,4,MCC113 FAME,-247.9,4.1,3.2,2,3.7,-253.7,1.3,3.2,2,2.5,-253.8,0.6,3,2,2.2,-237.4,1.4,2.9,2,2.3,-235.6,1.4,2.9,2,2.3,-248.8,1,3.2,2,2.4,24.2,3.4,H1801000215,100,586548,8814,3822,4974,NaN,NaN,1352,NaN,36581,1235,15195500,NaN,79711,NaN,677713,11098,NaN,8956110,1286610,909486,NaN,696294,18171,NaN,3145520,161469,650682,10743,657938,639504,0.917,0.014,0.006,0.008,0,0,0.6,489.54,62.84,33288.89,29774417,0.51,0,0.003,0,0,0,0.301,0.043,0.031,0,0.001,0,0.106,0.005,0,4.729708,8559.739
07CF8L4,24.25,24,0.5,EKT201,EKT201,moderate aquatic moss macrofossils,3,1.126,6.7,0.392,1.747,0.988,5.922,4.501,24.025,5.656,19.511,3.098,10.156,1.242,3.168,0.209,0.563,0.02,0.09,0.38,0.31,0.16,0.04,0,25.3,4.9,8,5,EKT201 FAME,-250,4.3,3.3,2,3.8,-249.5,1.6,3.7,2,2.9,-251.7,0.7,6.2,2,4.4,-240.2,1.4,3.8,2,2.8,-233.2,0.9,3.9,2,2.8,-245,0.8,3.8,2,2.8,21.7,4,H1801000189,100,436151,6995,2808,4329,NaN,NaN,NaN,NaN,27405,1474,12683100,479370,62016,NaN,372835,7904,NaN,6933560,1073940,667742,NaN,245000,15776,NaN,2432910,99781,520620,8146,590713,476354,0.916,0.015,0.006,0.009,0,0,0.41,367.85,42.22,17118.08,24464245,0.518,0.02,0.003,0,0,0,0.283,0.044,0.027,0,0.001,0,0.099,0.004,0,4.416121,8574.748
07CF8L4,24.75,24.5,0.5,EKT200,MCC130,moderate aquatic moss macrofossils,3,1.257,8.53,1.127,2.973,0.994,7.97,4.331,27.753,6.788,28.686,4.997,19.842,2.542,8.08,0.854,1.872,0.03,0.08,0.28,0.29,0.2,0.08,0.02,25.6,4.3,1,14,MCC130 FAME,NaN,2.1,5.2,3,3.2,-249.8,1.6,5.1,3,3.1,-257.8,0.4,3.7,3,2.1,-244.8,0.3,3.7,3,2.1,-242,2,3.5,3,2.3,-238,4,4.4,3,3.4,10.5,3.9,H1712000033,100,689325,9183,3101,5768,NaN,NaN,NaN,NaN,33856,793,16946100,649818,71720,161196,NaN,15510,NaN,9232710,1403320,608349,NaN,22116,17665,NaN,3579190,137902,556759,12490,606685,738925,0.933,0.012,0.004,0.008,0,0,0.44,430.65,40.67,7592.06,32835969,0.516,0.02,0.002,0.005,0,0,0.281,0.043,0.019,0,0.001,0,0.109,0.004,0,5.02737,8591.53
07CF8L4,25.25,25,0.5,EKT199,MCC147,moderate aquatic moss macrofossils,3,0.848,6.26,1.141,2.38,0.71,5.844,3.008,18.443,4.126,17.3,3.255,12.812,1.716,5.246,0.439,1.176,0.03,0.09,0.3,0.28,0.21,0.08,0.01,25.6,5.9,8,10,MCC147 FAME,-250.9,4,4,3,3.3,-251.6,1.3,4.6,3,2.7,-259.2,1.3,5.7,3,3.4,-247.8,0.9,4.8,3,2.8,-241.3,0.4,4.3,3,2.5,-244.6,1.3,4.2,3,2.5,13.8,3.7,H1801000235,100,556932,7142,2260,3633,NaN,NaN,NaN,NaN,20051,955,11969000,464227,61823,NaN,111887,12796,NaN,6757870,905050,589394,5544,21296,16695,NaN,2415010,83881,709063,9019,536989,588713,0.946,0.012,0.004,0.006,0,0,0.44,511.63,49.65,18502.1,23290308,0.514,0.02,0.003,0,0.001,0,0.29,0.039,0.025,0,0.001,0,0.104,0.004,0,4.617172,8609.207
07CF8L4,25.75,25.5,0.5,EKT198,MCC127,moderate aquatic moss macrofossils,3,1.065,6.82,1.626,2.041,1.063,6.883,5.081,26.979,6.316,22.793,4.579,14.596,2.339,5.925,0.676,1.333,0.03,0.09,0.33,0.28,0.18,0.08,0.02,25.5,3.7,1,13,MCC127 FAME,NaN,3.6,4.7,3,3.4,-254.9,0.6,4.1,3,2.4,-264.1,0.4,3.9,3,2.3,-244.2,0,3.6,3,2.1,-235,1.2,3.5,3,2.1,-240.4,12.6,4.5,3,7.7,26.7,3.2,H1801000195,100,928849,9814,3335,4873,NaN,NaN,1068,NaN,27973,549,15189600,507994,106322,16710,155228,27931,NaN,9777560,1241960,704558,NaN,36355,23142,NaN,3127840,105732,749011,12589,712174,973126,0.955,0.01,0.003,0.005,0,0,0.37,406.78,43.98,12405.59,30841939,0.492,0.016,0.003,0.001,0.001,0,0.317,0.04,0.023,0,0.001,0,0.101,0.003,0,4.467953,8627.344
07CF8L4,26.25,26,0.5,EKT197,MCC138,moderate aquatic moss macrofossils,3,1.128,8.47,0.057,1.239,0.142,2.01,0.281,2.873,0.362,2.481,0.231,2.269,0.138,0.823,0.063,0.266,0.12,0.16,0.21,0.19,0.17,0.09,0.06,24.9,2.5,10,4,MCC138 FAME,-240.2,1.2,4.4,3,2.7,-248.7,1.3,3.7,3,2.3,-237.3,0.9,3.7,3,2.2,-244.8,0.5,3.7,3,2.1,NaN,NaN,NaN,NaN,NaN,-249,3.3,4.3,3,3.2,NaN,NaN,H1801000176,100,1167770,8837,3615,6141,1051,NaN,1462,NaN,30731,578,16044800,719064,101344,16826,149611,27731,NaN,10468700,1083990,726374,NaN,49315,21948,NaN,3280100,102687,705022,9404,749374,1215518,0.961,0.007,0.003,0.005,0.001,0,0.36,385.71,55.2,10694.27,32602968,0.492,0.022,0.003,0.001,0.001,0,0.321,0.033,0.022,0,0.001,0,0.101,0.003,0,4.383632,8642.517
07CF8L4,26.75,26.5,0.5,EKT196,MCC152,some few aquatic moss macrofossils,2,1.273,7.09,1.254,1.786,0.927,5.926,4.255,25.032,6.031,22.878,4.172,14.881,1.793,5.222,0.393,1.091,0.02,0.07,0.34,0.31,0.2,0.06,0.01,25.6,5.1,2,13,MCC152 FAME,-247.5,2.3,3.9,3,2.6,-256,1.6,3.8,3,2.4,-263.1,1.5,3.6,3,2.3,-239.4,0.2,3.5,3,2.1,-226.8,1.4,3.5,3,2.2,-229,5.1,3.9,3,3.7,39.2,3.3,H1801000099,100,1264030,16412,7536,10250,1663,NaN,2164,3003,73328,NaN,17000600,1028450,183003,35934,201529,61247,NaN,10713900,1972310,780090,NaN,NaN,35385,NaN,3899930,168684,1081760,16705,776499,1366184,0.925,0.012,0.006,0.008,0.001,0,0.74,363.16,123.45,12983.12,35896239,0.474,0.029,0.005,0.001,0.002,0,0.298,0.055,0.022,0,0.001,0,0.109,0.005,0,5.201951,8658.917
07CF8L4,27.25,27,0.5,EKT195,EKT195,dropstone! Some few aquatic moss macrofossils,2,1.134,4.41,3.35,3.37,1.983,9.807,7.083,33.843,8.984,28.141,5.413,13.279,1.922,6.114,0.402,0.67,0.03,0.1,0.36,0.3,0.14,0.06,0,25.2,4,8,4,EKT195 FAME,-243,3.8,4.5,3,3.4,-250.2,0.9,4.3,3,2.5,-249.9,1.2,11.8,3,6.8,-232.5,1,7.4,3,4.3,-221.6,3.5,4.4,3,3.3,-226.1,3.2,4.4,3,3.1,38.2,4.1,H1712000010,100,473828,14667,6191,7055,NaN,NaN,1636,3313,74062,1475,9718090,482313,114159,17357,106362,38117,NaN,5488290,1087600,448261,NaN,33690,26355,NaN,2158290,114891,413673,14167,428158,572721,0.827,0.026,0.011,0.012,0,0,1.53,405.96,195.76,11406.03,19707891,0.493,0.024,0.006,0.001,0.002,0,0.278,0.055,0.023,0,0.001,0,0.11,0.006,0.001,5.316369,8674.5
07CF8L4,27.75,27.5,0.5,EKT194,MCC107,dropstone! No aquatic moss macrofossils,0,1.213,5.94,1.103,1.586,0.905,4.8,3.856,21.285,6.218,21.035,4.956,12.908,2.232,5.155,0.677,1.559,0.03,0.07,0.31,0.3,0.19,0.08,0.03,25.6,3.3,2,2,MCC107 FAME,-241.4,5.2,4,3,3.8,-246.8,2.9,3.9,3,2.8,-256.1,0.6,3.6,3,2.1,-235,0.2,3.5,3,2,-223.3,1.1,3.5,3,2.1,-229.5,4.2,3.9,3,3.3,31.2,3.5,H1801000257,100,462094,15109,7111,8506,NaN,NaN,1868,2788,70943,1380,10024700,558600,141034,20275,118990,43547,NaN,5540330,1172000,560151,16084,49197,29646,NaN,2294310,105038,607975,13491,492355,559900,0.825,0.027,0.013,0.015,0,0,1.19,343.45,165.69,12991.28,20519207,0.489,0.027,0.007,0.001,0.002,0,0.27,0.057,0.027,0.001,0.001,0,0.112,0.005,0.001,5.464909,8691.825
07CF8L4,28.25,28,0.5,EKT193,MCC150,fewer aquatic moss macrofossils,1,1.089,5.58,1.875,2.628,0.872,6.047,3.513,21.7,5.743,21.716,4.746,13.907,2.011,5.492,0.478,1.177,0.03,0.08,0.31,0.31,0.19,0.07,0.01,25.6,4.8,7,7,MCC150 FAME,-242.6,5.9,4.9,3,4.4,-251.9,0.8,4.1,3,2.4,-254.2,0,3.6,3,2.1,-237.2,0.3,3.6,3,2.1,-232,0.8,4.1,3,2.4,-231.2,3.5,5,3,3.5,26.6,3.4,H1801000222,100,507014,15100,6588,7818,NaN,NaN,1384,2494,64662,NaN,11067300,664803,162923,22788,137859,48498,NaN,6664820,1124280,760125,NaN,51999,33216,NaN,2736870,141281,564888,15494,625637,595978,0.851,0.025,0.011,0.013,0,0,0.95,344.09,133.31,11078.24,23442398,0.472,0.028,0.007,0.001,0.002,0,0.284,0.048,0.032,0,0.001,0,0.117,0.006,0.001,5.753507,8709.661
07CF8L4,28.75,28.5,0.5,EKT192,MCC122,fewer aquatic moss macrofossils,1,1.111,6.1,1.151,1.499,0.752,4.036,3.471,20.9,5.536,23.984,4.978,14.715,1.99,4.948,0.5,0.985,0.03,0.06,0.29,0.33,0.2,0.07,0.02,25.7,3.7,1,10,MCC122 FAME,NaN,0.9,4.8,3,2.8,-253,2.4,4.5,3,3,-263,0.9,3.6,3,2.2,-241.3,0.8,3.6,3,2.1,-232.5,2.3,3.5,3,2.4,-233.8,0.9,4.3,3,2.5,27.6,3.8,H1801000180,100,609889,12820,4794,7974,NaN,NaN,NaN,NaN,49600,NaN,11970000,635907,133153,22282,172994,33666,NaN,7965270,1082770,720699,NaN,45501,25764,NaN,3290390,151795,493695,14320,658188,680283,0.897,0.019,0.007,0.012,0,0,0.68,356.06,65.54,9735.89,26046015,0.46,0.024,0.005,0.001,0.001,0,0.306,0.042,0.028,0,0.001,0,0.126,0.006,0.001,6.207581,8726.038
07CF8L4,29.25,29,0.5,EKT191,MCC129,moderate aquatic moss macrofossils,3,1.113,7.17,0.896,5.609,1.069,10.51,3.449,26.63,5.843,30.126,5.25,24.824,2.772,10.002,0.953,2.833,0.05,0.1,0.24,0.27,0.22,0.09,0.03,25.6,5.1,4,9,MCC129 FAME,-251.5,3.1,6.4,3,4.1,-255.2,3.7,5.6,3,3.9,-253.5,1,3.5,3,2.1,-247.8,1.4,3.5,3,2.2,-250.6,2.4,3.6,3,2.5,-251.6,2.6,6.3,3,3.9,6.3,4.6,H1801000105,100,714019,12423,5095,7907,NaN,NaN,NaN,NaN,45800,1127,18339700,922543,127919,21757,207964,34405,NaN,11184700,1733370,874172,NaN,NaN,32511,NaN,4639650,216428,1131250,21041,734935,781275,0.914,0.016,0.007,0.01,0,0,0.56,466.18,62.26,16365.39,38148196,0.481,0.024,0.003,0.001,0.001,0,0.293,0.045,0.023,0,0.001,0,0.122,0.006,0.001,5.923563,8743.047
07CF8L4,29.75,29.5,0.5,EKT190,MCC116,moderate aquatic moss macrofossils,3,1.226,7.38,0.983,2.354,1.013,7.128,4.161,24.518,6.987,28.316,5.141,17.401,2.446,7.687,0.733,1.619,0.03,0.08,0.27,0.31,0.19,0.09,0.02,25.7,3.9,1,7,MCC116 FAME,NaN,9.1,5.1,3,6,-246.5,2.8,3.6,3,2.6,-255.7,0.9,3.8,3,2.2,-242.2,0.6,3.8,3,2.2,-231.9,1.3,3.5,3,2.2,-231.8,2.1,4.3,3,2.8,19.3,3.4,H1712000038,100,595504,7739,3251,5124,NaN,NaN,1354,NaN,34139,615,8686500,506371,58036,10594,77803,17956,NaN,4816180,1053440,384857,NaN,49267,13033,NaN,1974110,98348,400943,7993,323945,644474,0.924,0.012,0.005,0.008,0,0,0.86,443.79,81.86,13293.19,17627417,0.493,0.029,0.003,0.001,0.001,0,0.273,0.06,0.022,0,0.001,0,0.112,0.006,0,5.478037,8761.984
07CF8L4,30.25,30,0.5,EKT189,MCC160,no large aquatic moss macrofossils,0,1.368,5.91,4.997,5.799,2.601,14.214,10.028,60.34,16.032,63.937,12.439,33.793,5.688,17.632,1.752,3.483,0.03,0.07,0.31,0.32,0.17,0.09,0.01,25.6,4.2,3,16,MCC160 FAME,-240.3,2.9,4.4,3,3.1,-249.7,4.3,4.2,3,3.5,-255.2,0.4,3.7,3,2.1,-231.8,0.3,3.7,3,2.1,-212.4,1.7,3.6,3,2.3,-224.6,6.5,4.5,3,4.5,49.7,4.2,H1801000236,100,551679,17983,8943,10392,2033,NaN,2163,3197,104919,NaN,12561500,886089,135393,NaN,158410,48583,NaN,6803920,1568550,654238,76062,82539,37073,NaN,3162100,208016,647731,20021,594260,687135,0.803,0.026,0.013,0.015,0.003,0,1.29,321.87,174.38,10933.73,26161545,0.48,0.034,0.005,0,0.002,0,0.26,0.06,0.025,0.003,0.001,0,0.121,0.008,0.001,6.285606,8779.388
07CF8L4,30.75,30.5,0.5,EKT188,MCC112,no large aquatic moss macrofossils,0,1.165,5.46,1.074,1.741,0.84,4.681,3.791,23.585,6.014,23.125,5.23,13.564,2.281,6.268,0.615,1.457,0.03,0.07,0.31,0.31,0.18,0.09,0.02,25.7,3.6,1,5,MCC112 FAME,NaN,2,5,3,3.1,-255.7,3.2,4.6,3,3.3,-269.3,0.2,3.9,3,2.2,-239.6,0.2,3.7,3,2.2,-224.5,0.8,3.5,3,2.1,-222.3,0.8,4.3,3,2.6,41.9,3.9,H1801000216,100,392215,9730,3604,5600,NaN,NaN,1444,NaN,37223,692,8001900,492235,98848,12592,NaN,32540,NaN,4676520,822111,480640,NaN,78920,28438,NaN,1713760,81598,368897,10476,422458,446904,0.878,0.022,0.008,0.013,0,0,0.76,334.3,73.23,9099.8,16451658,0.486,0.03,0.006,0.001,0.002,0,0.284,0.05,0.029,0,0.002,0,0.104,0.005,0.001,4.932005,8797.424
07CF8L4,31.25,31,0.5,EKT187,MCC143,no large aquatic moss macrofossils,0,1.257,6.34,1.582,2.069,0.846,5.332,3.925,27.031,6.485,26.775,5.698,17.303,3.11,8.537,0.99,2.114,0.03,0.06,0.3,0.3,0.19,0.1,0.03,25.8,3.8,1,16,MCC143 FAME,NaN,1.3,4.8,3,2.9,-252.6,2.2,4.6,3,3,-271.5,0.9,3.9,3,2.3,-241.8,1.3,3.8,3,2.3,-226.7,0.2,3.5,3,2,-230.2,1.7,4.3,3,2.7,34.6,3.6,H1801000186,100,826855,16743,6271,10149,NaN,NaN,1833,2444,58456,1691,13861100,819781,196454,38248,173468,72442,NaN,8771550,1577320,932159,NaN,111486,37537,NaN,3315010,179482,750573,17380,641418,915726,0.903,0.018,0.007,0.011,0,0,0.73,369.87,108.1,12844.77,29818462,0.465,0.027,0.007,0.001,0.002,0,0.294,0.053,0.031,0,0.001,0,0.111,0.006,0.001,5.440971,8816.456
07CF8L4,31.75,31.5,0.5,EKT186,MCC128,no large aquatic moss macrofossils,0,1.084,5.41,5.758,6.282,3.019,15.685,12.43,75.909,17.032,61.95,12.863,31.556,5.661,15.901,1.577,3.037,0.03,0.08,0.36,0.29,0.15,0.08,0.02,25.4,3.8,3,11,MCC128 FAME,-250.1,1.1,4.2,3,2.5,-251.4,2,4.3,3,2.7,-265.6,0.5,3.7,3,2.1,-233.9,0.7,3.5,3,2.1,-215.4,0.8,3.5,3,2.1,-221.5,2.2,4.4,3,2.8,48.1,3.4,H1801000096,100,923662,14516,5965,9187,1521,NaN,1002,2245,52141,1298,13133300,871050,183203,30857,196518,65526,NaN,9016950,1731280,975060,NaN,99758,46417,NaN,3285360,171817,654362,14789,819211,1001806,0.922,0.014,0.006,0.009,0.002,0,0.59,332.63,109.62,10709.73,29525608,0.445,0.03,0.006,0.001,0.002,0,0.305,0.059,0.033,0,0.002,0,0.111,0.006,0.001,5.485234,8836.083
07CF8L4,32.25,32,0.5,EKT185,MCC154,no large aquatic moss macrofossils,0,1.056,6.21,5.397,4.852,2.449,12.223,10.521,64.644,14.555,54.505,11.105,4.799,13.484,1.04,2.063,3.346,0.03,0.08,0.45,0.38,0.03,0,0.02,24.6,2.7,10,5,MCC154 FAME,-241.5,4.4,4.2,3,3.5,-252,0.8,3.8,3,2.2,-261.1,0.6,7.8,3,4.5,-230.5,0.6,5.5,3,3.2,NaN,NaN,NaN,NaN,NaN,-227.7,5.8,4.3,3,4.2,NaN,NaN,H1712000024,100,788171,10716,4202,8010,NaN,NaN,1314,NaN,39840,2354,10432700,653027,136555,25134,120511,38754,NaN,7234940,1366090,760110,15365,15875,23094,NaN,2491610,126669,483239,11804,533310,850405,0.927,0.013,0.005,0.009,0,0,0.71,413.97,74.61,11001.3,23315852,0.447,0.028,0.006,0.001,0.002,0,0.31,0.059,0.033,0.001,0.001,0,0.107,0.005,0.001,5.174116,8857.969
07CF8L4,32.75,32.5,0.5,EKT184,MCC139,no large aquatic moss macrofossils,0,1.161,6.34,1.128,3.032,0.776,6.407,3.268,22.808,4.762,21.031,4.208,13.996,2.135,6.491,0.758,1.883,0.04,0.09,0.3,0.27,0.18,0.09,0.03,25.5,4.2,7,6,MCC139 FAME,-250.9,2,4.9,3,3,-259.8,2.3,4.2,3,2.8,-268,0.5,3.6,3,2.1,-242.4,2,3.6,3,2.4,-236.3,1.6,4,3,2.5,-238.5,9.4,5.2,3,6.2,31.8,3.7,H1801000229,100,842614,12850,4928,8326,NaN,NaN,1240,2185,44606,NaN,11404800,792799,143517,18634,147262,28210,NaN,8596410,1748800,1047770,NaN,77469,33880,NaN,2990240,162799,469366,18503,617543,909636,0.926,0.014,0.005,0.009,0,0,0.62,376.32,99.18,9679.18,26986361,0.423,0.029,0.005,0.001,0.001,0,0.319,0.065,0.039,0,0.001,0,0.111,0.006,0.001,5.51049,8881.877
07CF8L4,33.25,33,0.5,EKT183,MCC117,no large aquatic moss macrofossils,0,1.093,5.81,3.388,4.999,2.441,13.511,11.812,74.417,17.497,69.065,14.21,40.103,6.979,20.715,2.85,5.958,0.02,0.06,0.32,0.3,0.17,0.09,0.03,25.7,3.9,2,5,MCC117 FAME,-247.4,3.7,4,3,3.1,-264.4,1.5,4,3,2.5,-278.2,0.6,3.7,3,2.1,-238.4,1.7,3.6,3,2.3,-223.1,1.4,3.6,3,2.2,-228.8,2.2,4,3,2.7,56.2,3.3,H1801000212,100,564236,11313,4358,7070,NaN,3500,1148,1640,36234,781,8933210,547118,113633,15707,119518,23591,NaN,7327430,1442310,893237,NaN,28740,27168,NaN,2739620,157241,335922,13049,520896,620783,0.909,0.018,0.007,0.011,0,0.006,0.64,390.46,105.34,8503.16,22233314,0.402,0.025,0.005,0.001,0.001,0,0.33,0.065,0.04,0,0.001,0,0.123,0.007,0.001,6.299552,8904.384
07CF8L4,33.75,33.5,0.5,EKT182,EKT182,no large aquatic moss macrofossils,0,0.987,4.42,4.328,3.829,2.076,9.305,8.488,46.532,10.152,36.141,7.14,17.629,2.927,9.622,0.516,1.031,0.03,0.07,0.38,0.3,0.14,0.08,0,25.4,4.2,8,13,NaN,NaN,NaN,NaN,NaN,NaN,NaN,NaN,NaN,NaN,NaN,NaN,NaN,NaN,NaN,NaN,NaN,NaN,NaN,NaN,NaN,NaN,NaN,NaN,NaN,NaN,NaN,NaN,NaN,NaN,NaN,NaN,0,H1801000173,100,386424,6733,3360,4404,NaN,NaN,1073,1360,30419,823,6941180,493582,84923,11532,111095,17731,NaN,6104980,1181130,712412,NaN,29328,23507,NaN,2243810,121327,287116,8881,567789,429876,0.899,0.016,0.008,0.01,0,0,0.54,320.27,84.26,7630.53,17944996,0.387,0.028,0.005,0.001,0.001,0,0.34,0.066,0.04,0,0.001,0,0.125,0.007,0,6.417599,8924.747
07CF8L4,34.25,34,0.5,EKT181,MCC114,no large aquatic moss macrofossils,0,1.045,5.33,3.957,4.359,2.325,12.3,10.816,63.753,15.518,56.87,12.388,33.598,6.211,19.254,1.871,3.928,0.02,0.06,0.33,0.29,0.17,0.1,0.02,25.7,3.7,3,10,MCC114 FAME,-250.5,2.5,4.5,3,3,-265.6,1.5,4.1,3,2.5,-273.2,0.2,3.7,3,2.1,-236.9,0.1,3.6,3,2.1,-222.9,0.6,3.6,3,2.1,-227.5,1.9,4.1,3,2.6,58.1,3.3,H1801000106,100,396647,7958,2952,5852,NaN,NaN,1089,NaN,29474,3154,7066920,469581,64815,119679,12735,16008,NaN,6130210,1082470,650972,NaN,NaN,19546,NaN,2130940,108307,240305,8627,566208,444172,0.893,0.018,0.007,0.013,0,0,0.5,301.98,49.89,4276.5,17868074,0.396,0.026,0.004,0.007,0.001,0,0.343,0.061,0.036,0,0.001,0,0.119,0.006,0,5.999531,8943.983
07CF8L4,34.75,34.5,0.5,EKT180,MCC151,very few aquatic moss macrofossils (still several but not enough to create drag),1,0.889,5.44,2.365,3.209,0.989,7.324,4.228,28.613,6.269,27.061,5.369,18.132,2.934,11.86,0.711,1.952,0.03,0.07,0.3,0.28,0.19,0.12,0.01,25.8,5.4,8,11,MCC151 FAME,-257.1,0.6,4,3,2.4,-252.9,0.7,4.9,3,2.9,-272.1,0.4,5,3,2.9,-247,0.4,4.3,3,2.5,-229.7,1.5,4.8,3,2.9,-254.9,20.6,4.5,3,12.2,31,4.1,H1712000023,100,341862,6341,3838,5542,NaN,NaN,1019,1650,34194,746,7215850,412372,72234,12351,102636,15418,NaN,6670000,1401850,612005,NaN,31675,13944,NaN,2143240,86060,180292,6342,411125,389704,0.877,0.016,0.01,0.014,0,0,0.94,510.62,150.17,8608.19,18661666,0.387,0.022,0.004,0.001,0.001,0,0.357,0.075,0.033,0,0.001,0,0.115,0.005,0,5.663537,8969.539
07CF8L4,35.25,35,0.5,EKT179,MCC156,very few aquatic moss macrofossils (still several but not enough to create drag),1,1.247,8.93,5.186,5.766,2.547,14.01,11.359,65.827,14.77,59.27,12.563,36.014,6.13,24.313,1.616,5.016,0.03,0.07,0.32,0.28,0.17,0.12,0.02,25.8,4.4,3,15,MCC156 FAME,-240.3,0.9,4.1,3,2.4,-252.1,0.7,3.5,3,2.1,-268.3,0.9,3.9,3,2.3,-232.4,0.7,3.6,3,2.2,-216.3,0.9,3.5,3,2.1,-224,1.2,4,3,2.4,47.9,3,H1801000251,100,889636,12186,5881,9289,NaN,NaN,1778,2285,58143,NaN,9770840,553600,86973,10659,166782,17556,NaN,12455300,1412520,971854,NaN,74603,18988,NaN,3385620,123769,565269,8797,617798,971033,0.916,0.013,0.006,0.01,0,0,0.75,374.17,106.03,10474.02,28816476,0.339,0.019,0.003,0,0.001,0,0.432,0.049,0.034,0,0.001,0,0.117,0.004,0,5.557156,8991.666
07CF8L4,35.75,35.5,0.5,EKT178,EKT178,very few aquatic moss macrofossils (still several but not enough to create drag),1,1.035,5.03,4.207,4.244,2.034,9.397,7.904,42.028,8.462,30.035,5.227,13.315,2.053,9.863,0.342,0.665,0.03,0.08,0.39,0.28,0.12,0.09,0,25.3,4.6,8,3,EKT178 FAME,-250.9,1.1,4.1,3,2.5,-273.8,0.9,4.5,3,2.6,-279.2,0.5,10.7,3,6.2,-244.5,0.2,6.3,3,3.6,-225.9,2.3,4.7,3,3,-243.7,5.8,4.6,3,4.3,66,4,H1801000201,100,642520,9999,4952,6559,NaN,NaN,1093,2215,50484,1245,10821200,492262,103923,13783,132013,20811,NaN,12913400,1428050,1221400,NaN,103371,26829,NaN,3399940,121909,350113,8942,769536,711900,0.903,0.014,0.007,0.009,0,0,0.63,383.9,89.99,7352.15,30572449,0.354,0.016,0.003,0,0.001,0,0.422,0.047,0.04,0,0.001,0,0.111,0.004,0,5.12181,9011.598
07CF8L4,36.25,36,0.5,EKT177,EKT177,very few aquatic moss macrofossils (still several but not enough to create drag),1,1.096,5.71,3.041,3.436,1.656,7.79,6.553,34.075,7.501,25.739,4.786,11.765,1.71,8.902,0.29,0.501,0.03,0.08,0.38,0.29,0.13,0.09,0,25.4,4.6,NaN,NaN,EKT177 FAME,-251.7,2.2,4,3,2.6,-267.1,1.7,4.5,3,2.8,-273.6,1.1,9.7,3,5.6,-240.1,0.3,5.7,3,3.3,-220.9,0.3,4.7,3,2.7,-244.9,9.5,4.5,3,6.1,63.1,3.9,H1801000172,100,591055,12168,6204,8637,NaN,NaN,1188,2244,65400,NaN,12278000,678659,118963,9522,133828,20023,NaN,12104200,1576790,1345640,NaN,98306,25969,NaN,3641520,141157,382970,9803,749507,678448,0.871,0.018,0.009,0.013,0,0,0.8,388.87,102.83,7486.58,31950247,0.384,0.021,0.004,0,0.001,0,0.379,0.049,0.042,0,0.001,0,0.114,0.004,0,5.375707,9035.279
07CF8L4,36.75,36.5,0.5,EKT176,MCC142,very few aquatic moss macrofossils (still several but not enough to create drag),1,1.01,5.62,3.822,9.011,4.043,22.601,12.495,77.19,23.276,106.604,20.648,66.877,9.026,24.199,2.032,5.019,0.03,0.07,0.25,0.34,0.21,0.08,0.02,25.8,4.2,8,2,NaN,NaN,NaN,NaN,NaN,NaN,NaN,NaN,NaN,NaN,NaN,NaN,NaN,NaN,NaN,NaN,NaN,NaN,NaN,NaN,NaN,NaN,NaN,NaN,NaN,NaN,NaN,NaN,NaN,NaN,NaN,NaN,0,H1801000095,100,597952,18040,8047,12503,1555,NaN,1736,3609,85233,1849,11396500,712598,111222,14191,154967,17256,NaN,10820300,1400300,1216120,NaN,77836,23585,NaN,3446450,128049,390991,9063,868540,717313,0.834,0.025,0.011,0.017,0.002,0,0.97,333.87,150.56,7109.01,29295634,0.389,0.024,0.004,0,0.001,0,0.369,0.048,0.042,0,0.001,0,0.118,0.004,0,5.609511,9057.28
07CF8L4,37.25,37,0.5,EKT175,MCC146,more aquatic moss macrofossils moderate drag when sampling,3,1.036,6.47,2.827,4.571,1.333,10.01,5.894,37.05,8.339,37.282,7.519,24.696,3.909,14.828,1.183,2.757,0.03,0.07,0.29,0.29,0.19,0.11,0.02,25.8,5,4,11,MCC146 FAME,-257.9,1.3,5.6,3,3.3,-265.9,3.3,3.6,3,2.8,-274.1,0.4,3.7,3,2.2,-237.4,1.8,3.6,3,2.4,-229.3,1.7,3.5,3,2.3,-234.9,5,6,3,4.5,49.9,3.6,H1712000034,100,434277,12454,5764,9035,NaN,NaN,1357,2417,64611,1939,8514500,500183,72659,10359,95142,9992,1535,7277980,1283260,779180,44920,240337,32681,NaN,2285640,91924,249271,7128,545396,523673,0.829,0.024,0.011,0.017,0,0,1.14,370.14,144.81,10349.9,20911940,0.407,0.024,0.003,0,0,0,0.348,0.061,0.037,0.002,0.002,0,0.109,0.004,0,5.22016,9079.024
07CF8L4,37.75,37.5,0.5,EKT174,EKT174,more aquatic moss macrofossils moderate drag when sampling,3,0.938,4.48,3.811,3.965,1.843,8.751,6.781,35.406,7.913,29.683,5.451,15.179,2.109,8.609,0.326,0.899,0.03,0.08,0.35,0.3,0.15,0.08,0,25.4,4.6,7,2,EKT174 FAME,-258.4,4.5,4.1,3,3.5,-263.9,0.2,3.7,3,2.1,-276.8,0.3,3.8,3,2.2,-242,0.5,3.6,3,2.1,-222.8,4.2,3.9,3,3.3,-250.4,8.2,5,3,5.5,55.9,3.9,H1801000243,100,490487,10432,6186,7223,1524,NaN,1366,3002,64142,2443,7715020,550109,48991,788,89985,8414,NaN,6297410,990097,575985,NaN,48175,13593,NaN,2447880,97383,233004,5882,603452,576093,0.851,0.018,0.011,0.013,0.003,0,1.13,331.15,189.17,6554.64,18751552,0.411,0.029,0.003,0,0,0,0.336,0.053,0.031,0,0.001,0,0.131,0.005,0,6.517662,9099.77
07CF8L4,38.25,38,0.5,EKT173,MCC158,more aquatic moss macrofossils moderate drag when sampling,3,0.803,5.09,4.75,3.654,1.964,8.911,7.771,42.603,11.606,48.163,10.479,32.819,5.076,15.01,1.589,3.315,0.02,0.06,0.28,0.32,0.21,0.1,0.02,25.9,4.2,4,12,MCC158 FAME,NaN,NaN,NaN,NaN,NaN,-274.5,0.5,5.6,3,3.3,-275.1,1.2,3.5,3,2.1,-244.9,0.4,3.5,3,2,-237.3,1.9,3.5,3,2.3,-248.4,1.9,5.6,3,3.4,51.3,4,H1801000197,100,391199,10866,5780,6750,NaN,4058,1180,2467,54971,1222,7927480,548484,52466,6656,86595,7969,NaN,6556250,1083870,555337,NaN,21440,18626,NaN,2405430,105445,239091,7782,613353,466187,0.839,0.023,0.012,0.014,0,0.009,1.12,391.37,167.44,7048,19275795,0.411,0.028,0.003,0,0,0,0.34,0.056,0.029,0,0.001,0,0.125,0.005,0,6.21329,9121.455
07CF8L4,38.75,38.5,0.5,EKT172,MCC118,more aquatic moss macrofossils moderate drag when sampling,3,1.018,6.24,1.739,2.049,1.156,6.976,5.458,29.634,7.661,27.176,5.603,15.213,2.434,5.894,0.711,1.281,0.03,0.08,0.33,0.3,0.17,0.07,0.02,25.5,3.5,1,8,MCC118 FAME,NaN,1,5.1,3,3,-262.9,1.6,4.3,3,2.6,-277.9,0.3,3.6,3,2.1,-244.4,0.7,3.7,3,2.1,-237.5,0.7,3.5,3,2.1,-256.2,12.9,6.5,6,5.9,34.4,3.3,H1801000182,100,591934,16418,8279,10476,NaN,NaN,2001,3440,81519,NaN,11528900,661240,65440,7357,142701,6727,NaN,8728850,1427020,809175,17148,28684,25510,NaN,3437900,136406,355284,11289,635166,702348,0.843,0.023,0.012,0.015,0,0,1.26,415.31,181.18,8142.42,26862963,0.429,0.025,0.002,0,0,0,0.325,0.053,0.03,0.001,0.001,0,0.128,0.005,0,6.325239,9144.044
07CF8L4,39.25,39,0.5,EKT171,MCC131,more aquatic moss macrofossils moderate drag when sampling,3,1.139,7.61,NaN,NaN,NaN,NaN,NaN,NaN,NaN,NaN,NaN,NaN,NaN,NaN,NaN,NaN,NaN,NaN,NaN,NaN,NaN,NaN,NaN,NaN,NaN,NaN,NaN,NaN,NaN,NaN,NaN,NaN,NaN,NaN,NaN,NaN,NaN,NaN,NaN,NaN,NaN,NaN,NaN,NaN,NaN,NaN,NaN,NaN,NaN,NaN,NaN,NaN,NaN,NaN,NaN,NaN,NaN,NaN,NaN,NaN,H1801000101,100,818963,28098,16173,18499,4974,NaN,3203,6760,150918,2686,16291100,827779,104163,14169,240109,10384,NaN,12142700,2038620,1299260,NaN,NaN,40194,NaN,4559010,184392,589941,13858,841451,1022367,0.801,0.027,0.016,0.018,0.005,0,NaN,NaN,NaN,NaN,37525628,0.434,0.022,0.003,0,0,0,0.324,0.054,0.035,0,0.001,0,0.121,0.005,0,5.903372,9166.248
07CF8L4,39.75,39.5,0.5,EKT170,EKT170,fewer aquatic moss macrofossils,2,0.54,2.4,NaN,NaN,NaN,NaN,NaN,NaN,NaN,NaN,NaN,NaN,NaN,NaN,NaN,NaN,NaN,NaN,NaN,NaN,NaN,NaN,NaN,NaN,NaN,NaN,NaN,NaN,NaN,NaN,NaN,NaN,NaN,NaN,NaN,NaN,NaN,NaN,NaN,NaN,NaN,NaN,NaN,NaN,NaN,NaN,NaN,NaN,NaN,NaN,NaN,NaN,NaN,NaN,NaN,NaN,NaN,NaN,NaN,NaN,H1712000031,100,96416,4082,4082,2788,NaN,NaN,1086,NaN,24665,688,1739880,77723,10320,882,23931,1647,NaN,1143040,189965,108897,NaN,9927,3305,NaN,457995,18558,81520,1598,NaN,129724,0.743,0.031,0.031,0.021,0,0,NaN,NaN,NaN,NaN,3753810,0.463,0.021,0.003,0,0,0,0.305,0.051,0.029,0,0.001,0,0.122,0.005,0,NaN,9188.855
07CF8L4,40.25,40,0.5,EKT169,EKT169,fewer aquatic moss macrofossils,2,0.792,5.6,NaN,NaN,NaN,NaN,NaN,NaN,NaN,NaN,NaN,NaN,NaN,NaN,NaN,NaN,NaN,NaN,NaN,NaN,NaN,NaN,NaN,NaN,NaN,NaN,NaN,NaN,NaN,NaN,NaN,NaN,NaN,NaN,NaN,NaN,NaN,NaN,NaN,NaN,NaN,NaN,NaN,NaN,NaN,NaN,NaN,NaN,NaN,NaN,NaN,NaN,NaN,NaN,NaN,NaN,NaN,NaN,NaN,NaN,H1801000227,100,231703,8753,5656,5578,NaN,NaN,1449,2726,56660,NaN,4880660,246285,26882,1265,49757,3144,NaN,2877370,553324,276741,NaN,22135,6686,NaN,1195340,44959,162837,3597,NaN,304142,0.762,0.029,0.019,0.018,0,0,NaN,NaN,NaN,NaN,10116253,0.482,0.024,0.003,0,0,0,0.284,0.055,0.027,0,0.001,0,0.118,0.004,0,NaN,9213.149
07CF8L4,40.75,40.5,0.5,EKT168,EKT168,fewer aquatic moss macrofossils,2,1.06,5.5,NaN,NaN,NaN,NaN,NaN,NaN,NaN,NaN,NaN,NaN,NaN,NaN,NaN,NaN,NaN,NaN,NaN,NaN,NaN,NaN,NaN,NaN,NaN,NaN,NaN,NaN,NaN,NaN,NaN,NaN,NaN,NaN,NaN,NaN,NaN,NaN,NaN,NaN,NaN,NaN,NaN,NaN,NaN,NaN,NaN,NaN,NaN,NaN,NaN,NaN,NaN,NaN,NaN,NaN,NaN,NaN,NaN,NaN,H1801000198,100,182444,7467,4523,4903,NaN,NaN,NaN,2383,44037,643,3304390,160463,18585,NaN,43380,3166,NaN,2140830,426403,178490,NaN,11460,5977,NaN,920881,35041,119524,2062,NaN,239494,0.762,0.031,0.019,0.02,0,0,NaN,NaN,NaN,NaN,7196287,0.459,0.022,0.003,0,0,0,0.297,0.059,0.025,0,0.001,0,0.128,0.005,0,NaN,9232.34
07CF8L4,41.25,41,0.5,EKT167,MCC197,fewer aquatic moss macrofossils,2,0.993,7.21,NaN,NaN,NaN,NaN,NaN,NaN,NaN,NaN,NaN,NaN,NaN,NaN,NaN,NaN,NaN,NaN,NaN,NaN,NaN,NaN,NaN,NaN,NaN,NaN,NaN,NaN,NaN,NaN,NaN,NaN,NaN,NaN,NaN,NaN,NaN,NaN,NaN,NaN,NaN,NaN,NaN,NaN,NaN,NaN,NaN,NaN,NaN,NaN,NaN,NaN,NaN,NaN,NaN,NaN,NaN,NaN,NaN,NaN,H1801000181,100,680726,32449,16424,21204,3467,NaN,3647,8356,194996,3725,9997490,793604,56487,2649,136213,7529,NaN,6096020,1771070,511715,NaN,70363,15768,NaN,3041390,118273,324249,8692,701295,936747,0.727,0.035,0.018,0.023,0.004,0,2.8,321.85,405.48,7619.96,22420687,0.446,0.035,0.003,0,0,0,0.272,0.079,0.023,0,0.001,0,0.136,0.005,0,7.155434,9258.019
07CF8L4,41.75,41.5,0.5,EKT166,MCC201,fewer aquatic moss macrofossils,2,0.974,6.81,NaN,NaN,NaN,NaN,NaN,NaN,NaN,NaN,NaN,NaN,NaN,NaN,NaN,NaN,NaN,NaN,NaN,NaN,NaN,NaN,NaN,NaN,NaN,7,15,MCC201 FAME,-266.4,0,4.3,3,2.5,-262.2,3.1,4.2,3,3,-282.1,0.4,3.6,3,2.1,-241.5,0.2,3.6,3,2.1,-222.4,1.3,3.7,3,2.2,-236.5,4.6,4.6,3,3.7,54,3.7,H1801000102,100,835048,44242,26380,30196,5574,NaN,6202,13357,277708,3745,11537000,974044,66532,NaN,175021,7369,NaN,7313910,2387180,507173,28354,NaN,17917,NaN,3515790,147480,485440,10461,858574,1197140,0.698,0.037,0.022,0.025,0.005,0,3.32,316.89,541.57,7893.99,26513210,0.435,0.037,0.003,0,0,0,0.276,0.09,0.019,0.001,0.001,0,0.133,0.006,0,7.115001,9280.918
07CF8L4,42.25,42,0.5,EKT165,MCC189,fewer aquatic moss macrofossils,2,1.005,6.62,NaN,NaN,NaN,NaN,NaN,NaN,NaN,NaN,NaN,NaN,NaN,NaN,NaN,NaN,NaN,NaN,NaN,NaN,NaN,NaN,NaN,NaN,NaN,7,13,MCC189 FAME,-246.4,2.5,4,3,2.7,-261,1.2,3.6,3,2.2,-281.1,1,4,3,2.4,-236,1.2,3.9,3,2.3,-221.7,0.3,3.6,3,2.1,-235.1,2,4.1,3,2.6,53.3,3,H1712000029,100,532935,28456,15944,20510,3031,NaN,3841,8354,185963,2411,7378080,482670,3624,125700,5829,4494,NaN,4801500,1356550,434911,4632,33635,16002,NaN,1997090,87172,237420,8207,446471,774116,0.688,0.037,0.021,0.026,0.004,0,4.14,372.21,609.09,6170.88,16700632,0.442,0.029,0,0.008,0,0,0.288,0.081,0.026,0,0.001,0,0.12,0.005,0,6.147406,9307.56
07CF8L4,42.75,42.5,0.5,EKT164,MCC181,fewer aquatic moss macrofossils,2,1.077,7.56,NaN,NaN,NaN,NaN,NaN,NaN,NaN,NaN,NaN,NaN,NaN,NaN,NaN,NaN,NaN,NaN,NaN,NaN,NaN,NaN,NaN,NaN,NaN,5,11,MCC181 FAME,-240,3.9,3.9,3,3.2,-265,0.8,3.6,3,2.1,-280.8,3.1,10.6,3,6.4,-232.2,0.7,8.1,3,4.7,-222.8,0.8,3.8,3,2.2,-239.3,1.9,4.3,3,2.7,57.5,3.1,H1801000241,100,761201,20833,12039,16374,2161,NaN,2253,5322,114142,NaN,10790300,780449,85013,NaN,182460,5438,NaN,7052240,1718070,995431,NaN,72757,29370,NaN,2662360,124046,315472,12553,606459,914803,0.832,0.023,0.013,0.018,0.002,0,1.75,371.38,298.89,8738.06,24255270,0.445,0.032,0.004,0,0,0,0.291,0.071,0.041,0,0.001,0,0.11,0.005,0.001,5.422106,9327.283
07CF8L4,43.25,43,0.5,EKT163,EKT163,fewer aquatic moss macrofossils,2,0.991,6,NaN,NaN,NaN,NaN,NaN,NaN,NaN,NaN,NaN,NaN,NaN,NaN,NaN,NaN,NaN,NaN,NaN,NaN,NaN,NaN,NaN,NaN,NaN,NaN,NaN,NaN,NaN,NaN,NaN,NaN,NaN,NaN,NaN,NaN,NaN,NaN,NaN,NaN,NaN,NaN,NaN,NaN,NaN,NaN,NaN,NaN,NaN,NaN,NaN,NaN,NaN,NaN,NaN,NaN,NaN,NaN,NaN,NaN,NaN,NaN,NaN,NaN,NaN,NaN,NaN,NaN,NaN,NaN,NaN,NaN,NaN,NaN,NaN,NaN,NaN,NaN,NaN,NaN,NaN,NaN,NaN,NaN,NaN,NaN,NaN,NaN,NaN,NaN,NaN,NaN,NaN,NaN,NaN,NaN,NaN,NaN,NaN,NaN,NaN,NaN,NaN,NaN,NaN,NaN,NaN,NaN,NaN,NaN,NaN,NaN,NaN,NaN,NaN,NaN,NaN,NaN,NaN,9351.297
07CF8L4,43.75,43.5,0.5,EKT162,EKT162,fewer aquatic moss macrofossils,2,0.946,6.1,NaN,NaN,NaN,NaN,NaN,NaN,NaN,NaN,NaN,NaN,NaN,NaN,NaN,NaN,NaN,NaN,NaN,NaN,NaN,NaN,NaN,NaN,NaN,NaN,NaN,NaN,NaN,NaN,NaN,NaN,NaN,NaN,NaN,NaN,NaN,NaN,NaN,NaN,NaN,NaN,NaN,NaN,NaN,NaN,NaN,NaN,NaN,NaN,NaN,NaN,NaN,NaN,NaN,NaN,NaN,NaN,NaN,NaN,H1801000185,100,309812,5561,3580,4318,NaN,NaN,1227,NaN,25635,622,4666090,244319,31233,NaN,72672,3086,NaN,3083320,541372,320676,NaN,26757,12276,NaN,1180320,47978,150306,4165,NaN,347175,0.892,0.016,0.01,0.012,0,0,NaN,NaN,NaN,NaN,10134835,0.46,0.024,0.003,0,0,0,0.304,0.053,0.032,0,0.001,0,0.116,0.005,0,NaN,9374.642
07CF8L4,44.25,44,0.5,EKT161,MCC173,moderate aquatic moss macrofossils,3,0.982,7.42,NaN,NaN,NaN,NaN,NaN,NaN,NaN,NaN,NaN,NaN,NaN,NaN,NaN,NaN,NaN,NaN,NaN,NaN,NaN,NaN,NaN,NaN,NaN,NaN,NaN,NaN,NaN,NaN,NaN,NaN,NaN,NaN,NaN,NaN,NaN,NaN,NaN,NaN,NaN,NaN,NaN,NaN,NaN,NaN,NaN,NaN,NaN,NaN,NaN,NaN,NaN,NaN,NaN,NaN,NaN,NaN,NaN,NaN,H1801000084,100,925821,18025,8530,14602,1631,NaN,1898,3898,77545,1423,14473100,958733,89698,9322,197845,6558,NaN,9763030,1929600,964172,NaN,NaN,29905,NaN,3625590,134198,475891,12418,853686,1039314,0.891,0.017,0.008,0.014,0.002,0,0.92,381.56,167.65,8034.29,31996326,0.452,0.03,0.003,0,0,0,0.305,0.06,0.03,0,0.001,0,0.113,0.004,0,5.471458,9399.109
07CF8L4,44.75,44.5,0.5,EKT160,EKT160,moderate aquatic moss macrofossils,3,1.023,NaN,3.6,6.606,2.781,13.806,7.814,53.532,13.575,68.169,11.477,40.071,4.779,13.906,0.866,8.038,0.03,0.07,0.27,0.34,0.2,0.07,0.02,25.7,4.7,2,1,EKT160 FAME,-252.4,2.5,4,3,2.7,-259.3,2.5,4.1,3,2.7,-263.8,0.5,3.5,3,2.1,-238.9,1.2,3.5,3,2.2,-229,0.4,3.6,3,2.1,-249.6,1.3,3.9,3,2.4,41,3.4,H1712000021,100,584543,9191,4848,6107,NaN,NaN,1104,2376,46303,1466,9300810,460406,54940,6024,109900,1300,NaN,6256020,1250950,618821,NaN,30691,21868,NaN,2170890,83423,315203,9132,415384,648715,0.901,0.014,0.007,0.009,0,0,1.09,476.32,170.03,10729.28,20234583,0.46,0.023,0.003,0,0,0,0.309,0.062,0.031,0,0.001,0,0.107,0.004,0,5.053353,9424.097
07CF8L4,45.25,45,0.5,EKT159,MCC177,moderate aquatic moss macrofossils,3,1.421,9.92,NaN,NaN,NaN,NaN,NaN,NaN,NaN,NaN,NaN,NaN,NaN,NaN,NaN,NaN,NaN,NaN,NaN,NaN,NaN,NaN,NaN,NaN,NaN,4,14,MCC178 FAME,-262.4,8.7,5.7,3,6,-255.5,1.7,3.5,3,2.3,-254.2,0.7,3.6,3,2.1,-237,1,3.7,3,2.2,-244.9,0.8,3.5,3,2.1,-259.9,0.7,5.7,3,3.3,14.3,3.1,H1801000230,100,1074850,23451,11474,15193,2444,NaN,2324,4891,96341,NaN,17719100,1080650,110316,11459,238846,5657,NaN,12030100,2162870,1319450,NaN,24447,35752,NaN,4365820,164995,547419,14589,670401,1212158,0.887,0.019,0.009,0.013,0.002,0,1.01,409.52,197.4,8508.31,39020758,0.454,0.028,0.003,0,0,0,0.308,0.055,0.034,0,0.001,0,0.112,0.004,0,5.327734,9445.353
07CF8L4,45.75,45.5,0.5,EKT158,MCC195,moderate aquatic moss macrofossils,3,1.028,8.77,NaN,NaN,NaN,NaN,NaN,NaN,NaN,NaN,NaN,NaN,NaN,NaN,NaN,NaN,NaN,NaN,NaN,NaN,NaN,NaN,NaN,NaN,NaN,6,11,MCC195 FAME,-247.8,4.1,4.2,3,3.4,-254.9,0.6,3.5,3,2.1,-257.6,1.8,4,3,2.5,-240.2,1.6,4.1,3,2.6,-239.5,0.4,3.5,3,2,-255.7,4.5,4.1,3,3.5,20.7,2.9,H1801000217,100,877420,20102,10478,14115,2146,NaN,2033,4736,100331,3730,16502600,905268,92435,NaN,200501,4965,NaN,12593000,2270440,1221610,NaN,103856,25816,NaN,4552890,147873,453367,12521,851419,1017730,0.862,0.02,0.01,0.014,0.002,0,1.15,437.9,198.33,8656.72,38329418,0.431,0.024,0.002,0,0,0,0.329,0.059,0.032,0,0.001,0,0.119,0.004,0,5.717208,9470.254
07CF8L4,46.25,46,0.5,EKT157,MCC166,moderate aquatic moss macrofossils,3,1.241,9.68,NaN,NaN,NaN,NaN,NaN,NaN,NaN,NaN,NaN,NaN,NaN,NaN,NaN,NaN,NaN,NaN,NaN,NaN,NaN,NaN,NaN,NaN,NaN,NaN,NaN,NaN,NaN,NaN,NaN,NaN,NaN,NaN,NaN,NaN,NaN,NaN,NaN,NaN,NaN,NaN,NaN,NaN,NaN,NaN,NaN,NaN,NaN,NaN,NaN,NaN,NaN,NaN,NaN,NaN,NaN,NaN,NaN,NaN,H1801000163,100,1081670,25963,12946,18463,2877,NaN,6812,NaN,126786,2555,20832100,1031140,116151,8491,248501,4036,NaN,15397700,2764760,1406000,NaN,93229,29704,NaN,5660610,193904,559035,15712,769207,1262249,0.857,0.021,0.01,0.015,0.002,0,1.33,497.24,165.77,9437.32,47460308,0.439,0.022,0.002,0,0,0,0.324,0.058,0.03,0,0.001,0,0.119,0.004,0,5.738961,9492.459
07CF8L4,46.75,46.5,0.5,EKT156,EKT156,moderate aquatic moss macrofossils,3,1.174,NaN,2.218,4.765,2.701,10.486,6.816,43.476,11.266,48.475,8.013,25.412,2.66,7.501,0.353,1.268,0.03,0.07,0.31,0.34,0.18,0.05,0.02,25.5,4.3,4,7,EKT156 FAME,-255.9,3,5.7,3,3.7,-251.9,0.6,3.5,3,2.1,-251.9,0.8,3.8,3,2.2,-237.2,2.4,3.7,3,2.6,-235,1.2,3.5,3,2.1,-266.8,4,5.8,3,4.1,22.5,3,H1801000091,100,1051030,23221,13243,13699,2178,1772,2131,6626,117862,2836,19517500,989410,119966,10918,210402,7657,NaN,15353300,2883070,1410550,NaN,57438,28993,NaN,5688080,239532,635016,15982,735089,1210779,0.868,0.019,0.011,0.011,0.002,0.001,1.37,536.14,255.49,10462.79,46264958,0.422,0.021,0.003,0,0,0,0.332,0.062,0.03,0,0.001,0,0.123,0.005,0,6.065606,9513.46
07CF8L4,47.25,47,0.5,EKT155,EKT155,moderate aquatic moss macrofossils,3,0.785,NaN,1.443,4.728,2.657,10.069,6.506,42.933,11.103,53.208,8.863,34.447,3.601,12.547,0.732,1.851,0.03,0.06,0.27,0.34,0.22,0.08,0,25.8,5.2,3,7,EKT155 FAME,-245.8,3.5,4.4,3,3.3,-250.4,2.9,4,3,2.9,-247.4,0.2,3.6,3,2.1,-230.3,1.5,3.6,3,2.3,-230.3,0.9,3.6,3,2.1,-245.7,3.8,4.2,3,3.3,26.8,3.6,H1712000018,100,441283,7196,4844,5297,NaN,NaN,NaN,2370,40118,1095,7874410,359134,42552,5563,67735,2185,NaN,6205840,1095220,511212,NaN,23519,12706,NaN,2133100,84082,252593,6133,342574,494989,0.891,0.015,0.01,0.011,0,NaN,1.49,682.04,268.39,12792.71,18332137,0.43,0.02,0.002,0,0,0,0.339,0.06,0.028,0,0.001,0,0.116,0.005,0,5.586874,9535.283
07CF8L4,47.75,47.5,0.5,EKT154,EKT154,moderate aquatic moss macrofossils,3,1.074,NaN,3.572,6.928,2.923,13.469,7.575,48.754,12.49,60.122,11.051,37.596,4.152,14.249,0.776,4.552,0.04,0.07,0.27,0.33,0.21,0.08,0.01,25.7,4.9,3,6,EKT154 FAME,-267.4,1.2,4,3,2.4,-254.3,0.9,3.5,3,2.1,-254,0.3,3.6,3,2.1,-234.5,0.8,3.6,3,2.1,-231.3,0.4,3.5,3,2,-247.8,2.4,4,3,2.7,30.9,2.9,H1801000254,100,1164020,20363,11906,12123,2009,NaN,1842,6219,99036,2081,17718300,964473,119431,12737,216528,6065,NaN,14024700,2151230,1323070,NaN,54708,26682,NaN,4709160,185669,649614,11203,616770,1299464,0.896,0.016,0.009,0.009,0.002,0,1.49,622.59,303.88,13897.6,41252720,0.43,0.023,0.003,0,0,0,0.34,0.052,0.032,0,0.001,0,0.114,0.005,0,5.41792,9560.244
07CF8L4,48.25,48,0.5,EKT153,EKT153,moderate aquatic moss macrofossils,3,0.904,NaN,0.867,3.768,1.922,7.871,4.59,30.071,7.957,38.898,6.96,25.302,2.942,10.222,0.8,1.902,0.03,0.06,0.25,0.33,0.21,0.08,0.03,25.8,5.2,4,6,EKT153 FAME,-260.7,0.9,6.3,3,3.7,-257.6,0.4,3.5,3,2,-252.5,1,3.9,3,2.3,-233,0.6,4.1,3,2.4,-233.4,1,3.5,3,2.1,-234.3,2.6,6,3,3.8,32.6,3,H1801000211,100,948793,16302,10743,11273,1705,1507,1984,5963,90154,1968,13722800,698638,93824,10199,153848,3329,NaN,11503600,1842780,1171000,NaN,34757,20058,NaN,3651530,107518,477184,7169,602557,1070474,0.886,0.015,0.01,0.011,0.002,0.001,1.66,602.95,338.09,12226.84,32832446,0.418,0.021,0.003,0,0,0,0.35,0.056,0.036,0,0.001,0,0.111,0.003,0,5.174977,9585.792
07CF8L4,48.75,48.5,0.5,EKT152,EKT152,lots of aquatic moss macrofossils,4,1.054,9.3,NaN,NaN,NaN,NaN,NaN,NaN,NaN,NaN,NaN,NaN,NaN,NaN,NaN,NaN,NaN,NaN,NaN,NaN,NaN,NaN,NaN,NaN,NaN,NaN,NaN,NaN,NaN,NaN,NaN,NaN,NaN,NaN,NaN,NaN,NaN,NaN,NaN,NaN,NaN,NaN,NaN,NaN,NaN,NaN,NaN,NaN,NaN,NaN,NaN,NaN,NaN,NaN,NaN,NaN,NaN,NaN,NaN,NaN,H1801000184,100,763361,15230,9924,10281,1505,1948,1680,4845,80543,1702,11678900,627678,83114,6050,137107,3175,NaN,9732440,1445440,958875,NaN,45813,15326,NaN,2987610,92939,436627,7833,NaN,872796,0.875,0.017,0.011,0.012,0.002,0.002,NaN,NaN,NaN,NaN,27639380,0.423,0.023,0.003,0,0,0,0.352,0.052,0.035,0,0.001,0,0.108,0.003,0,NaN,9610.907
07CF8L4,49.25,49,0.5,EKT151,EKT151,fewer but still lots of aquatic moss macrofossils Some pull when sampling,4,0.945,NaN,4.335,6.315,2.806,13.77,7.896,53.085,13.55,65.756,11.059,38.7,4.271,12.884,1.027,NaN,0.03,0.07,0.28,0.35,0.2,0.07,0.01,25.6,5,3,5,EKT151 FAME,-254.7,6.6,4.1,3,4.5,-251.8,1.3,4.2,3,2.5,-253.5,0.2,3.6,3,2.1,-234.4,0.6,3.6,3,2.1,-225.9,0.5,3.5,3,2.1,-240.8,3.1,4.1,3,3,34.6,3.3,H1801000089,100,1120220,24159,15700,15304,2521,6475,2605,8448,133397,2710,18230300,1007780,147318,15076,190976,4646,NaN,15891600,2512690,1771270,NaN,47859,23261,NaN,4800830,128728,648560,8042,677001,1298395,0.863,0.019,0.012,0.012,0.002,0.005,2.08,696,416.72,13866.22,44541540,0.409,0.023,0.003,0,0,0,0.357,0.056,0.04,0,0.001,0,0.108,0.003,0,4.955387,9641.405
07CF8L4,49.75,49.5,0.5,EKT150,EKT150,fewer but still lots of aquatic moss macrofossils Some pull when sampling,4,0.898,NaN,1.999,5.034,2.287,11.138,6.777,47.117,12.205,59.292,9.636,31.8,3.717,10.538,0.501,6.296,0.03,0.07,0.29,0.36,0.19,0.06,0,25.6,4.9,4,5,EKT150 FAME,-270.8,4.6,6.6,3,4.7,-264.6,2,5.7,3,3.5,-257.2,0.5,3.5,3,2,-241.9,0.5,3.5,3,2.1,-236.2,0.3,3.5,3,2.1,-245.7,2.1,6,3,3.6,38.6,4.1,H1712000020,100,972063,19959,12571,11278,1909,NaN,2253,6301,101068,2867,15571200,906321,111895,11124,139881,3767,NaN,14302400,1897460,1325440,NaN,46972,18420,NaN,3644060,84548,478385,5152,445240,1109488,0.876,0.018,0.011,0.01,0.002,0,2.53,947.77,519.93,16643.76,37881787,0.411,0.024,0.003,0,0,0,0.378,0.05,0.035,0,0,0,0.096,0.002,0,4.168763,9669.777
07CF8L4,50.25,50,0.5,EKT149,MCC183,fewer but still lots of aquatic moss macrofossils Some pull when sampling,4,1.162,10.42,NaN,NaN,NaN,NaN,NaN,NaN,NaN,NaN,NaN,NaN,NaN,NaN,NaN,NaN,NaN,NaN,NaN,NaN,NaN,NaN,NaN,NaN,NaN,4,16,MCC183 FAME,-255.1,4,5.3,3,3.8,-259.2,0.5,3.5,3,2.1,-256.1,1.7,3.8,3,2.4,-238,4.9,3.9,3,3.6,-237.2,2.2,3.5,3,2.4,-244.6,2.9,6,3,3.8,29.7,3.1,H1801000269,100,1524790,26140,17991,20100,4064,NaN,3822,8629,134835,3604,20155000,1211100,118974,16459,278760,4200,NaN,17648600,2928650,1472160,NaN,84077,23048,NaN,5001790,119644,597520,7483,609579,1713290,0.89,0.015,0.011,0.012,0.002,0,1.9,687.85,433.31,13562.34,48707108,0.414,0.025,0.002,0,0,0,0.362,0.06,0.03,0,0,0,0.103,0.002,0,4.651794,9699.761
07CF8L4,50.75,50.5,0.5,EKT148,EKT148,fewer but still lots of aquatic moss macrofossils Some pull when sampling,4,0.881,NaN,1.931,5.442,2.447,9.229,5.441,26.789,7.352,30.308,5.62,18.298,2.254,6.765,0.352,1.445,0.05,0.09,0.27,0.31,0.19,0.06,0.03,25.4,4.1,8,1,EKT148 FAME,-255.8,1.2,4.2,3,2.5,-249.8,1.2,4.9,3,2.9,-252.3,0.5,4.5,3,2.6,-237.1,0.7,4.3,3,2.5,-223.4,0.8,4.9,3,2.9,-249.9,4.6,4.6,3,3.7,35.3,4.1,H1801000221,100,928514,23260,NaN,14475,3681,NaN,1892,6634,127717,6413,13989500,908907,55143,NaN,145669,NaN,NaN,11466600,1774870,671548,NaN,NaN,14362,NaN,3653320,89104,471648,4993,648455,1102271,0.842,0.021,0,0.013,0.003,0,2.24,571.4,180.64,10810.6,32628346,0.429,0.028,0.002,0,0,0,0.351,0.054,0.021,0,0,0,0.112,0.003,0,5.208579,9727.148
07CF8L4,51.25,51,0.5,EKT147,EKT147,fewer but still lots of aquatic moss macrofossils Some pull when sampling,4,0.877,NaN,1.97,4.698,2.255,9.741,5.767,32.358,9.061,40.913,7.506,24.841,2.942,8.635,0.522,1.603,0.03,0.08,0.27,0.34,0.21,0.07,0,25.6,4.7,4,4,EKT147 FAME,-270.8,7.6,6.4,3,5.8,-264.7,2.8,5.6,3,3.6,-251,2.2,3.5,3,2.4,-235.3,0.8,3.5,3,2.1,-233.7,0.7,3.6,3,2.1,-237.3,6.1,6.2,3,5,42.1,4.2,H1801000174,100,520371,11232,NaN,7123,NaN,NaN,1057,3648,59425,994,8554210,394407,51354,5368,78106,1553,NaN,6832790,924480,564673,NaN,23877,8928,NaN,1891270,48835,250528,2023,514827,600202,0.867,0.019,0,0.012,0,0,1.32,427.02,80.79,7807.48,19279890,0.444,0.02,0.003,0,0,0,0.354,0.048,0.029,0,0,0,0.098,0.003,0,4.261514,9756.086
07CF8L4,51.75,51.5,0.5,EKT146,EKT146,fewer but still lots of aquatic moss macrofossils Some pull when sampling,4,0.994,NaN,0.695,1.271,0.623,2.823,1.643,9.619,2.719,12.319,2.269,7.321,0.838,2.402,0.156,1.18,0.02,0.07,0.28,0.36,0.21,0.06,0.01,25.7,6.2,5,3,EKT146 FAME,-267.6,1.6,5,3,3,-252.5,1.7,4,3,2.5,-249.9,0.9,4.2,3,2.4,-233.6,0.6,4.7,3,2.7,-227.8,0.6,3.8,3,2.2,-252.7,1.7,4.7,3,2.9,33,3.4,H1801000090,100,1523990,26858,19231,16756,3422,1881,2658,9368,153847,3036,21911000,1125360,158797,13533,189461,5507,NaN,19452200,2937640,1954030,NaN,63659,26471,NaN,5097910,131008,612625,7075,675400,1727144,0.882,0.016,0.011,0.01,0.002,0.001,2.29,786.86,477.02,12896.92,52820531,0.415,0.021,0.003,0,0,0,0.368,0.056,0.037,0,0.001,0,0.097,0.002,0,4.222232,9785.931
07CF8L4,52.25,52,0.5,EKT145,EKT145,fewer but still lots of aquatic moss macrofossils Some pull when sampling,4,0.764,NaN,3.131,6.337,3.209,12.269,7.585,41.018,12.358,54.605,10.51,32.921,4.008,11.929,0.798,2.328,0.04,0.07,0.26,0.34,0.21,0.07,0.01,25.7,4.6,4,3,EKT145 FAME,-280.6,6.1,7.3,3,5.5,-262.2,1.4,6.4,3,3.8,-249.8,1.8,3.7,3,2.4,-238.4,1.1,3.6,3,2.2,-239,2.6,3.8,3,2.7,-241.3,10.2,7.1,3,7.2,31.5,4.6,NaN,NaN,NaN,NaN,NaN,NaN,NaN,NaN,NaN,NaN,NaN,NaN,NaN,NaN,NaN,NaN,NaN,NaN,NaN,NaN,NaN,NaN,NaN,NaN,NaN,NaN,NaN,NaN,NaN,NaN,NaN,NaN,NaN,NaN,NaN,NaN,NaN,NaN,NaN,NaN,NaN,NaN,NaN,NaN,NaN,NaN,NaN,NaN,NaN,NaN,NaN,NaN,NaN,NaN,NaN,NaN,NaN,NaN,NaN,9814.75
07CF8L4,52.75,52.5,0.5,EKT144,EKT144,fewer but still lots of aquatic moss macrofossils Some pull when sampling,4,1.141,NaN,2.042,4.044,1.884,8.206,4.665,26.317,8.071,35.395,7.078,21.762,2.782,8.507,0.524,1.887,0.03,0.08,0.26,0.35,0.21,0.08,0,25.7,4.9,5,2,EKT144 FAME,-266.6,0.8,4.4,3,2.6,-251.8,1.5,3.6,3,2.3,-251,0.2,4.3,3,2.5,-236.2,0.3,5.1,3,2.9,-232.4,0.3,3.7,3,2.1,-248.9,1.2,4.4,3,2.7,25.9,3.1,H1801000255,100,830108,21268,13295,11966,2639,1653,2443,6712,111423,2193,15580600,752215,112676,6281,166401,3876,NaN,14848700,1857320,1391210,NaN,56211,19760,NaN,3937910,94126,611954,4026,515385,979401,0.848,0.022,0.014,0.012,0.003,0.002,1.9,656.72,385.2,14195.72,38608699,0.404,0.019,0.003,0,0,0,0.385,0.048,0.036,0,0.001,0,0.102,0.002,0,4.48671,9844.211
07CF8L4,53.25,53,0.5,EKT143,EKT143,fewer but still lots of aquatic moss macrofossils Some pull when sampling,4,0.844,NaN,2.015,3.132,1.497,6.844,4.254,21.687,6.754,27.918,5.471,16.834,2.215,6.454,0.374,1.351,0.03,0.08,0.26,0.34,0.2,0.07,0.02,25.7,4.6,7,1,EKT143 FAME,-268.3,1.9,4,3,2.6,-257.4,2,3.6,3,2.4,-253.9,0.7,3.7,3,2.2,-237.4,1.2,3.7,3,2.3,-236.5,0.7,3.6,3,2.1,-248.9,5.6,4.3,3,4.1,28.1,3.2,H1801000210,100,613994,18402,12082,11077,2118,NaN,2059,6209,103111,1879,15129900,606052,100486,7678,159648,3136,NaN,14529100,1923300,1170550,NaN,44263,16474,NaN,3614700,84529,494006,4597,634126,750521,0.818,0.025,0.016,0.015,0.003,0,1.93,694.97,381.38,13041.79,37190502,0.407,0.016,0.003,0,0,0,0.391,0.052,0.031,0,0,0,0.097,0.002,0,4.189765,9873.513
07CF8L4,53.75,53.5,0.5,EKT142,EKT142,fewer but still lots of aquatic moss macrofossils Some pull when sampling,4,1.012,NaN,2.81,5.167,2.22,12.081,6.558,40.457,12.06,55.351,10.789,34.757,4.839,13.288,1.188,NaN,0.03,0.07,0.25,0.35,0.22,0.08,0,25.8,4.7,3,4,EKT142 FAME,-260.3,0.6,4.4,3,2.5,-256.8,0.7,4,3,2.4,-246.5,1,3.5,3,2.1,-228.9,0.2,3.6,3,2.1,-229.4,1.2,3.6,3,2.2,-241.2,1.1,4.3,3,2.6,37,3.2,H1801000171,100,514327,15937,9862,10973,1630,NaN,1841,5146,85708,1993,13523400,483431,35272,79418,124478,2142,NaN,12205900,1189760,1032340,NaN,36994,9740,NaN,2991210,70420,379586,4049,419250,630780,0.815,0.025,0.016,0.017,0.003,0,2.02,745.5,392.18,12753.61,31627082,0.428,0.015,0.001,0.003,0,0,0.386,0.038,0.033,0,0,0,0.095,0.002,0,3.940017,9902.933
07CF8L4,54.25,54,0.5,EKT141,EKT141,fewer but still lots of aquatic moss macrofossils Some pull when sampling,4,1.23,9.5,NaN,NaN,NaN,NaN,NaN,NaN,NaN,NaN,NaN,NaN,NaN,NaN,NaN,NaN,NaN,NaN,NaN,NaN,NaN,NaN,NaN,NaN,NaN,NaN,NaN,NaN,NaN,NaN,NaN,NaN,NaN,NaN,NaN,NaN,NaN,NaN,NaN,NaN,NaN,NaN,NaN,NaN,NaN,NaN,NaN,NaN,NaN,NaN,NaN,NaN,NaN,NaN,NaN,NaN,NaN,NaN,NaN,NaN,NaN,NaN,NaN,NaN,NaN,NaN,NaN,NaN,NaN,NaN,NaN,NaN,NaN,NaN,NaN,NaN,NaN,NaN,NaN,NaN,NaN,NaN,NaN,NaN,NaN,NaN,NaN,NaN,NaN,NaN,NaN,NaN,NaN,NaN,NaN,NaN,NaN,NaN,NaN,NaN,NaN,NaN,NaN,NaN,NaN,NaN,NaN,NaN,NaN,NaN,NaN,NaN,NaN,NaN,NaN,NaN,NaN,NaN,NaN,9933.768
07CF8L4,54.75,54.5,0.5,EKT140,MCC167,fewer but still lots of aquatic moss macrofossils Some pull when sampling,4,0.851,7.64,NaN,NaN,NaN,NaN,NaN,NaN,NaN,NaN,NaN,NaN,NaN,NaN,NaN,NaN,NaN,NaN,NaN,NaN,NaN,NaN,NaN,NaN,NaN,NaN,NaN,NaN,NaN,NaN,NaN,NaN,NaN,NaN,NaN,NaN,NaN,NaN,NaN,NaN,NaN,NaN,NaN,NaN,NaN,NaN,NaN,NaN,NaN,NaN,NaN,NaN,NaN,NaN,NaN,NaN,NaN,NaN,NaN,NaN,H1712000013,100,659714,25958,16584,17560,2343,NaN,3242,8611,148680,2368,16644000,583653,98808,NaN,127759,2672,NaN,12957900,2039380,1300570,NaN,NaN,12295,NaN,3236800,85835,337724,NaN,564434,857522,0.769,0.03,0.019,0.02,0.003,0,3.1,769.84,573.56,9695.05,36961913,0.45,0.016,0.003,0,0,0,0.351,0.055,0.035,0,0,0,0.088,0.002,0,3.620452,9967.791
07CF8L4,55.25,55,0.5,EKT139,MCC187,fewer but still lots of aquatic moss macrofossils Some pull when sampling,4,1.087,10.6,NaN,NaN,NaN,NaN,NaN,NaN,NaN,NaN,NaN,NaN,NaN,NaN,NaN,NaN,NaN,NaN,NaN,NaN,NaN,NaN,NaN,NaN,NaN,5,13,MCC187 FAME,-248,6.7,3.6,3,4.4,-249.8,1.7,3.6,3,2.3,-243,0.6,8.1,3,4.7,-228.7,0.6,8.4,3,4.9,-239.9,0.4,3.8,3,2.2,-266.9,2,4.3,3,2.8,13.1,3.2,H1801000234,100,892972,27806,17057,18710,3303,NaN,2945,8217,151811,1715,21092800,1186580,153327,NaN,241552,5890,NaN,18415800,2589230,2038680,NaN,107697,22435,NaN,4975550,159433,546487,9004,702837,1095959,0.815,0.025,0.016,0.017,0.003,0,1.99,662.9,374.02,11723.57,50648729,0.416,0.023,0.003,0,0,0,0.364,0.051,0.04,0,0,0,0.098,0.003,0,4.353176,9996.977
07CF8L4,55.75,55.5,0.5,EKT138,MCC169,fewer but still lots of aquatic moss macrofossils Some pull when sampling,4,0.815,7.29,NaN,NaN,NaN,NaN,NaN,NaN,NaN,NaN,NaN,NaN,NaN,NaN,NaN,NaN,NaN,NaN,NaN,NaN,NaN,NaN,NaN,NaN,NaN,NaN,NaN,NaN,NaN,NaN,NaN,NaN,NaN,NaN,NaN,NaN,NaN,NaN,NaN,NaN,NaN,NaN,NaN,NaN,NaN,NaN,NaN,NaN,NaN,NaN,NaN,NaN,NaN,NaN,NaN,NaN,NaN,NaN,NaN,NaN,H1801000224,100,692312,17796,9617,11381,1933,NaN,1744,4195,77965,1987,16754100,799606,112662,NaN,158690,NaN,NaN,14793500,2122933,1524190,NaN,96609,16858,NaN,4320980,135566,325469,6566,814816,803185,0.862,0.022,0.012,0.014,0.002,0,1.17,611.24,237.12,8746.38,40586961,0.413,0.02,0.003,0,0,0,0.364,0.052,0.038,0,0,0,0.106,0.003,0,4.842858,10029.95
07CF8L4,56.25,56,0.5,EKT137,MCC202,fewer but still lots of aquatic moss macrofossils Some pull when sampling,4,0.974,8.99,NaN,NaN,NaN,NaN,NaN,NaN,NaN,NaN,NaN,NaN,NaN,NaN,NaN,NaN,NaN,NaN,NaN,NaN,NaN,NaN,NaN,NaN,NaN,7,16,MCC202 FAME,-266,1,4,3,2.4,-253.5,0.3,3.7,3,2.1,-253.4,0.9,3.6,3,2.1,-239.7,0.5,3.6,3,2.1,-244.3,0.7,3.6,3,2.1,-274.3,3.8,4.5,3,3.4,12.3,3,H1801000178,100,1001360,25859,14527,16461,1660,NaN,6221,NaN,114928,2927,26123300,1015320,155417,23262,318286,5744,NaN,19546000,2787650,2272310,NaN,114609,22504,NaN,5890580,210873,547095,9984,912113,1167756,0.858,0.022,0.012,0.014,0.001,0,1.29,653.33,182.13,11027.02,58062944,0.45,0.017,0.003,0,0,0,0.337,0.048,0.039,0,0,0,0.101,0.004,0,4.515713,10062.38
07CF8L4,56.75,56.5,0.5,EKT136,MCC171,fewer but still lots of aquatic moss macrofossils Some pull when sampling,4,0.595,5.98,NaN,NaN,NaN,NaN,NaN,NaN,NaN,NaN,NaN,NaN,NaN,NaN,NaN,NaN,NaN,NaN,NaN,NaN,NaN,NaN,NaN,NaN,NaN,NaN,NaN,NaN,NaN,NaN,NaN,NaN,NaN,NaN,NaN,NaN,NaN,NaN,NaN,NaN,NaN,NaN,NaN,NaN,NaN,NaN,NaN,NaN,NaN,NaN,NaN,NaN,NaN,NaN,NaN,NaN,NaN,NaN,NaN,NaN,H1801000087,100,695358,15247,8551,2536,1765,NaN,1868,4102,74211,1658,18299000,716135,108728,28768,178952,3586,NaN,13967900,1869070,1475120,NaN,180566,14295,NaN,3962920,132966,418176,5195,820863,790878,0.879,0.019,0.011,0.003,0.002,0,1.52,830.33,295.01,15911.36,40583683,0.451,0.018,0.003,0.001,0,0,0.344,0.046,0.036,0,0,0,0.098,0.003,0,4.252964,10092.57
07CF8L4,57.25,57,0.5,EKT135,MCC162,fewer but still lots of aquatic moss macrofossils Some pull when sampling,4,0.969,9.96,NaN,NaN,NaN,NaN,NaN,NaN,NaN,NaN,NaN,NaN,NaN,NaN,NaN,NaN,NaN,NaN,NaN,NaN,NaN,NaN,NaN,NaN,NaN,NaN,NaN,NaN,NaN,NaN,NaN,NaN,NaN,NaN,NaN,NaN,NaN,NaN,NaN,NaN,NaN,NaN,NaN,NaN,NaN,NaN,NaN,NaN,NaN,NaN,NaN,NaN,NaN,NaN,NaN,NaN,NaN,NaN,NaN,NaN,H1712000032,100,992664,20651,11180,14148,2196,NaN,2130,5591,112397,1935,23144200,845593,148599,23021,204190,6708,NaN,16845600,1745280,1843960,NaN,47905,17323,NaN,4596710,152299,672751,8394,571204,1143924,0.868,0.018,0.01,0.012,0.002,0,2.03,892.15,342.7,16710.01,49377686,0.469,0.017,0.003,0,0,0,0.341,0.035,0.037,0,0,0,0.093,0.003,0,3.902134,10119.01
07CF8L4,57.75,57.5,0.5,EKT134,MCC199,fewer but still lots of aquatic moss macrofossils Some pull when sampling,4,0.901,9.75,NaN,NaN,NaN,NaN,NaN,NaN,NaN,NaN,NaN,NaN,NaN,NaN,NaN,NaN,NaN,NaN,NaN,NaN,NaN,NaN,NaN,NaN,NaN,6,12,MCC199 FAME,-258.7,2.2,4.4,3,2.8,-263.3,1.7,3.5,3,2.3,-259,1.8,3.9,3,2.5,-239.5,2.7,3.9,3,2.7,-243.4,1.2,3.5,3,2.2,-266.7,5.1,4.2,3,3.8,27,3.1,H1801000250,100,1207870,27521,15927,18798,3562,NaN,2796,7517,122278,NaN,23637600,857697,184032,NaN,252022,4999,NaN,17885000,1613860,2123290,NaN,90283,19282,NaN,4815150,165602,699115,7752,716086,1379263,0.876,0.02,0.012,0.014,0.003,0,1.89,795.02,418.4,16134.94,51314264,0.461,0.017,0.004,0,0,0,0.349,0.031,0.041,0,0,0,0.094,0.003,0,3.927881,10148.55
07CF8L4,58.25,58,0.5,EKT133,MCC191,fewer but still lots of aquatic moss macrofossils Some pull when sampling,4,0.925,8.69,NaN,NaN,NaN,NaN,NaN,NaN,NaN,NaN,NaN,NaN,NaN,NaN,NaN,NaN,NaN,NaN,NaN,NaN,NaN,NaN,NaN,NaN,NaN,6,9,MCC191 FAME,-234.4,0.8,5,3,2.9,-240.7,1.6,4.2,3,2.6,-228.8,0.5,3.6,3,2.1,-209.4,1.2,3.6,3,2.2,-227.5,0.5,3.7,3,2.2,-209.9,5.1,5.5,3,4.3,17.5,3.4,H1801000220,100,1169640,19576,13619,16051,3204,NaN,2838,5901,137615,2702,23683900,1049596,187664,NaN,245044,NaN,NaN,16730100,1928470,2193490,NaN,110956,23810,NaN,4811020,176721,701173,8979,839401,1348423,0.867,0.015,0.01,0.012,0.002,0,1.77,654.11,292.64,13614.07,50793750,0.466,0.021,0.004,0,0,0,0.329,0.038,0.043,0,0,0,0.095,0.003,0,4.06133,10175.08
07CF8L4,58.75,58.5,0.5,EKT132,EKT132,fewer but still lots of aquatic moss macrofossils Some pull when sampling,4,0.839,6.4,1.112,6.321,5.917,14.29,11.406,35.106,11.685,33.684,7.48,19.943,2.461,6.427,0.354,4.254,0.05,0.12,0.31,0.29,0.17,0.05,0,25.1,2.3,6,1,EKT132 FAME,-268.4,0.3,4.1,3,2.4,-257.5,0.1,3.6,3,2.1,-256.6,0.3,3.6,3,2.1,-236.3,0.3,3.6,3,2.1,-232.6,1.5,3.6,3,2.2,-249.7,3.1,4.8,3,3.3,33.6,3.1,H1801000170,100,381486,6546,4355,4992,NaN,NaN,1930,NaN,34874,576,7833290,247208,55088,9822,89948,NaN,NaN,5756840,505082,653405,NaN,35095,4924,NaN,1689520,55477,348135,4294,722928,430404,0.886,0.015,0.01,0.012,0,0,0.58,277.33,71.83,7804.1,16814950,0.466,0.015,0.003,0.001,0,0,0.342,0.03,0.039,0,0,0,0.1,0.003,0,4.30994,10205.52
07CF8L4,59.25,59,0.5,EKT131,EKT131,fewer but still lots of aquatic moss macrofossils Some pull when sampling,4,1.013,8.7,NaN,NaN,NaN,NaN,NaN,NaN,NaN,NaN,NaN,NaN,NaN,NaN,NaN,NaN,NaN,NaN,NaN,NaN,NaN,NaN,NaN,NaN,NaN,NaN,NaN,NaN,NaN,NaN,NaN,NaN,NaN,NaN,NaN,NaN,NaN,NaN,NaN,NaN,NaN,NaN,NaN,NaN,NaN,NaN,NaN,NaN,NaN,NaN,NaN,NaN,NaN,NaN,NaN,NaN,NaN,NaN,NaN,NaN,H1801000107,100,606653,11192,7603,6970,NaN,3810,1037,3601,62205,1107,13903500,411739,101450,16160,143031,NaN,NaN,9786890,1134880,1110560,NaN,36045,15208,NaN,2706280,98646,416787,4190,NaN,689164,0.88,0.016,0.011,0.01,0,0.006,NaN,NaN,NaN,NaN,29289503,0.475,0.014,0.003,0.001,0,0,0.334,0.039,0.038,0,0.001,0,0.092,0.003,0,NaN,10235.6
07CF8L4,59.75,59.5,0.5,EKT130,EKT130,fewer but still lots of aquatic moss macrofossils Some pull when sampling,4,0.857,7,NaN,NaN,NaN,NaN,NaN,NaN,NaN,NaN,NaN,NaN,NaN,NaN,NaN,NaN,NaN,NaN,NaN,NaN,NaN,NaN,NaN,NaN,NaN,NaN,NaN,NaN,NaN,NaN,NaN,NaN,NaN,NaN,NaN,NaN,NaN,NaN,NaN,NaN,NaN,NaN,NaN,NaN,NaN,NaN,NaN,NaN,NaN,NaN,NaN,NaN,NaN,NaN,NaN,NaN,NaN,NaN,NaN,NaN,H1712000030,100,307839,5383,3762,3682,NaN,NaN,1611,NaN,29628,551,6163020,159198,36781,3274,59916,2600,NaN,3947330,463533,380465,NaN,17254,4261,NaN,1186200,42845,251620,2426,NaN,348694,0.883,0.015,0.011,0.011,0,0,NaN,NaN,NaN,NaN,12391932,0.497,0.013,0.003,0,0,0,0.319,0.037,0.031,0,0,0,0.096,0.003,0,NaN,10267.81
07CF8L4,60.25,60,0.5,EKT129,EKT129,fewer but still lots of aquatic moss macrofossils Some pull when sampling,4,0.813,7.7,NaN,NaN,NaN,NaN,NaN,NaN,NaN,NaN,NaN,NaN,NaN,NaN,NaN,NaN,NaN,NaN,NaN,NaN,NaN,NaN,NaN,NaN,NaN,NaN,NaN,NaN,NaN,NaN,NaN,NaN,NaN,NaN,NaN,NaN,NaN,NaN,NaN,NaN,NaN,NaN,NaN,NaN,NaN,NaN,NaN,NaN,NaN,NaN,NaN,NaN,NaN,NaN,NaN,NaN,NaN,NaN,NaN,NaN,NaN,NaN,NaN,NaN,NaN,NaN,NaN,NaN,NaN,NaN,NaN,NaN,NaN,NaN,NaN,NaN,NaN,NaN,NaN,NaN,NaN,NaN,NaN,NaN,NaN,NaN,NaN,NaN,NaN,NaN,NaN,NaN,NaN,NaN,NaN,NaN,NaN,NaN,NaN,NaN,NaN,NaN,NaN,NaN,NaN,NaN,NaN,NaN,NaN,NaN,NaN,NaN,NaN,NaN,NaN,NaN,NaN,NaN,NaN,10296.58
07CF8L4,60.75,60.5,0.5,EKT128,MCC178,fewer but still lots of aquatic moss macrofossils Some pull when sampling,4,0.921,8.39,NaN,NaN,NaN,NaN,NaN,NaN,NaN,NaN,NaN,NaN,NaN,NaN,NaN,NaN,NaN,NaN,NaN,NaN,NaN,NaN,NaN,NaN,NaN,5,10,MCC176 FAME,-246.8,6.7,3.9,3,4.5,-250.5,1.9,3.6,3,2.3,-250.8,2.1,6.4,3,3.9,-231.3,1.9,6.7,3,4,-233.8,0.4,3.7,3,2.1,-261.4,6.3,4.4,3,4.4,22.2,3.2,NaN,NaN,NaN,NaN,NaN,NaN,NaN,NaN,NaN,NaN,NaN,NaN,NaN,NaN,NaN,NaN,NaN,NaN,NaN,NaN,NaN,NaN,NaN,NaN,NaN,NaN,NaN,NaN,NaN,NaN,NaN,NaN,NaN,NaN,NaN,NaN,NaN,NaN,NaN,NaN,NaN,NaN,NaN,NaN,NaN,NaN,NaN,NaN,NaN,NaN,NaN,NaN,NaN,NaN,NaN,NaN,NaN,NaN,NaN,10328.85
07CF8L4,61.25,61,0.5,EKT127,MCC176,layers slightly curved because of drag from dense aquatic moss macrofossils,5,0.776,7.59,NaN,NaN,NaN,NaN,NaN,NaN,NaN,NaN,NaN,NaN,NaN,NaN,NaN,NaN,NaN,NaN,NaN,NaN,NaN,NaN,NaN,NaN,NaN,4,15,MCC177 FAME,-242.3,2.5,4.7,3,3.1,-253.8,0.3,2.9,2,2,-248.7,5.8,4.2,3,4.1,-238.2,NaN,2.2,1,NaN,-234.6,0.8,3.5,3,2.1,-248.2,5.9,5.1,3,4.5,25.8,2.9,H1801000167,100,1047850,20665,12671,12912,2013,NaN,6426,NaN,110718,5754,17634900,620463,60667,NaN,210728,2360,NaN,9541270,1311410,597498,NaN,NaN,11257,NaN,3564390,128352,654907,6051,754697,1204325,0.87,0.017,0.011,0.011,0.002,0,1.89,571.57,250.7,14778.6,33478618,0.527,0.019,0.002,0,0,0,0.285,0.039,0.018,0,0,0,0.106,0.004,0,4.766082,10354.51
07CF8L4,61.75,61.5,0.5,EKT126,EKT126,layers slightly curved because of drag from dense aquatic moss macrofossils,5,1.006,-4.1,NaN,NaN,NaN,NaN,NaN,NaN,NaN,NaN,NaN,NaN,NaN,NaN,NaN,NaN,NaN,NaN,NaN,NaN,NaN,NaN,NaN,NaN,NaN,NaN,NaN,NaN,NaN,NaN,NaN,NaN,NaN,NaN,NaN,NaN,NaN,NaN,NaN,NaN,NaN,NaN,NaN,NaN,NaN,NaN,NaN,NaN,NaN,NaN,NaN,NaN,NaN,NaN,NaN,NaN,NaN,NaN,NaN,NaN,H1801000100,100,592340,21627,15016,12715,2264,NaN,2697,7411,119186,1878,9729590,290275,28615,NaN,124182,3463,NaN,5351740,658916,189257,NaN,30960,10037,NaN,2213750,85147,343535,6088,NaN,750443,0.789,0.029,0.02,0.017,0.003,0,NaN,NaN,NaN,NaN,18566877,0.524,0.016,0.002,0,0,0,0.288,0.035,0.01,0,0.001,0,0.119,0.005,0,NaN,10385.21
07CF8L4,62.25,62,0.5,EKT125,MCC190,layers slightly curved because of drag from dense aquatic moss macrofossils,5,0.939,8.33,NaN,NaN,NaN,NaN,NaN,NaN,NaN,NaN,NaN,NaN,NaN,NaN,NaN,NaN,NaN,NaN,NaN,NaN,NaN,NaN,NaN,NaN,NaN,6,8,MCC190 FAME,-264.8,2.1,4.1,3,2.7,-267.3,0.7,3.6,3,2.1,-267.6,0.3,3.7,3,2.2,-243.3,0.7,3.9,3,2.3,-249.2,0.1,3.5,3,2,-267,0.7,4.1,3,2.4,24.8,2.9,H1712000025,100,1121580,49048,31655,32615,NaN,5895,6575,17226,307559,3950,19091800,600698,43593,NaN,202307,4895,NaN,10082300,1703530,359659,12188,53389,25362,NaN,4166940,161211,448325,10972,645543,1521327,0.737,0.032,0.021,0.021,0,0.004,5.07,597.93,805.99,11608.42,36263146,0.526,0.017,0.001,0,0,0,0.278,0.047,0.01,0,0.001,0,0.115,0.004,0,5.355924,10414.09
07CF8L4,62.75,62.5,0.5,EKT124,MCC179,layers slightly curved because of drag from dense aquatic moss macrofossils,5,0.649,5.22,NaN,NaN,NaN,NaN,NaN,NaN,NaN,NaN,NaN,NaN,NaN,NaN,NaN,NaN,NaN,NaN,NaN,NaN,NaN,NaN,NaN,NaN,NaN,8,12,MCC179 FAME,-264.9,3.9,4.1,3,3.3,-263.1,4.1,4.3,3,3.4,-266,0.4,4.3,3,2.5,-242.6,0.1,4.6,3,2.7,-243.5,0.8,4.5,3,2.6,-267.2,2.6,4.1,3,2.8,26.6,4.3,H1801000231,100,826755,38155,27156,22275,4855,NaN,4323,13926,220861,4011,12202500,481342,28728,NaN,169844,3082,NaN,7263070,1007500,242788,NaN,46334,22151,NaN,3010490,116149,249629,10790,711652,1116380,0.741,0.034,0.024,0.02,0.004,0,4.78,528.13,994.75,10086.97,24388590,0.5,0.02,0.001,0,0,0,0.298,0.041,0.01,0,0.001,0,0.123,0.005,0,5.871304,10446.1
07CF8L4,63.25,63,0.5,EKT123,MCC194,layers slightly curved because of drag from dense aquatic moss macrofossils,5,0.684,5.63,NaN,NaN,NaN,NaN,NaN,NaN,NaN,NaN,NaN,NaN,NaN,NaN,NaN,NaN,NaN,NaN,NaN,NaN,NaN,NaN,NaN,NaN,NaN,8,15,MCC194 FAME,-273.8,1.3,4,3,2.4,-265.2,1.8,4.7,3,2.9,-268.9,0.7,6,3,3.5,-241.2,0.3,6.7,3,3.9,-243.6,0.9,4.2,3,2.5,-253.1,1.4,4.2,3,2.5,29.5,3.8,H1801000214,100,1031280,33539,22948,21225,4070,NaN,3050,11627,210305,2972,13916700,563243,40367,NaN,155288,3281,NaN,7873840,1422380,309765,NaN,41748,23801,NaN,3085100,138167,303437,9817,794971,1302371,0.792,0.026,0.018,0.016,0.003,0,3.87,503.72,710.81,9205.27,27386460,0.508,0.021,0.001,0,0,0,0.288,0.052,0.011,0,0.001,0,0.113,0.005,0,5.327743,10478.26
07CF8L4,63.75,63.5,0.5,EKT122,MCC175,layers slightly curved because of drag from dense aquatic moss macrofossils,5,0.51,5.41,NaN,NaN,NaN,NaN,NaN,NaN,NaN,NaN,NaN,NaN,NaN,NaN,NaN,NaN,NaN,NaN,NaN,NaN,NaN,NaN,NaN,NaN,NaN,7,8,MCC175 FAME,-261.4,0.5,4.3,3,2.5,-256.8,1.6,4.2,3,2.6,-259,0.1,3.6,3,2.1,-235.9,0.1,3.6,3,2.1,-230.6,0.9,3.6,3,2.2,-253.4,0.2,4.4,3,2.5,35.3,3.4,H1801000165,100,1068210,9200,5987,7472,NaN,NaN,1307,NaN,49108,925,14586900,481644,24611,NaN,147011,NaN,NaN,6184180,881418,178834,NaN,23582,4312,NaN,2369550,109480,437850,6353,730785,1136223,0.94,0.008,0.005,0.007,0,0,1.32,666.43,160.7,16332.29,24827281,0.588,0.019,0.001,0,0,0,0.249,0.036,0.007,0,0,0,0.095,0.004,0,4.124236,10509.68
07CF8L4,64.25,64,0.5,EKT121,EKT121,layers slightly curved because of drag from dense aquatic moss macrofossils,5,0.453,2.8,NaN,NaN,NaN,NaN,NaN,NaN,NaN,NaN,NaN,NaN,NaN,NaN,NaN,NaN,NaN,NaN,NaN,NaN,NaN,NaN,NaN,NaN,NaN,NaN,NaN,NaN,NaN,NaN,NaN,NaN,NaN,NaN,NaN,NaN,NaN,NaN,NaN,NaN,NaN,NaN,NaN,NaN,NaN,NaN,NaN,NaN,NaN,NaN,NaN,NaN,NaN,NaN,NaN,NaN,NaN,NaN,NaN,NaN,H1801000097,100,469504,4059,3209,NaN,NaN,NaN,NaN,1504,19162,NaN,7700310,192665,14693,NaN,52247,NaN,NaN,3073890,370275,74782,NaN,15714,2853,NaN,1135850,43577,268319,2410,NaN,492726,0.953,0.008,0.007,0,0,0,NaN,NaN,NaN,NaN,12611306,0.611,0.015,0.001,0,0,0,0.244,0.029,0.006,0,0,0,0.09,0.003,0,NaN,10540.59
07CF8L4,64.75,64.5,0.5,EKT120,MCC182,layers slightly curved because of drag from dense aquatic moss macrofossils,5,0.796,8.4,NaN,NaN,NaN,NaN,NaN,NaN,NaN,NaN,NaN,NaN,NaN,NaN,NaN,NaN,NaN,NaN,NaN,NaN,NaN,NaN,NaN,NaN,NaN,5,12,MCC182 FAME,-254.6,6.4,4.4,3,4.5,-249.2,1,3.6,3,2.2,-248.1,2,6.3,3,3.8,-224,1.6,7.1,3,4.2,-221.6,0.4,3.7,3,2.2,-249.6,0.9,4.4,3,2.6,36.8,3.1,H1712000016,100,1213160,11528,8957,7791,NaN,NaN,3574,NaN,51280,1273,19878300,590351,33821,NaN,137308,3212,NaN,7826090,1510280,204052,NaN,6705,4561,NaN,2798960,102052,556777,5086,530892,1288605,0.941,0.009,0.007,0.006,0,0,1.21,779.59,211.89,16577.18,32956764,0.603,0.018,0.001,0,0,0,0.237,0.046,0.006,0,0,0,0.085,0.003,0,3.466197,10571.25
07CF8L4,65.25,65,0.5,EKT119,MCC192,slightly fewer aquatic moss macrofossils,5,1.014,9.6,NaN,NaN,NaN,NaN,NaN,NaN,NaN,NaN,NaN,NaN,NaN,NaN,NaN,NaN,NaN,NaN,NaN,NaN,NaN,NaN,NaN,NaN,NaN,5,NaN,MCC192 FAME,-255.3,4,3.7,3,3.1,-252.7,1.9,3.6,3,2.4,-254,1.7,6.7,3,4,-230.8,2.6,7.3,3,4.4,-228.1,1.3,3.8,3,2.3,-256.2,1.8,4.4,3,2.7,33,3.3,H1801000258,100,1352790,17431,11691,11140,1611,NaN,1468,4151,76528,959,22598800,819455,53986,NaN,229796,2304,NaN,9770270,1683190,271397,NaN,48303,7366,NaN,3855890,153266,708724,7576,714004,1460316,0.926,0.012,0.008,0.008,0.001,0,1.06,541.53,240.96,13624.24,39223499,0.576,0.021,0.001,0,0,0,0.249,0.043,0.007,0,0,0,0.098,0.004,0,4.32157,10603.78
07CF8L4,65.75,65.5,0.5,EKT118,EKT118,lots of aquatic moss macrofossils (hard to sample discreet 0.5 cm layers without drag),6,0.987,NaN,2.355,3.954,2.309,9.462,5.576,34.145,10.025,50.655,18.921,33.736,3.276,11.717,0.604,7.633,0.02,0.06,0.24,0.36,0.24,0.08,0,25.9,3.9,4,2,EKT118 FAME,-268,8.3,7,3,6.3,-266.6,1.3,5.6,3,3.3,-254.5,0.5,3.5,3,2.1,-235,0.3,3.5,3,2,-236.8,0.1,3.5,3,2,-247.5,2.5,5.8,3,3.7,40.7,3.9,H1801000209,100,884600,15687,9464,7310,1505,NaN,1199,3845,67292,1165,15799900,633949,45316,5488,124710,3862,NaN,7460350,1446990,214871,NaN,29595,11857,NaN,2987670,150882,451500,7994,498467,977253,0.905,0.016,0.01,0.007,0.002,0,1.37,584.75,301.12,12313.43,28769128,0.549,0.022,0.002,0,0,0,0.259,0.05,0.007,0,0,0,0.104,0.005,0,4.803058,10641.81
07CF8L4,66.25,66,0.5,EKT117,EKT117,lots of aquatic moss macrofossils (hard to sample discreet 0.5 cm layers without drag),6,0.793,NaN,NaN,NaN,NaN,NaN,NaN,NaN,NaN,NaN,NaN,NaN,NaN,NaN,NaN,NaN,NaN,NaN,NaN,NaN,NaN,NaN,NaN,NaN,NaN,NaN,NaN,NaN,NaN,NaN,NaN,NaN,NaN,NaN,NaN,NaN,NaN,NaN,NaN,NaN,NaN,NaN,NaN,NaN,NaN,NaN,NaN,NaN,NaN,NaN,NaN,NaN,NaN,NaN,NaN,NaN,NaN,NaN,NaN,NaN,H1801000169,100,934353,11257,7657,6180,1518,NaN,1067,3076,55566,825,14487000,521524,30442,30442,123596,NaN,NaN,6486910,937901,175183,NaN,25615,6184,NaN,2483610,132573,450344,6253,470317,1009248,0.926,0.011,0.008,0.006,0.002,0,1.49,678.73,328.7,16085.68,25298021,0.573,0.021,0.001,0.001,0,0,0.256,0.037,0.007,0,0,0,0.098,0.005,0,4.362839,10679.3
07CF8L4,66.75,66.5,0.5,EKT116,EKT116,lots of aquatic moss macrofossils (hard to sample discreet 0.5 cm layers without drag),6,0.848,NaN,1.793,4.08,2.014,9.548,4.356,27.686,7.246,40.772,12.543,34.116,2.972,13.988,0.573,3.12,0.03,0.07,0.2,0.3,0.25,0.1,0.05,26.1,4.9,3,3,EKT116 FAME,-253.1,6.1,4.6,3,4.4,-258.8,1.6,4.1,3,2.5,-246.6,0.7,3.6,3,2.1,-230.9,0.9,3.6,3,2.1,-230.6,0.4,3.6,3,2.1,-248.7,0.8,4.4,3,2.6,38,3.3,H1801000088,100,2084690,20422,12819,10099,1690,NaN,1953,4453,86773,1484,26294100,932488,63223,9542,235308,4076,NaN,12215800,1997580,346129,NaN,NaN,13495,NaN,4749040,261935,1026600,12624,752846,2205420,0.945,0.009,0.006,0.005,0.001,0,1.36,734.72,297.05,19768.65,46900032,0.561,0.02,0.001,0,0,0,0.26,0.043,0.007,0,0,0,0.101,0.006,0,4.596107,10720.94
07CF8L4,67.25,67,0.5,EKT115,EKT115,lots of aquatic moss macrofossils (hard to sample discreet 0.5 cm layers without drag),6,0.843,7.14,NaN,NaN,NaN,NaN,NaN,NaN,NaN,NaN,NaN,NaN,NaN,NaN,NaN,NaN,NaN,NaN,NaN,NaN,NaN,NaN,NaN,NaN,NaN,NaN,NaN,NaN,NaN,NaN,NaN,NaN,NaN,NaN,NaN,NaN,NaN,NaN,NaN,NaN,NaN,NaN,NaN,NaN,NaN,NaN,NaN,NaN,NaN,NaN,NaN,NaN,NaN,NaN,NaN,NaN,NaN,NaN,NaN,NaN,NaN,NaN,NaN,NaN,NaN,NaN,NaN,NaN,NaN,NaN,NaN,NaN,NaN,NaN,NaN,NaN,NaN,NaN,NaN,NaN,NaN,NaN,NaN,NaN,NaN,NaN,NaN,NaN,NaN,NaN,NaN,NaN,NaN,NaN,NaN,NaN,NaN,NaN,NaN,NaN,NaN,NaN,NaN,NaN,NaN,NaN,NaN,NaN,NaN,NaN,NaN,NaN,NaN,NaN,NaN,NaN,NaN,NaN,NaN,10759.15
07CF8L4,67.75,67.5,0.5,EKT114,MCC188,lots of aquatic moss macrofossils (hard to sample discreet 0.5 cm layers without drag),6,0.949,8.11,NaN,NaN,NaN,NaN,NaN,NaN,NaN,NaN,NaN,NaN,NaN,NaN,NaN,NaN,NaN,NaN,NaN,NaN,NaN,NaN,NaN,NaN,NaN,5,14,MCC188 FAME,-252.7,5.4,3.7,3,3.8,-260.6,1.1,3.7,3,2.2,-256.9,0.4,7.4,3,4.3,-233.3,0.4,7.7,3,4.4,-235.8,0.1,4.1,3,2.4,-261.8,2.3,4.4,3,2.9,33.6,3.2,H1801000240,100,1500570,12603,6228,7593,NaN,NaN,NaN,1664,32806,1273,16188100,776294,32123,NaN,163068,1985,NaN,7321290,1460590,189412,NaN,43742,7258,NaN,3006040,158119,569392,9500,669749,1554845,0.965,0.008,0.004,0.005,0,0,0.52,458.44,124.12,12206.87,29150712,0.555,0.027,0.001,0,0,0,0.251,0.05,0.006,0,0,0,0.103,0.005,0,4.798943,10799.53
07CF8L4,68.25,68,0.5,EKT113,EKT113,lots of aquatic moss macrofossils (hard to sample discreet 0.5 cm layers without drag),6,0.79,NaN,1.234,4.55,1.975,9.816,4.206,28.868,7.43,37.69,9.891,24.954,2.71,8.946,0.274,1.915,0.03,0.08,0.25,0.33,0.21,0.07,0.02,25.7,4.7,4,1,EKT113 FAME,-264.8,0.8,5.6,3,3.3,-266.2,1.6,3.5,3,2.2,-256.1,1,3.6,3,2.2,-233.2,1.4,3.7,3,2.3,-236.9,1.1,3.5,3,2.1,-244.6,1.4,5.7,3,3.4,39.9,3.1,H1801000225,100,1123100,5754,3365,3210,NaN,NaN,NaN,NaN,18753,771,11365500,610210,27861,NaN,106688,NaN,NaN,5819870,1141660,145678,NaN,28069,5015,NaN,2383670,119285,954999,6078,556314,1151589,0.975,0.005,0.003,0.003,0,0,0.43,491.92,76.54,24789.77,21624827,0.526,0.028,0.001,0,0,0,0.269,0.053,0.007,0,0,0,0.11,0.006,0,5.267715,10837.01
07CF8L4,68.75,68.5,0.5,EKT112,MCC198,some aquatic moss macrofossils,3,0.819,8.53,NaN,NaN,NaN,NaN,NaN,NaN,NaN,NaN,NaN,NaN,NaN,NaN,NaN,NaN,NaN,NaN,NaN,NaN,NaN,NaN,NaN,NaN,NaN,8,16,MCC198 FAME,-257,6.2,4.3,3,4.4,-259.3,1.3,4.5,3,2.7,-254.5,1.5,6.2,3,3.7,-234.9,1.5,6.5,3,3.8,-227.8,1.4,4.3,3,2.6,-252.4,1.1,4.1,3,2.4,42.5,3.7,H1801000183,100,2146120,11253,5927,6745,NaN,NaN,NaN,NaN,31862,3638,17389100,775192,28021,NaN,175929,3082,NaN,8096800,1648290,164379,NaN,45680,6026,NaN,3333330,113971,953316,5310,817158,2199618,0.976,0.005,0.003,0.003,0,0,0.48,471.71,88.58,17559,31563501,0.551,0.025,0.001,0,0,0,0.257,0.052,0.005,0,0,0,0.106,0.004,0,4.829281,10874.83
07CF8L4,69.25,69,0.5,EKT111,MCC172,some aquatic moss macrofossils,3,1.167,10.95,NaN,NaN,NaN,NaN,NaN,NaN,NaN,NaN,NaN,NaN,NaN,NaN,NaN,NaN,NaN,NaN,NaN,NaN,NaN,NaN,NaN,NaN,NaN,5,9,MCC172 FAME,-254.9,6.4,3.7,3,4.3,-260.3,1.5,3.7,3,2.3,-248.2,3.5,8,3,5,-228,0.6,7,3,4.1,-222.8,0.8,3.8,3,2.2,-252.2,2.3,4.6,3,3,50.6,3.2,H1801000083,100,2557580,16894,9687,10112,NaN,NaN,NaN,NaN,41842,1100,23556700,46516,187041,NaN,NaN,2871,NaN,10395300,2354120,218223,NaN,NaN,7411,NaN,4528330,131675,1173730,6347,885710,2627528,0.973,0.006,0.004,0.004,0,0,0.4,401.04,93.76,11360.36,41434534,0.569,0.001,0.005,0,0,0,0.251,0.057,0.005,0,0,0,0.109,0.003,0,4.914522,10910.35
07CF8L4,69.75,69.5,0.5,EKT110,MCC200,NaN,0,1.094,11.34,NaN,NaN,NaN,NaN,NaN,NaN,NaN,NaN,NaN,NaN,NaN,NaN,NaN,NaN,NaN,NaN,NaN,NaN,NaN,NaN,NaN,NaN,NaN,7,14,MCC200 FAME,-261.8,1.5,4,3,2.5,-260.5,0.9,3.6,3,2.1,-251.8,0.7,3.9,3,2.3,-231.8,0.9,3.8,3,2.3,-223,1.6,3.6,3,2.3,-253.3,2.6,4.5,3,3,50.8,3.1,H1801000035,100,2092900,13758,7240,6698,NaN,NaN,1244,1557,32025,1015,21881000,781544,32602,NaN,139316,3479,NaN,8355760,1856340,192153,12578,21028,6233,NaN,3313220,122237,922951,6121,666196,2147640,0.975,0.006,0.003,0.003,0,0,0.44,501.55,120.67,14860.04,36563268,0.598,0.021,0.001,0,0,0,0.229,0.051,0.005,0,0,0,0.091,0.003,0,3.875204,10947.68
07CF8L4,70.25,70,0.5,EKT109,MCC196,NaN,0,1.37,12.12,NaN,NaN,NaN,NaN,NaN,NaN,NaN,NaN,NaN,NaN,NaN,NaN,NaN,NaN,NaN,NaN,NaN,NaN,NaN,NaN,NaN,NaN,NaN,5,16,MCC196 FAME,-251.8,0.5,3.6,3,2.1,-258.1,1.2,3.8,3,2.3,-246,1.1,10.6,3,6.2,-226.3,0.9,8.3,3,4.8,-220.9,0.2,4,3,2.3,-253.1,6.6,4.3,3,4.6,50.1,3.2,H1801000252,100,2806010,13950,9406,8579,3383,NaN,NaN,NaN,36621,1063,29224300,1030820,50450,14486,NaN,2052,NaN,11595700,1854540,247476,18456,62223,8036,NaN,4414560,156430,1312730,6465,878355,2866224,0.979,0.005,0.003,0.003,0.001,0,0.3,403.99,106.26,11423.83,48623771,0.601,0.021,0.001,0,0,0,0.238,0.038,0.005,0,0,0,0.091,0.003,0,3.80093,10986.91
07CF8L4,70.75,70.5,0.5,EKT108,MCC164,NaN,0,1.555,11.2,NaN,NaN,NaN,NaN,NaN,NaN,NaN,NaN,NaN,NaN,NaN,NaN,NaN,NaN,NaN,NaN,NaN,NaN,NaN,NaN,NaN,NaN,NaN,NaN,NaN,NaN,NaN,NaN,NaN,NaN,NaN,NaN,NaN,NaN,NaN,NaN,NaN,NaN,NaN,NaN,NaN,NaN,NaN,NaN,NaN,NaN,NaN,NaN,NaN,NaN,NaN,NaN,NaN,NaN,NaN,NaN,NaN,NaN,H1801000223,100,2026610,14346,8799,8281,NaN,NaN,1624,1807,39170,NaN,30749100,1086770,36419,NaN,272109,2754,NaN,9423320,2116370,204680,NaN,62782,6573,NaN,3902410,131044,1120260,4029,674425,2090031,0.97,0.007,0.004,0.004,0,0,0.37,454.53,101.14,13876.51,47663470,0.645,0.023,0.001,0,0,0,0.198,0.044,0.004,0,0,0,0.082,0.003,0,3.275349,11025.35
07CF8L4,71.25,71,0.5,EKT107,MCC193,NaN,0,1.736,13.41,NaN,NaN,NaN,NaN,NaN,NaN,NaN,NaN,NaN,NaN,NaN,NaN,NaN,NaN,NaN,NaN,NaN,NaN,NaN,NaN,NaN,NaN,NaN,6,10,MCC193 FAME,-252.8,1.8,3.6,3,2.3,-262.5,0,3.6,3,2.1,-241.6,0.7,4.9,3,2.9,-229.1,0.2,4,3,2.3,-225,0.3,3.5,3,2,-256.3,0.6,4.3,3,2.5,50.8,2.9,H1801000175,100,1858250,24225,13125,14432,2394,NaN,3403,NaN,70386,1708,51770600,1432070,43048,NaN,233161,7156,NaN,12344300,2867850,209586,NaN,74168,8975,NaN,5206590,122851,1543150,6955,815680,1972403,0.942,0.012,0.007,0.007,0.001,0,0.5,522.78,109.61,13069.3,74019980,0.699,0.019,0.001,0,0,0,0.167,0.039,0.003,0,0,0,0.07,0.002,0,2.473942,11069.08
07CF8L4,71.75,71.5,0.5,EKT106,MCC170,NaN,0,1.164,12.07,NaN,NaN,NaN,NaN,NaN,NaN,NaN,NaN,NaN,NaN,NaN,NaN,NaN,NaN,NaN,NaN,NaN,NaN,NaN,NaN,NaN,NaN,NaN,NaN,NaN,NaN,NaN,NaN,NaN,NaN,NaN,NaN,NaN,NaN,NaN,NaN,NaN,NaN,NaN,NaN,NaN,NaN,NaN,NaN,NaN,NaN,NaN,NaN,NaN,NaN,NaN,NaN,NaN,NaN,NaN,NaN,NaN,NaN,H1801000085,100,1027750,11437,6406,8113,NaN,NaN,NaN,NaN,24941,670,24081200,795070,26173,NaN,NaN,54498,NaN,6703690,1411610,109198,NaN,NaN,4180,NaN,2535380,86754,902862,3558,533964,1072911,0.958,0.011,0.006,0.008,0,0,0.4,575.93,103.02,14520.23,35811310,0.672,0.022,0.001,0,0.002,0,0.187,0.039,0.003,0,0,0,0.071,0.002,0,2.570779,11117.12
07CF8L4,72.25,72,0.5,EKT105,MCC186,NaN,0,1.04,11.71,NaN,NaN,NaN,NaN,NaN,NaN,NaN,NaN,NaN,NaN,NaN,NaN,NaN,NaN,NaN,NaN,NaN,NaN,NaN,NaN,NaN,NaN,NaN,7,12,MCC186 FAME,-261.1,1.1,4,3,2.4,-256.7,0.5,3.6,3,2.1,-241.4,0.5,4.2,3,2.4,-226.8,1.6,3.8,3,2.4,-220.1,0.2,3.6,3,2.1,-246.9,6.2,4.6,3,4.4,49.2,3,H1801000014,100,1101100,7640,6964,5057,NaN,NaN,NaN,NaN,18114,NaN,17355900,744903,17848,NaN,NaN,5677,NaN,5732210,1426840,130408,NaN,NaN,3783,NaN,2253960,86602,852683,NaN,558186,1131911,0.973,0.007,0.006,0.004,0,0,0.31,478.28,119.99,14692.1,27758131,0.625,0.027,0.001,0,0,0,0.207,0.051,0.005,0,0,0,0.081,0.003,0,3.312911,11173.23
07CF8L4,72.75,72.5,0.5,EKT104,EKT104,NaN,0,1.107,9.2,NaN,NaN,NaN,NaN,NaN,NaN,NaN,NaN,NaN,NaN,NaN,NaN,NaN,NaN,NaN,NaN,NaN,NaN,NaN,NaN,NaN,NaN,NaN,NaN,NaN,NaN,NaN,NaN,NaN,NaN,NaN,NaN,NaN,NaN,NaN,NaN,NaN,NaN,NaN,NaN,NaN,NaN,NaN,NaN,NaN,NaN,NaN,NaN,NaN,NaN,NaN,NaN,NaN,NaN,NaN,NaN,NaN,NaN,H1801000256,100,594827,4637,3028,1732,NaN,2535,NaN,NaN,8511,NaN,9216630,306394,14324,3448,35747,NaN,NaN,3416130,715349,74070,NaN,25795,2287,NaN,1456320,49535,637562,3786,NaN,609707,0.976,0.008,0.005,0.003,0,0.004,NaN,NaN,NaN,NaN,15258272,0.604,0.02,0.001,0,0,0,0.224,0.047,0.005,0,0,0,0.095,0.003,0,NaN,11234.28
07CF8L4,73.25,73,0.5,EKT103,EKT103,NaN,0,1.31,14,NaN,NaN,NaN,NaN,NaN,NaN,NaN,NaN,NaN,NaN,NaN,NaN,NaN,NaN,NaN,NaN,NaN,NaN,NaN,NaN,NaN,NaN,NaN,NaN,NaN,NaN,NaN,NaN,NaN,NaN,NaN,NaN,NaN,NaN,NaN,NaN,NaN,NaN,NaN,NaN,NaN,NaN,NaN,NaN,NaN,NaN,NaN,NaN,NaN,NaN,NaN,NaN,NaN,NaN,NaN,NaN,NaN,NaN,H1801000218,100,810154,5792,NaN,3035,5116,NaN,NaN,NaN,8017,NaN,13185800,558448,26291,NaN,137214,NaN,NaN,5307380,1218790,NaN,NaN,126682,33922,NaN,2513790,84922,914919,4133,NaN,826998,0.98,0.007,0,0.004,0.006,0,NaN,NaN,NaN,NaN,22933476,0.575,0.024,0.001,0,0,0,0.231,0.053,0,0,0.001,0,0.11,0.004,0,NaN,11298.45
07CF8L4,73.75,73.5,0.5,EKT102,MCC168,NaN,0,0.993,12.51,NaN,NaN,NaN,NaN,NaN,NaN,NaN,NaN,NaN,NaN,NaN,NaN,NaN,NaN,NaN,NaN,NaN,NaN,NaN,NaN,NaN,NaN,NaN,NaN,NaN,NaN,NaN,NaN,NaN,NaN,NaN,NaN,NaN,NaN,NaN,NaN,NaN,NaN,NaN,NaN,NaN,NaN,NaN,NaN,NaN,NaN,NaN,NaN,NaN,NaN,NaN,NaN,NaN,NaN,NaN,NaN,NaN,NaN,H1801000166,100,885767,9803,5174,5547,3883,NaN,NaN,NaN,5676,1513,21905300,830582,43981,NaN,116256,NaN,NaN,7763800,1608200,190100,NaN,47523,7679,NaN,3141570,260534,1509600,5578,785398,908305,0.975,0.011,0.006,0.006,0.004,0,0.07,458.32,116.08,21448.33,35757323,0.613,0.023,0.001,0,0,0,0.217,0.045,0.005,0,0,0,0.088,0.007,0,3.921162,11369.28
07CF8L4,74.25,74,0.5,EKT101,EKT101,NaN,0,1.396,18.3,NaN,NaN,NaN,NaN,NaN,NaN,NaN,NaN,NaN,NaN,NaN,NaN,NaN,NaN,NaN,NaN,NaN,NaN,NaN,NaN,NaN,NaN,NaN,NaN,NaN,NaN,NaN,NaN,NaN,NaN,NaN,NaN,NaN,NaN,NaN,NaN,NaN,NaN,NaN,NaN,NaN,NaN,NaN,NaN,NaN,NaN,NaN,NaN,NaN,NaN,NaN,NaN,NaN,NaN,NaN,NaN,NaN,NaN,H1801000093,100,619054,4021,2110,3049,NaN,NaN,NaN,NaN,2672,NaN,15667700,450859,28850,4168,111244,NaN,NaN,6339200,1168890,158706,NaN,38286,5138,NaN,2633840,105084,744096,4328,NaN,628796,0.985,0.006,0.003,0.005,0,0,NaN,NaN,NaN,NaN,26566763,0.59,0.017,0.001,0,0,0,0.239,0.044,0.006,0,0,0,0.099,0.004,0,NaN,11434.01
07CF8L4,74.75,74.5,0.5,EKT100,MCC184,NaN,0,1.343,12.42,NaN,NaN,NaN,NaN,NaN,NaN,NaN,NaN,NaN,NaN,NaN,NaN,NaN,NaN,NaN,NaN,NaN,NaN,NaN,NaN,NaN,NaN,NaN,7,10,MCC184 FAME,-257.7,2.7,4,3,2.8,-251.6,0.8,3.6,3,2.1,-231.9,0.6,4.4,3,2.6,-225.6,0.8,4.2,3,2.4,-214.7,1.4,3.6,3,2.2,-235.8,4.9,4.5,3,3.8,49.2,3.1,H1712000015,100,801956,9705,7089,NaN,NaN,NaN,NaN,NaN,NaN,NaN,15478500,427342,29007,NaN,82601,2771,NaN,6586580,1075280,186232,NaN,NaN,3715,NaN,2295910,119249,NaN,4410,573516,811661,0.988,0.012,0.009,0,0,0,0,340.21,92.02,1072.21,26208996,0.591,0.016,0.001,0,0,0,0.251,0.041,0.007,0,0,0,0.088,0.005,0,3.677194,11504.85
07CF8L4,75.25,75,0.5,EKT099,EKT099,NaN,0,1.805,NaN,NaN,NaN,NaN,NaN,NaN,NaN,NaN,NaN,NaN,NaN,NaN,NaN,NaN,NaN,NaN,NaN,NaN,NaN,NaN,NaN,NaN,NaN,NaN,NaN,NaN,NaN,NaN,NaN,NaN,NaN,NaN,NaN,NaN,NaN,NaN,NaN,NaN,NaN,NaN,NaN,NaN,NaN,NaN,NaN,NaN,NaN,NaN,NaN,NaN,NaN,NaN,NaN,NaN,NaN,NaN,NaN,NaN,NaN,H1801000247,100,462318,3978,NaN,2101,NaN,NaN,NaN,NaN,1692,NaN,11129100,300533,24850,NaN,84735,NaN,NaN,4819120,658689,183210,NaN,31842,7495,NaN,2025010,141768,455656,5366,NaN,470089,0.983,0.008,0,0.004,0,0,NaN,NaN,NaN,NaN,19295141,0.577,0.016,0.001,0,0,0,0.25,0.034,0.009,0,0,0,0.105,0.007,0,NaN,11571.99
07CF8L4,75.75,75.5,0.5,EKT098,MCC174,NaN,0,1.844,7.94,NaN,NaN,NaN,NaN,NaN,NaN,NaN,NaN,NaN,NaN,NaN,NaN,NaN,NaN,NaN,NaN,NaN,NaN,NaN,NaN,NaN,NaN,NaN,6,7,MCC174 FAME,-267.1,1.4,4.1,3,2.5,-269.2,1.9,3.6,3,2.3,-237.2,1,4.3,3,2.6,-225.1,0.2,4.5,3,2.6,-225.6,1,3.6,3,2.2,-255.4,3.1,4.5,3,3.2,59.6,3.2,H1801000199,100,723263,9845,1680,4978,NaN,NaN,NaN,NaN,2285,NaN,13628800,320245,22464,4838,66865,2404,NaN,5766930,706122,157915,21642,NaN,5934,NaN,2222560,124193,331102,6860,636912,740371,0.977,0.013,0.002,0.007,0,0,0.02,195.72,14.3,3387.79,22990907,0.593,0.014,0.001,0,0,0,0.251,0.031,0.007,0.001,0,0,0.097,0.005,0,4.201192,11642.31
07CF8L4,76.25,76,0.5,EKT097,MCC165,aquatic moss macrofossils,2,2.066,8.62,NaN,NaN,NaN,NaN,NaN,NaN,NaN,NaN,NaN,NaN,NaN,NaN,NaN,NaN,NaN,NaN,NaN,NaN,NaN,NaN,NaN,NaN,NaN,NaN,NaN,NaN,NaN,NaN,NaN,NaN,NaN,NaN,NaN,NaN,NaN,NaN,NaN,NaN,NaN,NaN,NaN,NaN,NaN,NaN,NaN,NaN,NaN,NaN,NaN,NaN,NaN,NaN,NaN,NaN,NaN,NaN,NaN,NaN,H1801000161,100,979953,12228,2363,6502,NaN,NaN,NaN,NaN,NaN,NaN,13199200,390524,17101,NaN,87282,NaN,NaN,6784580,736062,137274,NaN,27915,6903,NaN,2646260,116695,448288,4975,823143,998683,0.981,0.012,0.002,0.007,0,0,0,141.37,13.9,3313.65,24039575,0.549,0.016,0.001,0,0,0,0.282,0.031,0.006,0,0,0,0.11,0.005,0,4.957207,11702.46
07CF8L4,76.75,76.5,0.5,EKT096,EKT096,aquatic moss macrofossils,2,1.337,9,NaN,NaN,NaN,NaN,NaN,NaN,NaN,NaN,NaN,NaN,NaN,NaN,NaN,NaN,NaN,NaN,NaN,NaN,NaN,NaN,NaN,NaN,NaN,NaN,NaN,NaN,NaN,NaN,NaN,NaN,NaN,NaN,NaN,NaN,NaN,NaN,NaN,NaN,NaN,NaN,NaN,NaN,NaN,NaN,NaN,NaN,NaN,NaN,NaN,NaN,NaN,NaN,NaN,NaN,NaN,NaN,NaN,NaN,NaN,NaN,NaN,NaN,NaN,NaN,NaN,NaN,NaN,NaN,NaN,NaN,NaN,NaN,NaN,NaN,NaN,NaN,NaN,NaN,NaN,NaN,NaN,NaN,NaN,NaN,NaN,NaN,NaN,NaN,NaN,NaN,NaN,NaN,NaN,NaN,NaN,NaN,NaN,NaN,NaN,NaN,NaN,NaN,NaN,NaN,NaN,NaN,NaN,NaN,NaN,NaN,NaN,NaN,NaN,NaN,NaN,NaN,NaN,11775.92
07CF8L4,77.25,77,0.5,EKT095,EKT095,aquatic moss macrofossils,2,1.817,NaN,3.6,5.208,3.051,24.849,11.107,111.603,22.041,51.254,16.293,60.365,5.727,14.381,1.044,8.392,0.02,0.09,0.42,0.19,0.23,0.05,0,25.3,4.7,1,1,EKT095 FAME,NaN,13.1,5.3,3,8.2,-273.6,1.9,4.8,3,3,-266.7,0.7,4,3,2.4,-245.2,0.4,3.9,3,2.2,-247.5,0.5,3.6,3,2.1,-250.4,0.6,4.7,3,2.8,35.9,3.6,H1712000008,100,743887,NaN,NaN,2651,NaN,NaN,NaN,NaN,2313,NaN,8760950,243638,16367,NaN,37535,2570,NaN,4970990,629102,95641,NaN,19678,13818,NaN,2007120,65021,254590,8208,474173,748851,0.993,0,0,0.004,0,0,0.03,195.2,0,3619.99,16813423,0.521,0.014,0.001,0,0,0,0.296,0.037,0.006,0,0.001,0,0.119,0.004,0,5.504847,11834.99
07CF8L4,77.75,77.5,0.5,EKT094,EKT094,aquatic moss macrofossils,2,1.167,NaN,3.324,4.18,2.722,23.149,11.594,92.059,14.544,68.864,10.333,38.134,4.151,10.422,0.639,6.954,0.01,0.09,0.38,0.28,0.16,0.04,0.03,25.2,5.8,3,2,EKT094 FAME,-281.8,2.6,4.5,3,3,-276.7,0.2,3.5,3,2,NaN,NaN,NaN,NaN,NaN,-245,0.5,3.6,3,2.1,-246.8,0.7,3.5,3,2.1,-263.8,1.1,4.4,3,2.6,41.3,2.9,H1801000237,100,868789,6248,2421,NaN,NaN,NaN,NaN,NaN,NaN,NaN,8038690,317781,11321,40232,40232,12174,NaN,4887740,610221,73522,NaN,23158,7728,NaN,1762270,55055,199845,3649,612235,875037,0.993,0.007,0.003,0,0,0,0,221.43,33.88,3684.3,15820383,0.508,0.02,0.001,0.003,0.001,0,0.309,0.039,0.005,0,0,0,0.111,0.003,0,5.064226,11894.53
07CF8L4,78.25,78,0.5,EKT093,EKT093,aquatic moss macrofossils,2,1.149,NaN,0.893,1.307,1.166,9.853,6.705,51.05,6.894,26.771,3.964,13.656,1.741,3.639,0.27,1.813,0.01,0.09,0.48,0.25,0.12,0.03,0.02,25,6,3,1,EKT093 FAME,-284.2,7.4,4.5,3,5,-275.7,0.8,3.6,3,2.1,NaN,NaN,NaN,NaN,NaN,-244.2,0.8,3.8,3,2.3,-241.7,0.6,3.6,3,2.1,-261.8,1.7,4.3,3,2.6,46.9,3,H1801000208,100,1019110,4645,2801,2298,NaN,NaN,NaN,NaN,NaN,NaN,7996880,284733,9717,2916,39517,NaN,NaN,4854460,734919,48186,NaN,NaN,7506,NaN,1851980,31424,271329,3483,628473,1026053,0.993,0.005,0.003,0.002,0,0,0,219.2,38.8,4305.41,15826205,0.505,0.018,0.001,0,0,0,0.307,0.046,0.003,0,0,0,0.117,0.002,0,5.33016,11959.46
07CF8L4,78.75,78.5,0.5,EKT092,MCC163,aquatic moss macrofossils,2,1.643,9.26,NaN,NaN,NaN,NaN,NaN,NaN,NaN,NaN,NaN,NaN,NaN,NaN,NaN,NaN,NaN,NaN,NaN,NaN,NaN,NaN,NaN,NaN,NaN,NaN,NaN,NaN,NaN,NaN,NaN,NaN,NaN,NaN,NaN,NaN,NaN,NaN,NaN,NaN,NaN,NaN,NaN,NaN,NaN,NaN,NaN,NaN,NaN,NaN,NaN,NaN,NaN,NaN,NaN,NaN,NaN,NaN,NaN,NaN,H18012000177,100,1192850,2161,2832,2983,NaN,NaN,NaN,NaN,NaN,NaN,8411030,375039,9013,NaN,58533,NaN,NaN,4680780,812542,51145,NaN,19372,4454,NaN,1656890,43552,183556,3480,635248,1197994,0.996,0.002,0.002,0.002,0,0,0,153.77,27.13,2505.27,16047926,0.524,0.023,0.001,0,0,0,0.292,0.051,0.003,0,0,0,0.103,0.003,0,4.611872,12021.27
07CF8L4,79.25,79,0.5,EKT091,MCC185,NaN,0,1.855,10.6,NaN,NaN,NaN,NaN,NaN,NaN,NaN,NaN,NaN,NaN,NaN,NaN,NaN,NaN,NaN,NaN,NaN,NaN,NaN,NaN,NaN,NaN,NaN,7,11,MCC185 FAME,-271.1,3.5,4.1,3,3.1,-271.4,1.4,3.6,3,2.2,NaN,NaN,NaN,NaN,NaN,-232.2,1.2,4.8,3,2.9,-232.8,1.5,3.6,3,2.3,-255,1.3,4.6,3,2.7,53,3.2,H1801000086,100,1511880,4060,4340,4521,NaN,NaN,NaN,NaN,2509,NaN,13537600,863663,18680,NaN,NaN,1357,NaN,8748850,2126380,93911,NaN,NaN,4641,NaN,3316870,145321,393790,14727,838535,1522970,0.993,0.003,0.003,0.003,0,0,0.02,185.58,27.9,2531.13,28872000,0.469,0.03,0.001,0,0,0,0.303,0.074,0.003,0,0,0,0.115,0.005,0.001,5.716796,12052.17
07CF8L4,79.75,79.5,0.5,EKT090,MCC180,NaN,0,2.21,8.43,NaN,NaN,NaN,NaN,NaN,NaN,NaN,NaN,NaN,NaN,NaN,NaN,NaN,NaN,NaN,NaN,NaN,NaN,NaN,NaN,NaN,NaN,NaN,7,9,MCC180 FAME,-268.5,1.9,4,3,2.6,-265.8,1,3.6,3,2.2,NaN,NaN,NaN,NaN,NaN,-231.1,1.4,5,3,3,-240.1,1.6,3.6,3,2.3,-250.6,2.2,4.5,3,2.9,35,3.1,NaN,NaN,NaN,NaN,NaN,NaN,NaN,NaN,NaN,NaN,NaN,NaN,NaN,NaN,NaN,NaN,NaN,NaN,NaN,NaN,NaN,NaN,NaN,NaN,NaN,NaN,NaN,NaN,NaN,NaN,NaN,NaN,NaN,NaN,NaN,NaN,NaN,NaN,NaN,NaN,NaN,NaN,NaN,NaN,NaN,NaN,NaN,NaN,NaN,NaN,NaN,NaN,NaN,NaN,NaN,NaN,NaN,NaN,NaN,12067.27
07CF8L4,80.25,80,0.5,EKT089,EKT089,NaN,0,1.824,NaN,0.414,1.246,0.687,3.555,2.074,23.896,4.898,22.82,2.718,8.436,0.865,1.675,0.129,1.278,0.01,0.05,0.4,0.38,0.13,0.02,0.01,25.3,7.3,5,1,EKT089 FAME,-279.9,1.6,4.8,3,2.9,-268.7,1.1,3.6,3,2.2,-256.6,0.6,10.2,3,5.9,-242.8,0.3,7.8,3,4.5,-243.9,0.8,3.8,3,2.2,-260.2,2.4,5.5,3,3.5,33.9,3.1,H1801000238,100,1054350,4278,3068,NaN,NaN,NaN,NaN,NaN,NaN,NaN,10768900,858961,17353,NaN,NaN,NaN,NaN,7452610,2416670,51438,NaN,NaN,NaN,NaN,3892730,74558,NaN,6096,622661,1058628,0.996,0.004,0.003,0,0,0,0,224.83,27.01,0,25539316,0.422,0.034,0.001,0,0,0,0.292,0.095,0.002,0,0,0,0.152,0.003,0,NaN,12078.46
07CF8L4,80.75,80.5,0.5,EKT088,EKT088,NaN,0,1.628,NaN,NaN,NaN,NaN,NaN,NaN,NaN,NaN,NaN,NaN,NaN,NaN,NaN,NaN,NaN,NaN,NaN,NaN,NaN,NaN,NaN,NaN,NaN,NaN,NaN,NaN,NaN,NaN,NaN,NaN,NaN,NaN,NaN,NaN,NaN,NaN,NaN,NaN,NaN,NaN,NaN,NaN,NaN,NaN,NaN,NaN,NaN,NaN,NaN,NaN,NaN,NaN,NaN,NaN,NaN,NaN,NaN,NaN,NaN,H1801000205,100,772797,2688,2903,NaN,NaN,NaN,NaN,NaN,1146,NaN,8215430,694552,18679,NaN,NaN,NaN,NaN,6181390,1926230,59913,NaN,NaN,NaN,NaN,2955160,81366,NaN,7564,NaN,776632,0.995,0.003,0.004,0,0,0,NaN,NaN,NaN,NaN,20140284,0.408,0.034,0.001,0,0,0,0.307,0.096,0.003,0,0,0,0.147,0.004,0,NaN,12088.75
07CF8L4,81.25,81,0.5,EKT087,EKT087,NaN,0,2.111,11.1,NaN,NaN,NaN,NaN,NaN,NaN,NaN,NaN,NaN,NaN,NaN,NaN,NaN,NaN,NaN,NaN,NaN,NaN,NaN,NaN,NaN,NaN,NaN,NaN,NaN,NaN,NaN,NaN,NaN,NaN,NaN,NaN,NaN,NaN,NaN,NaN,NaN,NaN,NaN,NaN,NaN,NaN,NaN,NaN,NaN,NaN,NaN,NaN,NaN,NaN,NaN,NaN,NaN,NaN,NaN,NaN,NaN,NaN,NaN,NaN,NaN,NaN,NaN,NaN,NaN,NaN,NaN,NaN,NaN,NaN,NaN,NaN,NaN,NaN,NaN,NaN,NaN,NaN,NaN,NaN,NaN,NaN,NaN,NaN,NaN,NaN,NaN,NaN,NaN,NaN,NaN,NaN,NaN,NaN,NaN,NaN,NaN,NaN,NaN,NaN,NaN,NaN,NaN,NaN,NaN,NaN,NaN,NaN,NaN,NaN,NaN,NaN,NaN,NaN,NaN,NaN,NaN,12099.91
07CF8L4,81.75,81.5,0.5,EKT086,EKT086,NaN,0,2.878,6.1,NaN,NaN,NaN,NaN,NaN,NaN,NaN,NaN,NaN,NaN,NaN,NaN,NaN,NaN,NaN,NaN,NaN,NaN,NaN,NaN,NaN,NaN,NaN,NaN,NaN,NaN,NaN,NaN,NaN,NaN,NaN,NaN,NaN,NaN,NaN,NaN,NaN,NaN,NaN,NaN,NaN,NaN,NaN,NaN,NaN,NaN,NaN,NaN,NaN,NaN,NaN,NaN,NaN,NaN,NaN,NaN,NaN,NaN,H1801000108,100,785524,7719,2450,NaN,NaN,NaN,NaN,NaN,2816,NaN,2111810,235650,12111,NaN,NaN,NaN,NaN,2895510,681681,49066,NaN,NaN,2252,NaN,1863680,61187,NaN,6152,NaN,796059,0.987,0.01,0.003,0,0,0,NaN,NaN,NaN,NaN,7919098,0.267,0.03,0.002,0,0,0,0.366,0.086,0.006,0,0,0,0.235,0.008,0.001,NaN,12111.54
